#node1	node2	node1_string_id	node2_string_id	neighborhood_on_chromosome	gene_fusion	phylogenetic_cooccurrence	homology	coexpression	experimentally_determined_interaction	database_annotated	automated_textmining	combined_score
ABCD1	ACOX3	9606.ENSP00000218104	9606.ENSP00000348775	0	0	0	0	0.105	0	0	0.434	0.472
ABCD1	ACAA1	9606.ENSP00000218104	9606.ENSP00000333664	0	0	0	0	0.111	0	0	0.445	0.486
ABCD1	ACOX1	9606.ENSP00000218104	9606.ENSP00000293217	0	0	0	0	0.111	0	0	0.541	0.575
ABCD1	ALDH3A2	9606.ENSP00000218104	9606.ENSP00000345774	0	0	0	0	0.092	0	0.500	0.189	0.600
ABCD1	SCP2	9606.ENSP00000218104	9606.ENSP00000360569	0	0	0	0	0.294	0.067	0	0.540	0.670
ABCD1	HSD17B4	9606.ENSP00000218104	9606.ENSP00000411960	0	0	0	0	0.298	0.073	0	0.567	0.694
ABCD1	ACSL1	9606.ENSP00000218104	9606.ENSP00000422607	0	0	0	0	0.100	0.100	0	0.662	0.703
ABCD1	AGPS	9606.ENSP00000218104	9606.ENSP00000264167	0	0	0	0	0	0.591	0	0.348	0.721
ABCD1	ACSL3	9606.ENSP00000218104	9606.ENSP00000350012	0	0	0	0	0.067	0.100	0	0.721	0.745
ABCD1	ABCD3	9606.ENSP00000218104	9606.ENSP00000359233	0	0	0.094	0.887	0.069	0.635	0.900	0.467	0.980
ABCD3	AGPS	9606.ENSP00000359233	9606.ENSP00000264167	0	0	0	0	0.063	0.258	0	0.454	0.587
ABCD3	ACOX1	9606.ENSP00000359233	9606.ENSP00000293217	0	0	0	0	0.149	0	0	0.800	0.823
ABCD3	HADHB	9606.ENSP00000359233	9606.ENSP00000325136	0	0	0	0	0.107	0	0	0.416	0.456
ABCD3	ACAA1	9606.ENSP00000359233	9606.ENSP00000333664	0	0	0	0	0.144	0	0	0.498	0.552
ABCD3	ALDH3A2	9606.ENSP00000359233	9606.ENSP00000345774	0	0	0	0	0.083	0	0.500	0.101	0.551
ABCD3	ACOX3	9606.ENSP00000359233	9606.ENSP00000348775	0	0	0	0	0.109	0	0	0.740	0.759
ABCD3	ACSL3	9606.ENSP00000359233	9606.ENSP00000350012	0	0	0	0	0.172	0.100	0	0.689	0.748
ABCD3	HSD17B4	9606.ENSP00000359233	9606.ENSP00000411960	0	0	0	0	0.238	0.067	0	0.556	0.657
ABCD3	ACSL1	9606.ENSP00000359233	9606.ENSP00000422607	0	0	0	0	0.067	0.100	0	0.651	0.682
ABCD3	SCP2	9606.ENSP00000359233	9606.ENSP00000360569	0	0	0	0	0.400	0.067	0	0.623	0.771
ABHD11	ACAD8	9606.ENSP00000222800	9606.ENSP00000281182	0	0	0	0	0.081	0.235	0.179	0.084	0.401
ABHD11	ATP5PO	9606.ENSP00000222800	9606.ENSP00000290299	0	0	0	0	0.049	0.319	0.146	0.073	0.418
ABHD11	ATP5F1B	9606.ENSP00000222800	9606.ENSP00000262030	0	0	0	0	0.062	0.319	0.118	0.090	0.419
ABHD11	DLAT	9606.ENSP00000222800	9606.ENSP00000280346	0	0	0	0	0.042	0.228	0.205	0.156	0.437
ABHD11	ATP5F1C	9606.ENSP00000222800	9606.ENSP00000349142	0	0	0	0	0.057	0.429	0.115	0.083	0.505
ABHD11	ATP5F1A	9606.ENSP00000222800	9606.ENSP00000381736	0	0	0	0	0.052	0.429	0.115	0.091	0.506
ACAA1	OXCT1	9606.ENSP00000333664	9606.ENSP00000196371	0.079	0.057	0	0	0.194	0	0.864	0.486	0.942
ACAA1	TECR	9606.ENSP00000333664	9606.ENSP00000215567	0	0	0	0	0.072	0	0	0.748	0.756
ACAA1	ACO2	9606.ENSP00000333664	9606.ENSP00000216254	0	0	0	0	0.148	0.091	0	0.325	0.432
ACAA1	MVK	9606.ENSP00000333664	9606.ENSP00000228510	0.093	0	0	0	0.107	0	0.449	0.396	0.695
ACAA1	ACSS2	9606.ENSP00000333664	9606.ENSP00000253382	0.055	0	0	0	0.290	0	0.836	0.339	0.918
ACAA1	FDX1	9606.ENSP00000333664	9606.ENSP00000260270	0.061	0	0	0	0.075	0	0	0.464	0.495
ACAA1	ALDH2	9606.ENSP00000333664	9606.ENSP00000261733	0	0	0	0	0.179	0	0.214	0.588	0.711
ACAA1	MECR	9606.ENSP00000333664	9606.ENSP00000263702	0.055	0	0	0	0.099	0	0	0.381	0.427
ACAA1	AGPS	9606.ENSP00000333664	9606.ENSP00000264167	0	0	0	0	0.043	0.211	0.500	0.537	0.802
ACAA1	SDHA	9606.ENSP00000333664	9606.ENSP00000264932	0	0	0	0	0.181	0	0.449	0.414	0.712
ACAA1	ACAT1	9606.ENSP00000333664	9606.ENSP00000265838	0	0	0.159	0.759	0.067	0.162	0.900	0.312	0.946
ACAA1	PFKL	9606.ENSP00000333664	9606.ENSP00000269848	0	0	0	0	0.082	0	0	0.382	0.409
ACAA1	DLAT	9606.ENSP00000333664	9606.ENSP00000280346	0.057	0	0	0	0.101	0	0.800	0.438	0.891
ACAA1	OXSM	9606.ENSP00000333664	9606.ENSP00000280701	0	0	0	0	0.062	0	0.136	0.385	0.458
ACAA1	ACAD8	9606.ENSP00000333664	9606.ENSP00000281182	0.054	0	0	0	0.352	0.051	0.216	0.202	0.570
ACAA1	ACOX1	9606.ENSP00000333664	9606.ENSP00000293217	0.054	0	0	0	0.641	0.180	0.932	0.945	0.998
ACAA1	BDH2	9606.ENSP00000333664	9606.ENSP00000296424	0.044	0	0	0	0.199	0.051	0.182	0.675	0.772
ACAA1	ALDH1A1	9606.ENSP00000333664	9606.ENSP00000297785	0	0	0	0	0.141	0	0.214	0.186	0.403
ACAA1	ECI1	9606.ENSP00000333664	9606.ENSP00000301729	0.054	0	0	0	0.356	0.296	0.411	0.414	0.825
ACAA1	ALDH5A1	9606.ENSP00000333664	9606.ENSP00000314649	0	0	0	0	0.112	0	0.214	0.359	0.513
ACAA1	CRAT	9606.ENSP00000333664	9606.ENSP00000315013	0	0	0	0	0.424	0.068	0	0.392	0.645
ACAA1	HADHB	9606.ENSP00000333664	9606.ENSP00000325136	0	0	0.136	0.790	0.126	0	0.900	0.441	0.952
ACAA1	DHRS4	9606.ENSP00000333664	9606.ENSP00000326219	0.044	0	0	0	0.212	0.051	0.182	0.274	0.498
ACAA1	DHRS1	9606.ENSP00000333664	9606.ENSP00000380027	0.044	0	0	0	0.211	0.051	0.182	0.165	0.422
ACAA1	PDHA1	9606.ENSP00000333664	9606.ENSP00000369134	0	0	0	0	0.080	0.074	0	0.386	0.432
ACAA1	ATP5F1A	9606.ENSP00000333664	9606.ENSP00000381736	0.055	0	0	0	0.107	0	0	0.386	0.437
ACAA1	PC	9606.ENSP00000333664	9606.ENSP00000498994	0	0	0	0	0.109	0	0	0.396	0.439
ACAA1	ETFB	9606.ENSP00000333664	9606.ENSP00000346173	0.102	0	0	0	0.315	0.090	0	0.240	0.517
ACAA1	MCCC2	9606.ENSP00000333664	9606.ENSP00000343657	0.079	0	0	0	0.250	0	0.177	0.266	0.527
ACAA1	ALDH3A2	9606.ENSP00000333664	9606.ENSP00000345774	0	0	0	0	0.123	0	0.214	0.456	0.593
ACAA1	ALDH9A1	9606.ENSP00000333664	9606.ENSP00000346827	0	0	0	0	0.164	0	0.214	0.452	0.608
ACAA1	DBI	9606.ENSP00000333664	9606.ENSP00000486361	0	0	0	0	0.393	0	0.185	0.306	0.627
ACAA1	ACSL3	9606.ENSP00000333664	9606.ENSP00000350012	0.057	0	0	0	0.123	0.066	0	0.586	0.638
ACAA1	CPT2	9606.ENSP00000333664	9606.ENSP00000360541	0	0	0	0	0.419	0.090	0	0.562	0.748
ACAA1	ACSL1	9606.ENSP00000333664	9606.ENSP00000422607	0.057	0	0	0	0.354	0.098	0	0.601	0.751
ACAA1	ACADM	9606.ENSP00000333664	9606.ENSP00000359871	0.054	0	0	0	0.338	0.051	0.216	0.657	0.811
ACAA1	DLST	9606.ENSP00000333664	9606.ENSP00000335304	0.057	0	0	0	0.106	0	0.800	0.229	0.852
ACAA1	SUCLA2	9606.ENSP00000333664	9606.ENSP00000494360	0.057	0	0	0	0.119	0	0.819	0.176	0.860
ACAA1	SUCLG2	9606.ENSP00000333664	9606.ENSP00000419325	0.057	0	0	0	0.124	0	0.819	0.211	0.866
ACAA1	ACSS3	9606.ENSP00000333664	9606.ENSP00000449535	0.055	0	0	0	0.247	0	0.836	0.219	0.897
ACAA1	SUCLG1	9606.ENSP00000333664	9606.ENSP00000377446	0.098	0	0	0	0.127	0.066	0.800	0.473	0.908
ACAA1	CS	9606.ENSP00000333664	9606.ENSP00000342056	0.060	0	0	0	0.221	0.071	0.854	0.509	0.942
ACAA1	ALDH6A1	9606.ENSP00000333664	9606.ENSP00000450436	0	0	0	0	0.156	0.100	0.900	0.444	0.952
ACAA1	ECHDC1	9606.ENSP00000333664	9606.ENSP00000436585	0.054	0	0	0	0.334	0.296	0.836	0.469	0.954
ACAA1	HMGCL	9606.ENSP00000333664	9606.ENSP00000363614	0.072	0	0	0	0.253	0	0.900	0.562	0.965
ACAA1	ECHS1	9606.ENSP00000333664	9606.ENSP00000357535	0.054	0	0	0	0.393	0.296	0.216	0.939	0.977
ACAA1	SCP2	9606.ENSP00000333664	9606.ENSP00000360569	0.057	0	0	0.574	0.336	0.243	0.921	0.598	0.982
ACAA1	ACADSB	9606.ENSP00000333664	9606.ENSP00000357873	0.054	0	0	0	0.697	0.051	0.918	0.684	0.991
ACAA1	ACOX3	9606.ENSP00000333664	9606.ENSP00000348775	0.054	0	0	0	0.335	0.051	0.918	0.917	0.995
ACAA1	HADHA	9606.ENSP00000333664	9606.ENSP00000370023	0.054	0.142	0	0	0.372	0.296	0.938	0.892	0.997
ACAA1	HSD17B4	9606.ENSP00000333664	9606.ENSP00000411960	0.057	0	0	0	0.887	0.234	0.921	0.920	0.999
ACAD8	OXCT1	9606.ENSP00000281182	9606.ENSP00000196371	0.057	0	0	0	0.122	0	0.265	0.174	0.431
ACAD8	PDHX	9606.ENSP00000281182	9606.ENSP00000227868	0	0	0	0	0.145	0	0.218	0.238	0.446
ACAD8	ACSS2	9606.ENSP00000281182	9606.ENSP00000253382	0.044	0	0	0	0.205	0	0.187	0.154	0.407
ACAD8	MCCC1	9606.ENSP00000281182	9606.ENSP00000265594	0.057	0	0	0	0.172	0.052	0.229	0.451	0.630
ACAD8	ACAT1	9606.ENSP00000281182	9606.ENSP00000265838	0.054	0	0	0	0.332	0.051	0.216	0.145	0.525
ACAD8	DLAT	9606.ENSP00000281182	9606.ENSP00000280346	0	0	0	0	0.133	0	0.218	0.214	0.421
ACAD8	ACSL3	9606.ENSP00000281182	9606.ENSP00000350012	0.050	0	0	0	0.147	0.071	0.189	0.185	0.412
ACAD8	ATP5PD	9606.ENSP00000281182	9606.ENSP00000301587	0	0	0	0	0.067	0.045	0	0.398	0.417
ACAD8	ACSL1	9606.ENSP00000281182	9606.ENSP00000422607	0.050	0	0	0	0.160	0.071	0.189	0.190	0.424
ACAD8	SUCLA2	9606.ENSP00000281182	9606.ENSP00000494360	0.042	0	0	0	0.169	0.069	0	0.316	0.425
ACAD8	DBI	9606.ENSP00000281182	9606.ENSP00000486361	0	0	0	0	0.300	0	0.165	0.100	0.428
ACAD8	ACSS3	9606.ENSP00000281182	9606.ENSP00000449535	0.044	0	0	0	0.191	0	0.187	0.209	0.437
ACAD8	ETHE1	9606.ENSP00000281182	9606.ENSP00000292147	0.053	0	0	0	0.116	0	0.106	0.376	0.470
ACAD8	PDHB	9606.ENSP00000281182	9606.ENSP00000307241	0.049	0	0	0	0.126	0.071	0.265	0.226	0.481
ACAD8	CPT2	9606.ENSP00000281182	9606.ENSP00000360541	0	0	0	0	0.219	0.095	0	0.340	0.493
ACAD8	ECI1	9606.ENSP00000281182	9606.ENSP00000301729	0.046	0	0	0	0.300	0.091	0.185	0.220	0.544
ACAD8	ALDH6A1	9606.ENSP00000281182	9606.ENSP00000450436	0	0	0	0	0.158	0.062	0	0.471	0.546
ACAD8	SUCLG1	9606.ENSP00000281182	9606.ENSP00000377446	0.045	0	0	0	0.148	0.073	0.312	0.299	0.570
ACAD8	SCP2	9606.ENSP00000281182	9606.ENSP00000360569	0.054	0	0	0	0.277	0.094	0.216	0.253	0.571
ACAD8	ECHDC1	9606.ENSP00000281182	9606.ENSP00000436585	0.046	0	0	0	0.308	0.091	0.215	0.243	0.579
ACAD8	HMGCL	9606.ENSP00000281182	9606.ENSP00000363614	0.057	0	0	0	0.141	0	0	0.542	0.597
ACAD8	HSD17B4	9606.ENSP00000281182	9606.ENSP00000411960	0.054	0	0	0	0.353	0.065	0.216	0.250	0.602
ACAD8	MCCC2	9606.ENSP00000281182	9606.ENSP00000343657	0.057	0.004	0	0	0.244	0	0.265	0.360	0.619
ACAD8	HADHB	9606.ENSP00000281182	9606.ENSP00000325136	0.054	0	0	0	0.337	0.095	0.216	0.437	0.704
ACAD8	ETFB	9606.ENSP00000281182	9606.ENSP00000346173	0.070	0	0	0	0.353	0.436	0.233	0.410	0.818
ACAD8	ACADSB	9606.ENSP00000281182	9606.ENSP00000357873	0	0	0.115	0.817	0.259	0.248	0.900	0.230	0.955
ACAD8	HADHA	9606.ENSP00000281182	9606.ENSP00000370023	0.046	0	0	0	0.308	0.091	0.915	0.361	0.961
ACAD8	ECHS1	9606.ENSP00000281182	9606.ENSP00000357535	0.046	0	0	0	0.300	0.091	0.918	0.352	0.962
ACADM	OXCT1	9606.ENSP00000359871	9606.ENSP00000196371	0.057	0	0	0	0.145	0	0.265	0.325	0.546
ACADM	ACO2	9606.ENSP00000359871	9606.ENSP00000216254	0	0	0	0	0.133	0.045	0	0.396	0.457
ACADM	PCK2	9606.ENSP00000359871	9606.ENSP00000216780	0	0	0	0	0.105	0	0	0.421	0.460
ACADM	PDHX	9606.ENSP00000359871	9606.ENSP00000227868	0	0	0	0	0.245	0	0.218	0.328	0.569
ACADM	ACSS2	9606.ENSP00000359871	9606.ENSP00000253382	0.044	0	0	0	0.189	0	0.187	0.291	0.494
ACADM	ALDH2	9606.ENSP00000359871	9606.ENSP00000261733	0.042	0	0	0	0.140	0	0.182	0.352	0.505
ACADM	ATP5F1B	9606.ENSP00000359871	9606.ENSP00000262030	0	0	0	0	0.129	0	0	0.356	0.415
ACADM	MECR	9606.ENSP00000359871	9606.ENSP00000263702	0.045	0	0	0	0.234	0.057	0.186	0.227	0.487
ACADM	SDHA	9606.ENSP00000359871	9606.ENSP00000264932	0	0	0	0	0.199	0	0	0.506	0.588
ACADM	MCCC1	9606.ENSP00000359871	9606.ENSP00000265594	0.057	0	0	0	0.219	0.052	0.229	0.275	0.539
ACADM	ACAT1	9606.ENSP00000359871	9606.ENSP00000265838	0.054	0	0	0	0.472	0.051	0.216	0.356	0.717
ACADM	MMUT	9606.ENSP00000359871	9606.ENSP00000274813	0	0	0	0	0.235	0.095	0	0.209	0.405
ACADM	DLAT	9606.ENSP00000359871	9606.ENSP00000280346	0	0	0	0	0.236	0	0.218	0.449	0.642
ACADM	ACOX1	9606.ENSP00000359871	9606.ENSP00000293217	0	0	0	0	0.148	0	0	0.802	0.824
ACADM	BDH2	9606.ENSP00000359871	9606.ENSP00000296424	0.042	0	0	0	0.341	0.091	0.174	0.216	0.560
ACADM	ECI1	9606.ENSP00000359871	9606.ENSP00000301729	0.046	0	0	0	0.306	0.099	0.185	0.534	0.732
ACADM	PDHB	9606.ENSP00000359871	9606.ENSP00000307241	0.049	0	0	0	0.142	0.074	0.265	0.346	0.570
ACADM	ACOT1	9606.ENSP00000359871	9606.ENSP00000311224	0	0	0	0	0.075	0	0	0.387	0.409
ACADM	ALDH5A1	9606.ENSP00000359871	9606.ENSP00000314649	0.042	0	0	0	0.160	0	0.182	0.197	0.401
ACADM	CRAT	9606.ENSP00000359871	9606.ENSP00000315013	0	0	0	0	0.232	0.094	0	0.328	0.492
ACADM	HADHB	9606.ENSP00000359871	9606.ENSP00000325136	0.054	0	0	0	0.432	0.099	0.216	0.746	0.886
ACADM	DLST	9606.ENSP00000359871	9606.ENSP00000335304	0	0	0	0	0.141	0	0.218	0.205	0.419
ACADM	CS	9606.ENSP00000359871	9606.ENSP00000342056	0.044	0	0	0	0.135	0.095	0	0.565	0.631
ACADM	MCCC2	9606.ENSP00000359871	9606.ENSP00000343657	0.057	0.004	0	0	0.255	0	0.265	0.250	0.561
ACADM	ALDH3A2	9606.ENSP00000359871	9606.ENSP00000345774	0.042	0	0	0	0.157	0	0.182	0.259	0.446
ACADM	ETFB	9606.ENSP00000359871	9606.ENSP00000346173	0.070	0	0	0	0.351	0.968	0.233	0.519	0.991
ACADM	ALDH9A1	9606.ENSP00000359871	9606.ENSP00000346827	0.042	0	0	0	0.375	0.162	0.182	0.383	0.701
ACADM	ACOX3	9606.ENSP00000359871	9606.ENSP00000348775	0	0	0	0	0.083	0	0	0.723	0.735
ACADM	ATP5F1C	9606.ENSP00000359871	9606.ENSP00000349142	0	0	0	0	0.201	0.187	0	0.150	0.400
ACADM	ACSL3	9606.ENSP00000359871	9606.ENSP00000350012	0.050	0	0	0	0.177	0.071	0.189	0.527	0.671
ACADM	ECHS1	9606.ENSP00000359871	9606.ENSP00000357535	0.046	0	0	0	0.325	0.204	0.215	0.712	0.863
ACADM	ACADSB	9606.ENSP00000359871	9606.ENSP00000357873	0	0	0.129	0.814	0.294	0.094	0	0.189	0.489
ACADM	OGDH	9606.ENSP00000359871	9606.ENSP00000388183	0	0	0	0	0.149	0	0	0.346	0.420
ACADM	AK2	9606.ENSP00000359871	9606.ENSP00000499935	0	0	0	0	0.120	0.045	0	0.369	0.424
ACADM	H6PD	9606.ENSP00000359871	9606.ENSP00000473348	0	0	0	0	0.140	0	0	0.375	0.440
ACADM	ESD	9606.ENSP00000359871	9606.ENSP00000367992	0	0	0	0	0.127	0.370	0	0.076	0.447
ACADM	PC	9606.ENSP00000359871	9606.ENSP00000498994	0.042	0	0	0	0.104	0	0.116	0.361	0.450
ACADM	ACSS3	9606.ENSP00000359871	9606.ENSP00000449535	0.044	0	0	0	0.195	0	0.187	0.231	0.455
ACADM	LDHA	9606.ENSP00000359871	9606.ENSP00000445175	0	0	0	0	0.076	0.191	0	0.339	0.464
ACADM	ALDH6A1	9606.ENSP00000359871	9606.ENSP00000450436	0	0	0	0	0.195	0.062	0	0.366	0.480
ACADM	CMPK1	9606.ENSP00000359871	9606.ENSP00000360939	0	0	0	0	0.130	0.045	0	0.429	0.484
ACADM	COX4I1	9606.ENSP00000359871	9606.ENSP00000457513	0	0	0	0	0.158	0	0	0.440	0.509
ACADM	PDHA1	9606.ENSP00000359871	9606.ENSP00000369134	0	0	0	0	0.164	0.161	0	0.359	0.511
ACADM	HMGCL	9606.ENSP00000359871	9606.ENSP00000363614	0.057	0	0	0	0.130	0	0	0.460	0.519
ACADM	DBI	9606.ENSP00000359871	9606.ENSP00000486361	0	0	0	0	0.360	0	0.165	0.258	0.569
ACADM	ECHDC1	9606.ENSP00000359871	9606.ENSP00000436585	0.046	0	0	0	0.331	0.091	0.215	0.309	0.628
ACADM	PGM1	9606.ENSP00000359871	9606.ENSP00000360124	0	0	0	0	0.095	0	0	0.659	0.679
ACADM	SUCLG1	9606.ENSP00000359871	9606.ENSP00000377446	0.045	0	0	0	0.277	0.073	0.312	0.391	0.683
ACADM	SUCLG2	9606.ENSP00000359871	9606.ENSP00000419325	0.042	0	0	0	0.311	0.408	0	0.304	0.692
ACADM	ACSL1	9606.ENSP00000359871	9606.ENSP00000422607	0.050	0	0	0	0.158	0.071	0.189	0.618	0.728
ACADM	SCP2	9606.ENSP00000359871	9606.ENSP00000360569	0.054	0	0	0	0.478	0.094	0.216	0.386	0.745
ACADM	HSD17B4	9606.ENSP00000359871	9606.ENSP00000411960	0.054	0	0	0	0.553	0.065	0.216	0.330	0.754
ACADM	SUCLA2	9606.ENSP00000359871	9606.ENSP00000494360	0.042	0	0	0	0.334	0.436	0	0.398	0.755
ACADM	CPT2	9606.ENSP00000359871	9606.ENSP00000360541	0	0	0	0	0.310	0.099	0	0.783	0.853
ACADM	HADHA	9606.ENSP00000359871	9606.ENSP00000370023	0.046	0	0	0	0.384	0.099	0.185	0.870	0.934
ACADSB	OXCT1	9606.ENSP00000357873	9606.ENSP00000196371	0.057	0.004	0	0	0.118	0	0.265	0.324	0.532
ACADSB	PDHX	9606.ENSP00000357873	9606.ENSP00000227868	0	0	0	0	0.132	0	0.218	0.193	0.405
ACADSB	ACSS2	9606.ENSP00000357873	9606.ENSP00000253382	0.044	0	0	0	0.195	0	0.187	0.243	0.463
ACADSB	ALDH2	9606.ENSP00000357873	9606.ENSP00000261733	0.042	0	0	0	0.217	0	0.182	0.244	0.474
ACADSB	MECR	9606.ENSP00000357873	9606.ENSP00000263702	0.045	0	0	0	0.082	0.057	0.915	0.199	0.933
ACADSB	SDHA	9606.ENSP00000357873	9606.ENSP00000264932	0	0	0	0	0.216	0	0	0.303	0.431
ACADSB	MCCC1	9606.ENSP00000357873	9606.ENSP00000265594	0.057	0	0	0	0.193	0.052	0.229	0.355	0.576
ACADSB	ACAT1	9606.ENSP00000357873	9606.ENSP00000265838	0.054	0	0	0	0.373	0.051	0.918	0.416	0.968
ACADSB	MMUT	9606.ENSP00000357873	9606.ENSP00000274813	0	0	0	0	0.155	0.067	0	0.341	0.435
ACADSB	DLAT	9606.ENSP00000357873	9606.ENSP00000280346	0	0	0	0	0.128	0	0.218	0.232	0.431
ACADSB	OXSM	9606.ENSP00000357873	9606.ENSP00000280701	0.070	0.036	0	0	0.060	0	0	0.382	0.413
ACADSB	ETHE1	9606.ENSP00000357873	9606.ENSP00000292147	0.053	0	0	0	0.109	0	0.106	0.688	0.733
ACADSB	ACOX1	9606.ENSP00000357873	9606.ENSP00000293217	0	0	0	0	0.168	0	0.900	0.457	0.950
ACADSB	BDH2	9606.ENSP00000357873	9606.ENSP00000296424	0.042	0	0	0	0.136	0.085	0.174	0.365	0.530
ACADSB	ECI1	9606.ENSP00000357873	9606.ENSP00000301729	0.046	0	0	0	0.308	0.094	0.426	0.456	0.779
ACADSB	PDHB	9606.ENSP00000357873	9606.ENSP00000307241	0.049	0	0	0	0.087	0.053	0.265	0.236	0.455
ACADSB	ALDH5A1	9606.ENSP00000357873	9606.ENSP00000314649	0.042	0	0	0	0.186	0	0.182	0.394	0.562
ACADSB	HADHB	9606.ENSP00000357873	9606.ENSP00000325136	0.054	0	0	0	0.347	0.051	0.918	0.767	0.986
ACADSB	MCCC2	9606.ENSP00000357873	9606.ENSP00000343657	0.057	0.158	0	0	0.301	0	0.265	0.413	0.717
ACADSB	ALDH3A2	9606.ENSP00000357873	9606.ENSP00000345774	0.042	0	0	0	0.160	0	0.182	0.287	0.468
ACADSB	ETFB	9606.ENSP00000357873	9606.ENSP00000346173	0.070	0	0	0	0.355	0.436	0.233	0.364	0.805
ACADSB	ALDH9A1	9606.ENSP00000357873	9606.ENSP00000346827	0.042	0	0	0	0.233	0	0.182	0.310	0.530
ACADSB	ACOX3	9606.ENSP00000357873	9606.ENSP00000348775	0	0	0	0.572	0.055	0	0.900	0.254	0.923
ACADSB	ACSL3	9606.ENSP00000357873	9606.ENSP00000350012	0.050	0	0	0	0.167	0.071	0.189	0.324	0.524
ACADSB	ECHS1	9606.ENSP00000357873	9606.ENSP00000357535	0.046	0	0	0	0.602	0.095	0.948	0.668	0.993
ACADSB	PDHA1	9606.ENSP00000357873	9606.ENSP00000369134	0	0	0	0	0.111	0.133	0	0.285	0.401
ACADSB	BCKDK	9606.ENSP00000357873	9606.ENSP00000378405	0	0	0	0	0.108	0	0	0.426	0.467
ACADSB	DBI	9606.ENSP00000357873	9606.ENSP00000486361	0	0	0	0	0.298	0	0.165	0.172	0.472
ACADSB	HMGCL	9606.ENSP00000357873	9606.ENSP00000363614	0.057	0	0	0	0.126	0	0	0.417	0.478
ACADSB	BDH1	9606.ENSP00000357873	9606.ENSP00000376184	0	0.001	0	0	0.273	0	0	0.357	0.513
ACADSB	SUCLG1	9606.ENSP00000357873	9606.ENSP00000377446	0.045	0	0	0	0.134	0.073	0.312	0.296	0.561
ACADSB	ACSL1	9606.ENSP00000357873	9606.ENSP00000422607	0.050	0	0	0	0.200	0.071	0.214	0.364	0.583
ACADSB	ACSS3	9606.ENSP00000357873	9606.ENSP00000449535	0.044	0	0	0	0.205	0	0.187	0.405	0.584
ACADSB	HSD17B4	9606.ENSP00000357873	9606.ENSP00000411960	0.054	0	0	0	0.312	0.065	0.216	0.303	0.607
ACADSB	SCP2	9606.ENSP00000357873	9606.ENSP00000360569	0.054	0	0	0	0.310	0.094	0.216	0.294	0.613
ACADSB	CPT2	9606.ENSP00000357873	9606.ENSP00000360541	0	0	0	0	0.234	0.094	0	0.489	0.615
ACADSB	ALDH6A1	9606.ENSP00000357873	9606.ENSP00000450436	0	0	0	0	0.341	0.062	0	0.636	0.755
ACADSB	ECHDC1	9606.ENSP00000357873	9606.ENSP00000436585	0.046	0	0	0	0.385	0.091	0.503	0.650	0.890
ACADSB	HADHA	9606.ENSP00000357873	9606.ENSP00000370023	0.046	0	0	0	0.319	0.094	0.940	0.694	0.987
ACAT1	OXCT1	9606.ENSP00000265838	9606.ENSP00000196371	0.079	0.009	0	0	0.220	0	0.932	0.760	0.986
ACAT1	ACO2	9606.ENSP00000265838	9606.ENSP00000216254	0	0	0	0	0.131	0.398	0	0.388	0.652
ACAT1	PDHX	9606.ENSP00000265838	9606.ENSP00000227868	0.057	0	0	0	0.298	0	0	0.323	0.513
ACAT1	MVK	9606.ENSP00000265838	9606.ENSP00000228510	0.093	0	0	0	0.080	0	0.449	0.793	0.892
ACAT1	TPI1	9606.ENSP00000265838	9606.ENSP00000229270	0	0	0	0	0.100	0	0	0.365	0.405
ACAT1	ACSS2	9606.ENSP00000265838	9606.ENSP00000253382	0.055	0	0	0	0.247	0	0.918	0.404	0.960
ACAT1	ALDH2	9606.ENSP00000265838	9606.ENSP00000261733	0	0	0	0	0.143	0	0.214	0.189	0.406
ACAT1	SDHA	9606.ENSP00000265838	9606.ENSP00000264932	0	0	0	0	0.250	0.205	0.449	0.362	0.762
ACAT1	MCCC1	9606.ENSP00000265838	9606.ENSP00000265594	0.061	0	0	0	0.161	0.094	0.154	0.163	0.402
ACAT1	PC	9606.ENSP00000265838	9606.ENSP00000498994	0	0	0	0	0.053	0	0	0.397	0.405
ACAT1	PRDX3	9606.ENSP00000265838	9606.ENSP00000298510	0	0	0	0	0.367	0	0	0.115	0.416
ACAT1	PKM	9606.ENSP00000265838	9606.ENSP00000320171	0	0	0	0	0.098	0.162	0	0.293	0.419
ACAT1	ACSL3	9606.ENSP00000265838	9606.ENSP00000350012	0.057	0	0	0	0.125	0.066	0	0.337	0.422
ACAT1	GLUD1	9606.ENSP00000265838	9606.ENSP00000277865	0.052	0	0	0	0.204	0	0	0.297	0.423
ACAT1	ME2	9606.ENSP00000265838	9606.ENSP00000321070	0.050	0	0	0	0.060	0	0.286	0.206	0.426
ACAT1	ACSL1	9606.ENSP00000265838	9606.ENSP00000422607	0.057	0	0	0	0.122	0.066	0	0.348	0.428
ACAT1	H6PD	9606.ENSP00000265838	9606.ENSP00000473348	0	0	0	0	0.065	0	0	0.415	0.430
ACAT1	ACO1	9606.ENSP00000265838	9606.ENSP00000309477	0	0	0	0	0.163	0.096	0	0.336	0.454
ACAT1	ALDH3A2	9606.ENSP00000265838	9606.ENSP00000345774	0	0	0	0	0.136	0	0.214	0.264	0.457
ACAT1	PDP1	9606.ENSP00000265838	9606.ENSP00000379503	0	0	0	0	0.054	0.304	0	0.261	0.471
ACAT1	ALDH9A1	9606.ENSP00000265838	9606.ENSP00000346827	0	0	0	0	0.157	0	0.214	0.271	0.475
ACAT1	MCCC2	9606.ENSP00000265838	9606.ENSP00000343657	0.079	0	0	0	0.258	0	0.177	0.181	0.478
ACAT1	ALDH5A1	9606.ENSP00000265838	9606.ENSP00000314649	0	0	0	0	0.118	0	0.214	0.310	0.481
ACAT1	PDHB	9606.ENSP00000265838	9606.ENSP00000307241	0.072	0	0	0	0.361	0	0	0.210	0.491
ACAT1	OXSM	9606.ENSP00000265838	9606.ENSP00000280701	0	0	0	0	0.067	0	0.136	0.420	0.492
ACAT1	CPT2	9606.ENSP00000265838	9606.ENSP00000360541	0	0	0	0	0.215	0.090	0	0.347	0.493
ACAT1	BDH2	9606.ENSP00000265838	9606.ENSP00000296424	0.044	0	0	0	0.085	0.051	0.182	0.374	0.498
ACAT1	CRAT	9606.ENSP00000265838	9606.ENSP00000315013	0	0	0	0	0.237	0.068	0	0.374	0.516
ACAT1	DBI	9606.ENSP00000265838	9606.ENSP00000486361	0	0	0	0	0.395	0	0.185	0.102	0.518
ACAT1	ACSS3	9606.ENSP00000265838	9606.ENSP00000449535	0.055	0	0	0	0.262	0	0.217	0.260	0.542
ACAT1	ETFB	9606.ENSP00000265838	9606.ENSP00000346173	0.102	0	0	0	0.252	0.090	0	0.387	0.575
ACAT1	HSD17B4	9606.ENSP00000265838	9606.ENSP00000411960	0.057	0	0	0	0.352	0.050	0.248	0.221	0.598
ACAT1	LSS	9606.ENSP00000265838	9606.ENSP00000380837	0	0	0	0	0.128	0	0	0.567	0.606
ACAT1	IDI1	9606.ENSP00000265838	9606.ENSP00000370748	0	0	0	0	0.122	0	0	0.607	0.641
ACAT1	PDHA1	9606.ENSP00000265838	9606.ENSP00000369134	0	0	0	0	0.283	0.359	0	0.345	0.673
ACAT1	FDPS	9606.ENSP00000265838	9606.ENSP00000349078	0	0	0	0	0.083	0	0	0.675	0.689
ACAT1	ECI1	9606.ENSP00000265838	9606.ENSP00000301729	0.054	0	0	0	0.363	0.296	0.216	0.218	0.692
ACAT1	ECHDC1	9606.ENSP00000265838	9606.ENSP00000436585	0.054	0	0	0	0.365	0.296	0.216	0.265	0.712
ACAT1	SCP2	9606.ENSP00000265838	9606.ENSP00000360569	0.057	0	0	0	0.370	0.053	0.248	0.448	0.724
ACAT1	GGPS1	9606.ENSP00000265838	9606.ENSP00000282841	0	0	0	0	0.049	0	0	0.733	0.735
ACAT1	BDH1	9606.ENSP00000265838	9606.ENSP00000376184	0	0	0	0	0.083	0	0	0.734	0.746
ACAT1	DLST	9606.ENSP00000265838	9606.ENSP00000335304	0.057	0	0	0	0.123	0.074	0.800	0.156	0.847
ACAT1	ECHS1	9606.ENSP00000265838	9606.ENSP00000357535	0.054	0	0	0	0.364	0.296	0.216	0.619	0.850
ACAT1	SUCLG2	9606.ENSP00000265838	9606.ENSP00000419325	0.057	0	0	0	0.147	0	0.819	0.191	0.867
ACAT1	SUCLA2	9606.ENSP00000265838	9606.ENSP00000494360	0.057	0	0	0	0.180	0	0.819	0.259	0.883
ACAT1	SUCLG1	9606.ENSP00000265838	9606.ENSP00000377446	0.098	0	0	0	0.233	0.066	0.800	0.390	0.907
ACAT1	ALDH6A1	9606.ENSP00000265838	9606.ENSP00000450436	0	0	0	0	0.173	0.113	0.900	0.259	0.938
ACAT1	HADHB	9606.ENSP00000265838	9606.ENSP00000325136	0	0	0.151	0.764	0.209	0	0.900	0.269	0.944
ACAT1	DLAT	9606.ENSP00000265838	9606.ENSP00000280346	0.057	0	0	0	0.365	0	0.900	0.256	0.949
ACAT1	ACOX3	9606.ENSP00000265838	9606.ENSP00000348775	0.054	0	0	0	0.342	0.051	0.918	0.335	0.962
ACAT1	ACOX1	9606.ENSP00000265838	9606.ENSP00000293217	0.054	0	0	0	0.342	0.051	0.918	0.440	0.968
ACAT1	HMGCL	9606.ENSP00000265838	9606.ENSP00000363614	0.072	0	0	0	0.220	0	0.900	0.661	0.972
ACAT1	CS	9606.ENSP00000265838	9606.ENSP00000342056	0.060	0	0	0	0.220	0.187	0.927	0.561	0.977
ACAT1	HADHA	9606.ENSP00000265838	9606.ENSP00000370023	0.054	0.026	0	0	0.414	0.296	0.918	0.862	0.994
ACO1	PYGM	9606.ENSP00000309477	9606.ENSP00000164139	0.042	0	0	0	0.055	0	0	0.413	0.423
ACO1	UQCRC1	9606.ENSP00000309477	9606.ENSP00000203407	0	0	0	0	0.135	0.128	0	0.524	0.610
ACO1	ACO2	9606.ENSP00000309477	9606.ENSP00000216254	0	0	0	0.651	0.054	0	0.913	0.358	0.943
ACO1	PCK2	9606.ENSP00000309477	9606.ENSP00000216780	0	0	0	0	0.103	0	0	0.486	0.520
ACO1	IDH3G	9606.ENSP00000309477	9606.ENSP00000217901	0.091	0	0	0	0.125	0.092	0.937	0.544	0.975
ACO1	AK1	9606.ENSP00000309477	9606.ENSP00000223836	0	0	0	0	0.057	0	0	0.560	0.568
ACO1	PDHX	9606.ENSP00000309477	9606.ENSP00000227868	0	0	0	0	0.219	0.071	0	0.308	0.454
ACO1	TPI1	9606.ENSP00000309477	9606.ENSP00000229270	0.045	0	0	0	0.081	0.095	0	0.693	0.724
ACO1	ACSS2	9606.ENSP00000309477	9606.ENSP00000253382	0.057	0	0	0	0.173	0	0.184	0.438	0.595
ACO1	MRPS25	9606.ENSP00000309477	9606.ENSP00000253686	0	0	0	0	0.128	0.401	0	0	0.455
ACO1	FDX1	9606.ENSP00000309477	9606.ENSP00000260270	0	0	0	0	0.093	0	0	0.522	0.549
ACO1	ALDH2	9606.ENSP00000309477	9606.ENSP00000261733	0.042	0.002	0	0	0.085	0.084	0	0.484	0.531
ACO1	SDHA	9606.ENSP00000309477	9606.ENSP00000264932	0.098	0	0	0	0.392	0.104	0	0.731	0.850
ACO1	PFKL	9606.ENSP00000309477	9606.ENSP00000269848	0.042	0	0	0	0.068	0.065	0	0.395	0.428
ACO1	GLUD1	9606.ENSP00000309477	9606.ENSP00000277865	0	0	0	0	0.143	0.063	0	0.541	0.599
ACO1	DLAT	9606.ENSP00000309477	9606.ENSP00000280346	0	0	0	0	0.191	0.071	0	0.481	0.576
ACO1	NUBP1	9606.ENSP00000309477	9606.ENSP00000283027	0	0	0	0	0.042	0	0	0.501	0.501
ACO1	RPIA	9606.ENSP00000309477	9606.ENSP00000283646	0	0	0	0	0.042	0	0	0.561	0.562
ACO1	HK2	9606.ENSP00000309477	9606.ENSP00000290573	0	0	0	0	0.067	0	0	0.430	0.446
ACO1	ACOX1	9606.ENSP00000309477	9606.ENSP00000293217	0	0	0	0	0.180	0.045	0	0.433	0.517
ACO1	ALDH1A1	9606.ENSP00000309477	9606.ENSP00000297785	0.042	0.002	0	0	0.060	0.084	0	0.499	0.532
ACO1	PRDX3	9606.ENSP00000309477	9606.ENSP00000298510	0.051	0	0	0	0.122	0	0	0.390	0.447
ACO1	ATP5MG	9606.ENSP00000309477	9606.ENSP00000300688	0	0	0	0	0.115	0.091	0	0.471	0.537
ACO1	ECI1	9606.ENSP00000309477	9606.ENSP00000301729	0	0	0	0	0.111	0.299	0	0.254	0.494
ACO1	PDHB	9606.ENSP00000309477	9606.ENSP00000307241	0	0	0	0	0.130	0.073	0	0.483	0.547
ACO1	PFKP	9606.ENSP00000309477	9606.ENSP00000370517	0.042	0	0	0	0.075	0.065	0	0.364	0.403
ACO1	ALDH5A1	9606.ENSP00000309477	9606.ENSP00000314649	0.042	0.001	0	0	0.057	0.084	0	0.372	0.411
ACO1	OAT	9606.ENSP00000309477	9606.ENSP00000357838	0.052	0	0	0	0.112	0	0	0.363	0.417
ACO1	ENO2	9606.ENSP00000309477	9606.ENSP00000437402	0	0	0	0	0.082	0.070	0	0.393	0.437
ACO1	ME2	9606.ENSP00000309477	9606.ENSP00000321070	0.042	0	0	0	0.067	0	0	0.428	0.444
ACO1	ALDOA	9606.ENSP00000309477	9606.ENSP00000496166	0	0	0	0	0.093	0.094	0	0.379	0.445
ACO1	PARK7	9606.ENSP00000309477	9606.ENSP00000340278	0	0	0	0	0.119	0.117	0	0.351	0.451
ACO1	ACSL3	9606.ENSP00000309477	9606.ENSP00000350012	0	0	0	0	0.067	0.069	0	0.429	0.461
ACO1	ECHDC1	9606.ENSP00000309477	9606.ENSP00000436585	0	0	0	0	0.127	0.299	0	0.197	0.465
ACO1	HADHB	9606.ENSP00000309477	9606.ENSP00000325136	0	0	0	0	0.132	0.091	0	0.381	0.469
ACO1	ALDH9A1	9606.ENSP00000309477	9606.ENSP00000346827	0.042	0.003	0	0	0.140	0.084	0	0.380	0.470
ACO1	GBE1	9606.ENSP00000309477	9606.ENSP00000410833	0.055	0	0	0	0.117	0.272	0	0.247	0.482
ACO1	PDHA1	9606.ENSP00000309477	9606.ENSP00000369134	0	0	0	0	0.131	0	0	0.436	0.489
ACO1	ACSL1	9606.ENSP00000309477	9606.ENSP00000422607	0	0	0	0	0.065	0.069	0	0.461	0.491
ACO1	CIAO1	9606.ENSP00000309477	9606.ENSP00000418287	0	0	0	0	0.060	0	0	0.488	0.498
ACO1	HK1	9606.ENSP00000309477	9606.ENSP00000494664	0	0	0	0	0.074	0	0	0.487	0.505
ACO1	PKM	9606.ENSP00000309477	9606.ENSP00000320171	0.054	0	0	0	0.110	0.071	0	0.458	0.519
ACO1	HADHA	9606.ENSP00000309477	9606.ENSP00000370023	0	0	0	0	0.133	0.299	0	0.294	0.533
ACO1	PGM1	9606.ENSP00000309477	9606.ENSP00000360124	0	0	0	0	0.118	0	0	0.506	0.546
ACO1	ATP5F1A	9606.ENSP00000309477	9606.ENSP00000381736	0	0	0	0	0.179	0.071	0	0.465	0.556
ACO1	GLRX	9606.ENSP00000309477	9606.ENSP00000369314	0.102	0	0	0	0.058	0	0	0.520	0.559
ACO1	PGK1	9606.ENSP00000309477	9606.ENSP00000362413	0	0	0	0	0.049	0	0	0.564	0.567
ACO1	G6PD	9606.ENSP00000309477	9606.ENSP00000377192	0	0	0	0	0.058	0	0	0.561	0.569
ACO1	LDHA	9606.ENSP00000309477	9606.ENSP00000445175	0.058	0	0	0	0.173	0.096	0	0.468	0.576
ACO1	CISD1	9606.ENSP00000309477	9606.ENSP00000363041	0	0	0	0	0.056	0.106	0	0.546	0.584
ACO1	ENO1	9606.ENSP00000309477	9606.ENSP00000495530	0	0	0	0	0.090	0.102	0	0.555	0.605
ACO1	TKT	9606.ENSP00000309477	9606.ENSP00000391481	0	0	0	0	0.147	0.071	0	0.566	0.626
ACO1	ECHS1	9606.ENSP00000309477	9606.ENSP00000357535	0	0	0	0	0.177	0.299	0	0.446	0.653
ACO1	TALDO1	9606.ENSP00000309477	9606.ENSP00000321259	0.041	0	0	0	0.069	0.094	0	0.627	0.658
ACO1	H6PD	9606.ENSP00000309477	9606.ENSP00000473348	0.061	0	0	0	0.083	0	0	0.649	0.671
ACO1	DLST	9606.ENSP00000309477	9606.ENSP00000335304	0	0	0	0	0.139	0.071	0	0.635	0.682
ACO1	SUCLG2	9606.ENSP00000309477	9606.ENSP00000419325	0.091	0	0	0	0.116	0.095	0.394	0.393	0.684
ACO1	GPX7	9606.ENSP00000309477	9606.ENSP00000354677	0	0	0	0	0	0	0	0.685	0.685
ACO1	PC	9606.ENSP00000309477	9606.ENSP00000498994	0.070	0	0	0	0.130	0	0	0.693	0.730
ACO1	SUCLA2	9606.ENSP00000309477	9606.ENSP00000494360	0.091	0	0	0	0.115	0.095	0.394	0.586	0.784
ACO1	OGDH	9606.ENSP00000309477	9606.ENSP00000388183	0.045	0	0	0	0.206	0.108	0	0.718	0.784
ACO1	HMGCL	9606.ENSP00000309477	9606.ENSP00000363614	0.102	0	0	0	0.162	0.050	0.449	0.700	0.860
ACO1	SUCLG1	9606.ENSP00000309477	9606.ENSP00000377446	0.115	0	0	0	0.216	0.103	0.673	0.596	0.902
ACO1	SOD2	9606.ENSP00000309477	9606.ENSP00000446252	0	0	0	0	0.190	0.466	0	0.867	0.937
ACO1	CS	9606.ENSP00000309477	9606.ENSP00000342056	0.115	0	0	0	0.793	0.166	0.965	0.896	0.999
ACO2	PYGM	9606.ENSP00000216254	9606.ENSP00000164139	0.042	0	0	0	0.067	0	0	0.431	0.448
ACO2	OXCT1	9606.ENSP00000216254	9606.ENSP00000196371	0	0	0	0	0.134	0	0	0.470	0.522
ACO2	UQCRC1	9606.ENSP00000216254	9606.ENSP00000203407	0	0	0	0	0.673	0.188	0	0.500	0.855
ACO2	ATP5F1D	9606.ENSP00000216254	9606.ENSP00000215375	0.057	0	0	0	0.357	0.096	0	0.242	0.529
ACO2	CIAO1	9606.ENSP00000216254	9606.ENSP00000418287	0	0	0	0	0.085	0	0	0.390	0.418
ACO2	ESD	9606.ENSP00000216254	9606.ENSP00000367992	0	0	0	0	0.055	0.224	0	0.275	0.422
ACO2	ECHDC1	9606.ENSP00000216254	9606.ENSP00000436585	0	0	0	0	0.110	0.299	0	0.166	0.434
ACO2	UGP2	9606.ENSP00000216254	9606.ENSP00000338703	0	0	0	0	0.056	0.061	0	0.420	0.441
ACO2	CPT2	9606.ENSP00000216254	9606.ENSP00000360541	0	0	0	0	0.152	0	0	0.370	0.443
ACO2	PDP1	9606.ENSP00000216254	9606.ENSP00000379503	0	0	0	0	0.049	0.207	0	0.324	0.446
ACO2	ACOX1	9606.ENSP00000216254	9606.ENSP00000293217	0	0	0	0	0.117	0.057	0	0.391	0.449
ACO2	NUBP1	9606.ENSP00000216254	9606.ENSP00000283027	0	0	0	0	0.042	0	0	0.455	0.455
ACO2	ATP5PO	9606.ENSP00000216254	9606.ENSP00000290299	0	0	0	0	0.189	0	0	0.385	0.480
ACO2	HK2	9606.ENSP00000216254	9606.ENSP00000290573	0	0	0	0	0.074	0	0	0.463	0.482
ACO2	OAT	9606.ENSP00000216254	9606.ENSP00000357838	0.052	0	0	0	0.113	0.139	0	0.371	0.484
ACO2	PYGB	9606.ENSP00000216254	9606.ENSP00000216962	0.042	0	0	0	0.159	0	0	0.414	0.487
ACO2	PRDX5	9606.ENSP00000216254	9606.ENSP00000265462	0	0	0	0	0.102	0.157	0	0.390	0.498
ACO2	CISD1	9606.ENSP00000216254	9606.ENSP00000363041	0	0	0	0	0.106	0.106	0	0.422	0.499
ACO2	PRDX1	9606.ENSP00000216254	9606.ENSP00000262746	0.051	0	0	0	0.120	0.157	0	0.378	0.504
ACO2	ATP5F1C	9606.ENSP00000216254	9606.ENSP00000349142	0	0	0	0	0.264	0.096	0	0.322	0.510
ACO2	GPD2	9606.ENSP00000216254	9606.ENSP00000308610	0	0	0	0	0.069	0.220	0	0.383	0.513
ACO2	PRDX3	9606.ENSP00000216254	9606.ENSP00000298510	0.051	0	0	0	0.135	0	0	0.459	0.517
ACO2	PFKP	9606.ENSP00000216254	9606.ENSP00000370517	0.042	0	0	0	0.115	0.071	0	0.460	0.518
ACO2	ME2	9606.ENSP00000216254	9606.ENSP00000321070	0.042	0	0	0	0.139	0	0	0.463	0.519
ACO2	ETFB	9606.ENSP00000216254	9606.ENSP00000346173	0	0	0	0	0.193	0	0	0.434	0.524
ACO2	ECI1	9606.ENSP00000216254	9606.ENSP00000301729	0	0	0	0	0.141	0.299	0	0.277	0.527
ACO2	PGM1	9606.ENSP00000216254	9606.ENSP00000360124	0	0	0	0	0.125	0.162	0	0.410	0.529
ACO2	ENO2	9606.ENSP00000216254	9606.ENSP00000437402	0	0	0	0	0.112	0.077	0	0.474	0.532
ACO2	ATP5PD	9606.ENSP00000216254	9606.ENSP00000301587	0	0	0	0	0.190	0.125	0	0.398	0.536
ACO2	COX4I1	9606.ENSP00000216254	9606.ENSP00000457513	0	0	0	0	0.227	0	0	0.427	0.538
ACO2	HK1	9606.ENSP00000216254	9606.ENSP00000494664	0	0	0	0	0.080	0	0	0.520	0.540
ACO2	PFKL	9606.ENSP00000216254	9606.ENSP00000269848	0.042	0	0	0	0.142	0.071	0	0.476	0.546
ACO2	PCK2	9606.ENSP00000216254	9606.ENSP00000216780	0	0	0	0	0.104	0	0	0.525	0.556
ACO2	RPIA	9606.ENSP00000216254	9606.ENSP00000283646	0	0	0	0	0.042	0	0	0.556	0.557
ACO2	MRPS25	9606.ENSP00000216254	9606.ENSP00000253686	0	0	0	0	0.143	0.507	0	0	0.559
ACO2	GLRX	9606.ENSP00000216254	9606.ENSP00000369314	0.102	0	0	0	0.068	0	0	0.517	0.560
ACO2	ALDH5A1	9606.ENSP00000216254	9606.ENSP00000314649	0.042	0	0	0	0.077	0.247	0	0.438	0.576
ACO2	ALDOC	9606.ENSP00000216254	9606.ENSP00000378731	0	0	0	0	0.146	0.222	0	0.413	0.576
ACO2	ALDH1A1	9606.ENSP00000216254	9606.ENSP00000297785	0.042	0	0	0	0.073	0.096	0	0.535	0.577
ACO2	COX5B	9606.ENSP00000216254	9606.ENSP00000258424	0	0	0	0	0.199	0	0	0.495	0.578
ACO2	TIMM10	9606.ENSP00000216254	9606.ENSP00000257245	0	0	0	0	0.118	0	0.500	0.146	0.590
ACO2	PPIF	9606.ENSP00000216254	9606.ENSP00000225174	0	0	0	0	0.107	0.069	0	0.550	0.593
ACO2	GPD1L	9606.ENSP00000216254	9606.ENSP00000282541	0.099	0	0	0	0.127	0.343	0	0.314	0.598
ACO2	BCS1L	9606.ENSP00000216254	9606.ENSP00000413908	0	0	0	0	0.096	0.132	0.400	0.250	0.600
ACO2	FDX1	9606.ENSP00000216254	9606.ENSP00000260270	0	0	0	0	0.091	0.162	0	0.522	0.604
ACO2	ACSS2	9606.ENSP00000216254	9606.ENSP00000253382	0.057	0	0	0	0.132	0	0.184	0.480	0.606
ACO2	PDHX	9606.ENSP00000216254	9606.ENSP00000227868	0	0	0	0	0.202	0.092	0	0.500	0.607
ACO2	ATP5MG	9606.ENSP00000216254	9606.ENSP00000300688	0	0	0	0	0.171	0.095	0	0.519	0.608
ACO2	G6PD	9606.ENSP00000216254	9606.ENSP00000377192	0	0	0	0	0.087	0	0	0.599	0.618
ACO2	LDHA	9606.ENSP00000216254	9606.ENSP00000445175	0.058	0	0	0	0.165	0.096	0	0.539	0.628
ACO2	PKM	9606.ENSP00000216254	9606.ENSP00000320171	0.054	0	0	0	0.144	0.091	0	0.569	0.641
ACO2	COX5A	9606.ENSP00000216254	9606.ENSP00000317780	0	0	0	0	0.388	0	0	0.441	0.643
ACO2	PGK1	9606.ENSP00000216254	9606.ENSP00000362413	0	0	0	0	0.071	0	0	0.637	0.648
ACO2	HADHA	9606.ENSP00000216254	9606.ENSP00000370023	0	0	0	0	0.159	0.299	0	0.456	0.651
ACO2	SLC25A6	9606.ENSP00000216254	9606.ENSP00000370808	0	0	0	0	0.122	0.092	0.500	0.230	0.652
ACO2	DNAJC19	9606.ENSP00000216254	9606.ENSP00000372005	0	0	0	0	0.079	0	0.500	0.305	0.652
ACO2	TKT	9606.ENSP00000216254	9606.ENSP00000391481	0	0	0	0	0.146	0.082	0	0.593	0.653
ACO2	GLUD1	9606.ENSP00000216254	9606.ENSP00000277865	0	0	0	0	0.154	0.070	0	0.608	0.665
ACO2	ALDOA	9606.ENSP00000216254	9606.ENSP00000496166	0	0	0	0	0.217	0.223	0	0.499	0.669
ACO2	H6PD	9606.ENSP00000216254	9606.ENSP00000473348	0.061	0	0	0	0.088	0	0	0.649	0.673
ACO2	ECHS1	9606.ENSP00000216254	9606.ENSP00000357535	0	0	0	0	0.167	0.299	0	0.517	0.693
ACO2	HADHB	9606.ENSP00000216254	9606.ENSP00000325136	0	0	0	0	0.378	0.091	0	0.501	0.693
ACO2	PARK7	9606.ENSP00000216254	9606.ENSP00000340278	0	0	0	0	0.114	0.228	0	0.592	0.697
ACO2	PDHB	9606.ENSP00000216254	9606.ENSP00000307241	0	0	0	0	0.204	0.094	0	0.615	0.698
ACO2	TALDO1	9606.ENSP00000216254	9606.ENSP00000321259	0.041	0	0	0	0.106	0.101	0	0.665	0.708
ACO2	ENO1	9606.ENSP00000216254	9606.ENSP00000495530	0	0	0	0	0.135	0.192	0	0.636	0.723
ACO2	DLAT	9606.ENSP00000216254	9606.ENSP00000280346	0	0	0	0	0.218	0.095	0	0.645	0.727
ACO2	SUCLG2	9606.ENSP00000216254	9606.ENSP00000419325	0.091	0	0	0	0.137	0.095	0.394	0.480	0.735
ACO2	PC	9606.ENSP00000216254	9606.ENSP00000498994	0.070	0	0	0	0.120	0	0	0.717	0.749
ACO2	ALDH2	9606.ENSP00000216254	9606.ENSP00000261733	0.042	0	0	0	0.098	0.096	0	0.719	0.751
ACO2	PDHA1	9606.ENSP00000216254	9606.ENSP00000369134	0	0	0	0	0.264	0.140	0	0.655	0.762
ACO2	GPX7	9606.ENSP00000216254	9606.ENSP00000354677	0	0	0	0	0.074	0	0	0.757	0.765
ACO2	TPI1	9606.ENSP00000216254	9606.ENSP00000229270	0.045	0	0	0	0.140	0.218	0	0.724	0.799
ACO2	HMGCL	9606.ENSP00000216254	9606.ENSP00000363614	0.102	0	0	0	0.155	0.050	0.449	0.705	0.861
ACO2	SUCLA2	9606.ENSP00000216254	9606.ENSP00000494360	0.091	0	0	0	0.131	0.125	0.394	0.723	0.862
ACO2	ATP5F1B	9606.ENSP00000216254	9606.ENSP00000262030	0	0	0	0	0.363	0.045	0.500	0.637	0.874
ACO2	ATP5F1A	9606.ENSP00000216254	9606.ENSP00000381736	0	0	0	0	0.448	0.173	0.400	0.626	0.884
ACO2	DLST	9606.ENSP00000216254	9606.ENSP00000335304	0	0	0	0	0.742	0.095	0	0.689	0.921
ACO2	SUCLG1	9606.ENSP00000216254	9606.ENSP00000377446	0.115	0	0	0	0.240	0.126	0.673	0.690	0.929
ACO2	OGDH	9606.ENSP00000216254	9606.ENSP00000388183	0.045	0	0	0	0.766	0.131	0	0.804	0.957
ACO2	SOD2	9606.ENSP00000216254	9606.ENSP00000446252	0	0	0	0	0.190	0.711	0	0.875	0.968
ACO2	SDHA	9606.ENSP00000216254	9606.ENSP00000264932	0.098	0	0	0	0.860	0.104	0	0.807	0.975
ACO2	IDH3G	9606.ENSP00000216254	9606.ENSP00000217901	0.091	0	0	0	0.438	0.244	0.962	0.669	0.994
ACO2	CS	9606.ENSP00000216254	9606.ENSP00000342056	0.115	0	0	0	0.827	0.377	0.979	0.904	0.999
ACOT1	TECR	9606.ENSP00000311224	9606.ENSP00000215567	0	0	0	0	0.047	0	0.900	0.101	0.906
ACOT1	PFKL	9606.ENSP00000311224	9606.ENSP00000269848	0.041	0	0	0	0.042	0	0.900	0.104	0.906
ACOT1	ACOX1	9606.ENSP00000311224	9606.ENSP00000293217	0	0	0	0	0.055	0	0	0.538	0.545
ACOT1	ACSL1	9606.ENSP00000311224	9606.ENSP00000422607	0.044	0	0	0	0.055	0	0	0.406	0.417
ACOT1	HADHA	9606.ENSP00000311224	9606.ENSP00000370023	0	0	0	0	0.067	0	0	0.420	0.436
ACOT1	COX4I1	9606.ENSP00000311224	9606.ENSP00000457513	0	0	0	0	0.074	0.379	0	0.104	0.440
ACOT1	CPT2	9606.ENSP00000311224	9606.ENSP00000360541	0	0	0	0	0.058	0	0	0.446	0.455
ACOT1	PFKP	9606.ENSP00000311224	9606.ENSP00000370517	0.041	0	0	0	0.042	0	0.900	0	0.900
ACOT1	ACOT7	9606.ENSP00000311224	9606.ENSP00000367086	0	0	0	0	0.067	0	0.900	0.775	0.977
ACOT7	TECR	9606.ENSP00000367086	9606.ENSP00000215567	0	0	0	0	0.059	0	0.900	0.071	0.904
ACOT7	TPI1	9606.ENSP00000367086	9606.ENSP00000229270	0	0	0	0	0.139	0	0	0.373	0.437
ACOT7	ACOX1	9606.ENSP00000367086	9606.ENSP00000293217	0.056	0	0	0	0.058	0	0.218	0.376	0.508
ACOT7	ETFB	9606.ENSP00000367086	9606.ENSP00000346173	0.110	0	0	0	0.085	0	0.491	0.052	0.554
ACOT7	ALDOA	9606.ENSP00000367086	9606.ENSP00000496166	0	0	0	0	0.083	0	0	0.394	0.420
ACOT7	LDHA	9606.ENSP00000367086	9606.ENSP00000445175	0	0	0	0	0.099	0	0	0.400	0.436
ACOT7	ENO1	9606.ENSP00000367086	9606.ENSP00000495530	0.042	0	0	0	0.157	0	0	0.576	0.627
ACOX1	OXCT1	9606.ENSP00000293217	9606.ENSP00000196371	0.057	0	0	0	0.105	0	0.265	0.218	0.450
ACOX1	PCK2	9606.ENSP00000293217	9606.ENSP00000216780	0	0	0	0	0.067	0	0	0.653	0.662
ACOX1	ACSS2	9606.ENSP00000293217	9606.ENSP00000253382	0.044	0	0	0	0.217	0	0.915	0.432	0.959
ACOX1	ALDH2	9606.ENSP00000293217	9606.ENSP00000261733	0.042	0	0	0	0.139	0.143	0.829	0.342	0.906
ACOX1	MECR	9606.ENSP00000293217	9606.ENSP00000263702	0.045	0	0	0	0.084	0.057	0.915	0.197	0.933
ACOX1	AGPS	9606.ENSP00000293217	9606.ENSP00000264167	0.054	0	0	0	0.049	0.211	0	0.521	0.614
ACOX1	DLAT	9606.ENSP00000293217	9606.ENSP00000280346	0	0	0	0	0.092	0	0.218	0.263	0.431
ACOX1	ADH5	9606.ENSP00000293217	9606.ENSP00000296412	0	0	0	0	0.099	0.069	0	0.342	0.400
ACOX1	ALDH1A1	9606.ENSP00000293217	9606.ENSP00000297785	0.042	0	0	0	0.127	0	0.182	0.239	0.410
ACOX1	PDHB	9606.ENSP00000293217	9606.ENSP00000307241	0.049	0	0	0	0.073	0.053	0.265	0.209	0.427
ACOX1	GPX7	9606.ENSP00000293217	9606.ENSP00000354677	0.042	0	0	0	0	0	0	0.431	0.432
ACOX1	BDH2	9606.ENSP00000293217	9606.ENSP00000296424	0.042	0	0	0	0.111	0.091	0.174	0.260	0.441
ACOX1	SOD2	9606.ENSP00000293217	9606.ENSP00000446252	0	0	0	0	0.110	0.065	0	0.398	0.456
ACOX1	PC	9606.ENSP00000293217	9606.ENSP00000498994	0.042	0	0	0	0.089	0	0.116	0.383	0.460
ACOX1	G6PD	9606.ENSP00000293217	9606.ENSP00000377192	0	0	0	0	0.069	0	0	0.469	0.485
ACOX1	MCCC2	9606.ENSP00000293217	9606.ENSP00000343657	0.057	0	0	0	0.244	0	0.265	0.155	0.498
ACOX1	SUCLG1	9606.ENSP00000293217	9606.ENSP00000377446	0.045	0	0	0	0.128	0.073	0.312	0.251	0.529
ACOX1	H6PD	9606.ENSP00000293217	9606.ENSP00000473348	0	0	0	0	0.110	0	0	0.593	0.622
ACOX1	CS	9606.ENSP00000293217	9606.ENSP00000342056	0.044	0	0	0	0.130	0.162	0	0.527	0.626
ACOX1	DBI	9606.ENSP00000293217	9606.ENSP00000486361	0	0	0	0	0.303	0	0.165	0.430	0.639
ACOX1	GSTK1	9606.ENSP00000293217	9606.ENSP00000431049	0	0	0	0	0.068	0	0.500	0.326	0.658
ACOX1	DHRS4	9606.ENSP00000293217	9606.ENSP00000326219	0.042	0	0	0	0.107	0.095	0.569	0.276	0.715
ACOX1	HMGCL	9606.ENSP00000293217	9606.ENSP00000363614	0.057	0	0	0	0.159	0	0.500	0.472	0.762
ACOX1	ETFB	9606.ENSP00000293217	9606.ENSP00000346173	0.070	0	0	0	0.350	0.436	0.233	0.242	0.765
ACOX1	ECI1	9606.ENSP00000293217	9606.ENSP00000301729	0.046	0	0	0	0.295	0.266	0.362	0.440	0.791
ACOX1	ACSL3	9606.ENSP00000293217	9606.ENSP00000350012	0.050	0	0	0	0.166	0.071	0.430	0.598	0.800
ACOX1	ACSL1	9606.ENSP00000293217	9606.ENSP00000422607	0.050	0	0	0	0.244	0.089	0.288	0.689	0.829
ACOX1	CRAT	9606.ENSP00000293217	9606.ENSP00000315013	0	0	0	0	0.309	0.208	0.500	0.492	0.842
ACOX1	ALDH9A1	9606.ENSP00000293217	9606.ENSP00000346827	0.042	0	0	0	0.175	0	0.829	0.326	0.897
ACOX1	ALDH3A2	9606.ENSP00000293217	9606.ENSP00000345774	0.042	0	0	0	0.184	0	0.829	0.475	0.920
ACOX1	ACOX3	9606.ENSP00000293217	9606.ENSP00000348775	0	0	0.150	0.758	0.117	0	0.900	0.273	0.938
ACOX1	ALDH6A1	9606.ENSP00000293217	9606.ENSP00000450436	0	0	0	0	0.258	0.062	0.900	0.283	0.943
ACOX1	ACSS3	9606.ENSP00000293217	9606.ENSP00000449535	0.044	0	0	0	0.194	0	0.915	0.298	0.948
ACOX1	ECHDC1	9606.ENSP00000293217	9606.ENSP00000436585	0.046	0	0	0	0.300	0.091	0.932	0.311	0.966
ACOX1	HADHA	9606.ENSP00000293217	9606.ENSP00000370023	0.046	0	0	0	0.334	0.091	0.933	0.571	0.980
ACOX1	CPT2	9606.ENSP00000293217	9606.ENSP00000360541	0	0	0	0	0.227	0.074	0.900	0.789	0.982
ACOX1	SCP2	9606.ENSP00000293217	9606.ENSP00000360569	0.054	0	0	0	0.313	0.129	0.918	0.714	0.984
ACOX1	HADHB	9606.ENSP00000293217	9606.ENSP00000325136	0.054	0	0	0	0.371	0.051	0.918	0.935	0.996
ACOX1	ECHS1	9606.ENSP00000293217	9606.ENSP00000357535	0.046	0	0	0	0.300	0.205	0.932	0.926	0.996
ACOX1	HSD17B4	9606.ENSP00000293217	9606.ENSP00000411960	0.054	0	0	0	0.430	0.065	0.918	0.968	0.998
ACOX3	OXCT1	9606.ENSP00000348775	9606.ENSP00000196371	0.057	0	0	0	0.112	0	0.265	0.242	0.471
ACOX3	ACSS2	9606.ENSP00000348775	9606.ENSP00000253382	0.044	0	0	0	0.195	0	0.915	0.394	0.955
ACOX3	ALDH2	9606.ENSP00000348775	9606.ENSP00000261733	0.042	0	0	0	0.122	0	0.829	0.164	0.864
ACOX3	MECR	9606.ENSP00000348775	9606.ENSP00000263702	0.045	0	0	0	0.264	0.057	0.915	0.255	0.950
ACOX3	AGPS	9606.ENSP00000348775	9606.ENSP00000264167	0.054	0	0	0	0.042	0	0	0.427	0.435
ACOX3	DLAT	9606.ENSP00000348775	9606.ENSP00000280346	0	0	0	0	0.121	0	0.218	0.214	0.413
ACOX3	ECI1	9606.ENSP00000348775	9606.ENSP00000301729	0.046	0	0	0	0.314	0.091	0.188	0.463	0.693
ACOX3	PDHB	9606.ENSP00000348775	9606.ENSP00000307241	0.049	0	0	0	0.076	0.053	0.265	0.193	0.417
ACOX3	CRAT	9606.ENSP00000348775	9606.ENSP00000315013	0	0	0	0	0.159	0.094	0	0.382	0.489
ACOX3	HADHB	9606.ENSP00000348775	9606.ENSP00000325136	0.054	0	0	0	0.342	0.051	0.918	0.837	0.990
ACOX3	DHRS4	9606.ENSP00000348775	9606.ENSP00000326219	0.042	0	0	0	0.117	0.046	0.174	0.245	0.405
ACOX3	CS	9606.ENSP00000348775	9606.ENSP00000342056	0.044	0	0	0	0.123	0	0	0.369	0.425
ACOX3	MCCC2	9606.ENSP00000348775	9606.ENSP00000343657	0.057	0	0	0	0.247	0	0.265	0.138	0.490
ACOX3	ALDH3A2	9606.ENSP00000348775	9606.ENSP00000345774	0.042	0	0	0	0.139	0	0.829	0.386	0.902
ACOX3	ETFB	9606.ENSP00000348775	9606.ENSP00000346173	0.070	0	0	0	0.351	0.436	0.233	0.185	0.748
ACOX3	ALDH9A1	9606.ENSP00000348775	9606.ENSP00000346827	0.042	0	0	0	0.173	0	0.829	0.301	0.893
ACOX3	DHCR24	9606.ENSP00000348775	9606.ENSP00000360316	0.054	0	0	0	0.070	0	0	0.408	0.433
ACOX3	HMGCL	9606.ENSP00000348775	9606.ENSP00000363614	0.057	0	0	0	0.139	0	0	0.415	0.484
ACOX3	SUCLG1	9606.ENSP00000348775	9606.ENSP00000377446	0.045	0	0	0	0.107	0.073	0.312	0.226	0.502
ACOX3	H6PD	9606.ENSP00000348775	9606.ENSP00000473348	0	0	0	0	0.183	0	0	0.481	0.558
ACOX3	DBI	9606.ENSP00000348775	9606.ENSP00000486361	0	0	0	0	0.298	0	0.165	0.344	0.582
ACOX3	ACSL3	9606.ENSP00000348775	9606.ENSP00000350012	0.050	0	0	0	0.140	0.071	0.189	0.504	0.639
ACOX3	ACSL1	9606.ENSP00000348775	9606.ENSP00000422607	0.050	0	0	0	0.149	0.071	0.189	0.562	0.684
ACOX3	ALDH6A1	9606.ENSP00000348775	9606.ENSP00000450436	0	0	0	0	0.154	0.062	0.900	0.158	0.924
ACOX3	ACSS3	9606.ENSP00000348775	9606.ENSP00000449535	0.044	0	0	0	0.200	0	0.915	0.136	0.936
ACOX3	ECHDC1	9606.ENSP00000348775	9606.ENSP00000436585	0.046	0	0	0	0.295	0.091	0.915	0.261	0.954
ACOX3	CPT2	9606.ENSP00000348775	9606.ENSP00000360541	0	0	0	0	0.162	0.074	0.900	0.566	0.961
ACOX3	HADHA	9606.ENSP00000348775	9606.ENSP00000370023	0.046	0	0	0	0.307	0.091	0.915	0.492	0.969
ACOX3	SCP2	9606.ENSP00000348775	9606.ENSP00000360569	0.054	0	0	0	0.303	0.094	0.918	0.626	0.978
ACOX3	HSD17B4	9606.ENSP00000348775	9606.ENSP00000411960	0.054	0	0	0	0.301	0.065	0.918	0.829	0.989
ACOX3	ECHS1	9606.ENSP00000348775	9606.ENSP00000357535	0.046	0	0	0	0.324	0.091	0.915	0.838	0.990
ACSL1	TPI1	9606.ENSP00000422607	9606.ENSP00000229270	0.056	0	0	0	0.044	0	0	0.522	0.531
ACSL1	ACSS2	9606.ENSP00000422607	9606.ENSP00000253382	0	0	0	0	0.141	0	0	0.632	0.671
ACSL1	ALDH2	9606.ENSP00000422607	9606.ENSP00000261733	0	0	0	0	0.205	0.046	0.176	0.282	0.492
ACSL1	SLC27A3	9606.ENSP00000422607	9606.ENSP00000271857	0	0	0	0	0.070	0.095	0	0.736	0.758
ACSL1	ECI1	9606.ENSP00000422607	9606.ENSP00000301729	0.052	0	0	0	0.109	0.060	0.101	0.440	0.528
ACSL1	CRAT	9606.ENSP00000422607	9606.ENSP00000315013	0	0	0	0	0.194	0	0	0.376	0.476
ACSL1	HADHB	9606.ENSP00000422607	9606.ENSP00000325136	0.057	0	0	0	0.173	0.066	0	0.630	0.695
ACSL1	CS	9606.ENSP00000422607	9606.ENSP00000342056	0	0	0	0	0.108	0	0	0.401	0.444
ACSL1	ALDH3A2	9606.ENSP00000422607	9606.ENSP00000345774	0	0	0	0	0.091	0.046	0.176	0.547	0.633
ACSL1	ALDH9A1	9606.ENSP00000422607	9606.ENSP00000346827	0	0	0	0	0.135	0.046	0.176	0.246	0.419
ACSL1	ACSL3	9606.ENSP00000422607	9606.ENSP00000350012	0	0	0.140	0.783	0.095	0.066	0.600	0.590	0.859
ACSL1	ECHS1	9606.ENSP00000422607	9606.ENSP00000357535	0.052	0	0	0	0.103	0.060	0.101	0.600	0.661
ACSL1	DHCR24	9606.ENSP00000422607	9606.ENSP00000360316	0.041	0	0	0	0.061	0.052	0	0.490	0.506
ACSL1	CPT2	9606.ENSP00000422607	9606.ENSP00000360541	0	0	0	0	0.093	0	0	0.660	0.679
ACSL1	SCP2	9606.ENSP00000422607	9606.ENSP00000360569	0.042	0	0	0	0.213	0	0.218	0.503	0.668
ACSL1	PGK1	9606.ENSP00000422607	9606.ENSP00000362413	0	0	0	0	0.095	0	0	0.489	0.518
ACSL1	HADHA	9606.ENSP00000422607	9606.ENSP00000370023	0.052	0	0	0	0.110	0.060	0.101	0.720	0.764
ACSL1	BDH1	9606.ENSP00000422607	9606.ENSP00000376184	0	0	0	0	0.042	0.170	0	0.367	0.453
ACSL1	HSD17B4	9606.ENSP00000422607	9606.ENSP00000411960	0.042	0	0	0	0.388	0	0.218	0.343	0.658
ACSL1	DBI	9606.ENSP00000422607	9606.ENSP00000486361	0	0	0	0	0.110	0.069	0	0.421	0.479
ACSL1	ALDOA	9606.ENSP00000422607	9606.ENSP00000496166	0	0	0	0	0.073	0	0	0.526	0.542
ACSL3	ACSS2	9606.ENSP00000350012	9606.ENSP00000253382	0	0	0	0	0.130	0	0	0.440	0.492
ACSL3	SLC27A3	9606.ENSP00000350012	9606.ENSP00000271857	0	0	0	0	0.047	0.106	0	0.372	0.418
ACSL3	OXSM	9606.ENSP00000350012	9606.ENSP00000280701	0	0	0	0	0.043	0	0	0.412	0.413
ACSL3	ECI1	9606.ENSP00000350012	9606.ENSP00000301729	0.052	0	0	0	0.103	0.060	0.101	0.351	0.448
ACSL3	HADHB	9606.ENSP00000350012	9606.ENSP00000325136	0.057	0	0	0	0.132	0.066	0	0.568	0.625
ACSL3	CS	9606.ENSP00000350012	9606.ENSP00000342056	0	0	0	0	0.081	0	0	0.427	0.452
ACSL3	PGK1	9606.ENSP00000350012	9606.ENSP00000362413	0	0	0	0	0.054	0	0	0.406	0.414
ACSL3	IDI1	9606.ENSP00000350012	9606.ENSP00000370748	0	0	0	0	0.178	0	0	0.320	0.418
ACSL3	HSD17B11	9606.ENSP00000350012	9606.ENSP00000351035	0	0	0	0	0.062	0.085	0.098	0.364	0.443
ACSL3	DBI	9606.ENSP00000350012	9606.ENSP00000486361	0	0	0	0	0.074	0.068	0	0.448	0.482
ACSL3	HADHA	9606.ENSP00000350012	9606.ENSP00000370023	0.052	0	0	0	0.103	0.060	0.101	0.398	0.489
ACSL3	HSD17B4	9606.ENSP00000350012	9606.ENSP00000411960	0.042	0	0	0	0.242	0	0.218	0.351	0.582
ACSL3	SCP2	9606.ENSP00000350012	9606.ENSP00000360569	0.042	0	0	0	0.216	0	0.218	0.412	0.609
ACSL3	CPT2	9606.ENSP00000350012	9606.ENSP00000360541	0	0	0	0	0.074	0	0	0.614	0.628
ACSL3	ECHS1	9606.ENSP00000350012	9606.ENSP00000357535	0.052	0	0	0	0.103	0.060	0.101	0.582	0.645
ACSS2	OXCT1	9606.ENSP00000253382	9606.ENSP00000196371	0.058	0	0	0	0.111	0	0	0.366	0.423
ACSS2	PCK2	9606.ENSP00000253382	9606.ENSP00000216780	0	0	0	0	0.116	0	0.800	0.332	0.871
ACSS2	MVK	9606.ENSP00000253382	9606.ENSP00000228510	0	0	0	0	0.099	0	0	0.372	0.410
ACSS2	TPI1	9606.ENSP00000253382	9606.ENSP00000229270	0	0	0	0	0.048	0	0	0.413	0.417
ACSS2	PFKP	9606.ENSP00000253382	9606.ENSP00000370517	0	0	0	0	0.102	0	0	0.377	0.417
ACSS2	OGDH	9606.ENSP00000253382	9606.ENSP00000388183	0	0	0	0	0.127	0	0	0.367	0.424
ACSS2	DLST	9606.ENSP00000253382	9606.ENSP00000335304	0.055	0	0	0	0.074	0	0.181	0.299	0.431
ACSS2	G6PD	9606.ENSP00000253382	9606.ENSP00000377192	0	0	0	0	0.049	0	0	0.427	0.432
ACSS2	LSS	9606.ENSP00000253382	9606.ENSP00000380837	0	0	0	0	0.231	0	0	0.294	0.434
ACSS2	IDI1	9606.ENSP00000253382	9606.ENSP00000370748	0	0	0	0	0.146	0	0	0.381	0.449
ACSS2	ALDH1A1	9606.ENSP00000253382	9606.ENSP00000297785	0.041	0	0	0	0.207	0.060	0.185	0.203	0.451
ACSS2	PDHA1	9606.ENSP00000253382	9606.ENSP00000369134	0	0	0	0	0.110	0	0	0.413	0.456
ACSS2	SCP2	9606.ENSP00000253382	9606.ENSP00000360569	0.052	0	0	0	0.145	0	0.217	0.248	0.459
ACSS2	HK2	9606.ENSP00000253382	9606.ENSP00000290573	0	0	0	0	0.101	0	0	0.433	0.468
ACSS2	ECI1	9606.ENSP00000253382	9606.ENSP00000301729	0.045	0	0	0	0.193	0	0.188	0.252	0.470
ACSS2	TALDO1	9606.ENSP00000253382	9606.ENSP00000321259	0	0	0	0	0.122	0.068	0	0.417	0.481
ACSS2	HADHA	9606.ENSP00000253382	9606.ENSP00000370023	0.045	0	0	0	0.206	0	0.188	0.261	0.484
ACSS2	HSD17B4	9606.ENSP00000253382	9606.ENSP00000411960	0.052	0	0	0	0.215	0	0.217	0.221	0.486
ACSS2	OXSM	9606.ENSP00000253382	9606.ENSP00000280701	0.083	0.222	0	0	0.049	0	0	0.336	0.489
ACSS2	TKT	9606.ENSP00000253382	9606.ENSP00000391481	0	0	0	0	0.125	0.095	0.115	0.372	0.501
ACSS2	H6PD	9606.ENSP00000253382	9606.ENSP00000473348	0.055	0	0	0	0.049	0	0	0.502	0.513
ACSS2	PKM	9606.ENSP00000253382	9606.ENSP00000320171	0.041	0	0	0	0.103	0.062	0	0.468	0.514
ACSS2	ME2	9606.ENSP00000253382	9606.ENSP00000321070	0.053	0	0	0	0.111	0.094	0.256	0.281	0.518
ACSS2	SDHA	9606.ENSP00000253382	9606.ENSP00000264932	0.056	0	0	0	0.307	0	0	0.323	0.519
ACSS2	FDPS	9606.ENSP00000253382	9606.ENSP00000349078	0.054	0	0	0	0.200	0.071	0	0.398	0.520
ACSS2	CPT2	9606.ENSP00000253382	9606.ENSP00000360541	0	0	0	0	0.125	0.093	0	0.456	0.531
ACSS2	ALDH5A1	9606.ENSP00000253382	9606.ENSP00000314649	0.041	0	0	0	0.213	0.051	0.216	0.312	0.544
ACSS2	HMGCL	9606.ENSP00000253382	9606.ENSP00000363614	0.060	0.002	0	0	0.182	0	0.215	0.337	0.546
ACSS2	SOD2	9606.ENSP00000253382	9606.ENSP00000446252	0.042	0	0	0	0.065	0	0.400	0.261	0.550
ACSS2	LDHA	9606.ENSP00000253382	9606.ENSP00000445175	0	0	0	0	0.113	0.091	0.115	0.473	0.574
ACSS2	ECHS1	9606.ENSP00000253382	9606.ENSP00000357535	0.045	0	0	0	0.226	0	0.188	0.412	0.600
ACSS2	GLUD1	9606.ENSP00000253382	9606.ENSP00000277865	0.043	0	0	0	0.114	0	0.400	0.374	0.639
ACSS2	CRAT	9606.ENSP00000253382	9606.ENSP00000315013	0	0	0	0	0.276	0	0	0.556	0.665
ACSS2	SUCLG2	9606.ENSP00000253382	9606.ENSP00000419325	0	0	0	0	0.118	0	0.800	0.136	0.834
ACSS2	SUCLA2	9606.ENSP00000253382	9606.ENSP00000494360	0	0	0	0	0.111	0	0.800	0.223	0.850
ACSS2	SUCLG1	9606.ENSP00000253382	9606.ENSP00000377446	0.047	0	0	0	0.131	0	0.800	0.249	0.859
ACSS2	PDHB	9606.ENSP00000253382	9606.ENSP00000307241	0.060	0	0	0	0.061	0	0.800	0.380	0.876
ACSS2	ACYP1	9606.ENSP00000253382	9606.ENSP00000450873	0	0	0	0	0.042	0	0.900	0.118	0.908
ACSS2	ACSS3	9606.ENSP00000253382	9606.ENSP00000449535	0	0	0.131	0.814	0.044	0	0.900	0.163	0.921
ACSS2	PC	9606.ENSP00000253382	9606.ENSP00000498994	0.080	0	0	0	0.136	0	0.800	0.572	0.923
ACSS2	ALDH6A1	9606.ENSP00000253382	9606.ENSP00000450436	0	0	0	0	0.115	0	0.900	0.223	0.925
ACSS2	HADHB	9606.ENSP00000253382	9606.ENSP00000325136	0.055	0	0	0	0.272	0	0.836	0.467	0.932
ACSS2	ECHDC1	9606.ENSP00000253382	9606.ENSP00000436585	0.045	0	0	0	0.190	0	0.915	0.221	0.942
ACSS2	DLAT	9606.ENSP00000253382	9606.ENSP00000280346	0.055	0	0	0	0.074	0	0.914	0.337	0.943
ACSS2	ALDH9A1	9606.ENSP00000253382	9606.ENSP00000346827	0.041	0	0	0	0.214	0.060	0.915	0.236	0.945
ACSS2	ALDH3A2	9606.ENSP00000253382	9606.ENSP00000345774	0.041	0	0	0	0.219	0.051	0.915	0.270	0.947
ACSS2	ALDH2	9606.ENSP00000253382	9606.ENSP00000261733	0.041	0	0	0	0.226	0.060	0.915	0.346	0.954
ACSS2	CS	9606.ENSP00000253382	9606.ENSP00000342056	0.083	0	0	0	0.428	0.070	0.934	0.571	0.983
ACSS3	ALDH2	9606.ENSP00000449535	9606.ENSP00000261733	0.041	0	0	0	0.209	0.060	0.830	0.210	0.886
ACSS3	SDHA	9606.ENSP00000449535	9606.ENSP00000264932	0.056	0	0	0	0.307	0	0	0.235	0.456
ACSS3	DLAT	9606.ENSP00000449535	9606.ENSP00000280346	0.055	0	0	0	0.080	0	0.181	0.257	0.400
ACSS3	ALDH1A1	9606.ENSP00000449535	9606.ENSP00000297785	0.041	0	0	0	0.212	0.060	0.185	0.141	0.412
ACSS3	ECI1	9606.ENSP00000449535	9606.ENSP00000301729	0.045	0	0	0	0.195	0	0.188	0.164	0.408
ACSS3	ALDH5A1	9606.ENSP00000449535	9606.ENSP00000314649	0.041	0	0	0	0.209	0.051	0.216	0.194	0.463
ACSS3	CRAT	9606.ENSP00000449535	9606.ENSP00000315013	0	0	0	0	0.205	0	0	0.335	0.449
ACSS3	ME2	9606.ENSP00000449535	9606.ENSP00000321070	0.053	0	0	0	0.095	0.094	0.256	0.206	0.458
ACSS3	HADHB	9606.ENSP00000449535	9606.ENSP00000325136	0.055	0	0	0	0.255	0	0.836	0.320	0.911
ACSS3	CS	9606.ENSP00000449535	9606.ENSP00000342056	0.083	0	0	0	0.406	0.070	0.368	0.326	0.745
ACSS3	MCCC2	9606.ENSP00000449535	9606.ENSP00000343657	0.060	0	0	0	0.096	0	0.110	0.384	0.472
ACSS3	ALDH3A2	9606.ENSP00000449535	9606.ENSP00000345774	0.041	0	0	0	0.213	0.051	0.830	0.323	0.902
ACSS3	ALDH9A1	9606.ENSP00000449535	9606.ENSP00000346827	0.041	0	0	0	0.219	0.060	0.830	0.141	0.878
ACSS3	ECHS1	9606.ENSP00000449535	9606.ENSP00000357535	0.045	0	0	0	0.195	0	0.188	0.303	0.507
ACSS3	HMGCL	9606.ENSP00000449535	9606.ENSP00000363614	0.060	0	0	0	0.128	0	0.215	0.429	0.583
ACSS3	GBE1	9606.ENSP00000449535	9606.ENSP00000410833	0	0	0	0	0.124	0	0	0.381	0.434
ACSS3	HSD17B4	9606.ENSP00000449535	9606.ENSP00000411960	0.052	0	0	0	0.203	0	0.217	0.155	0.433
ACSS3	ECHDC1	9606.ENSP00000449535	9606.ENSP00000436585	0.045	0	0	0	0.192	0	0.915	0.281	0.946
ACSS3	PC	9606.ENSP00000449535	9606.ENSP00000498994	0.080	0	0	0	0.114	0	0	0.378	0.449
ACSS3	ALDH6A1	9606.ENSP00000449535	9606.ENSP00000450436	0	0	0	0	0.121	0	0.900	0.278	0.931
ACYP1	ALDH2	9606.ENSP00000450873	9606.ENSP00000261733	0	0	0	0	0	0	0.900	0.046	0.900
ACYP1	ALDH3A2	9606.ENSP00000450873	9606.ENSP00000345774	0	0	0	0	0.056	0	0.900	0.110	0.908
ACYP1	ALDH9A1	9606.ENSP00000450873	9606.ENSP00000346827	0	0	0	0	0.054	0	0.900	0.131	0.910
ADH5	TPI1	9606.ENSP00000296412	9606.ENSP00000229270	0	0	0	0	0.122	0	0	0.419	0.468
ADH5	ALDH2	9606.ENSP00000296412	9606.ENSP00000261733	0.048	0	0	0	0.107	0	0.706	0.876	0.965
ADH5	AGPS	9606.ENSP00000296412	9606.ENSP00000264167	0	0	0	0	0.065	0	0.127	0.396	0.464
ADH5	CBR1	9606.ENSP00000296412	9606.ENSP00000290349	0	0	0	0	0.074	0.046	0.177	0.400	0.505
ADH5	HADHA	9606.ENSP00000296412	9606.ENSP00000370023	0	0	0	0	0.312	0	0	0.174	0.408
ADH5	BDH2	9606.ENSP00000296412	9606.ENSP00000296424	0	0	0	0	0.201	0.059	0.177	0.164	0.414
ADH5	LDHA	9606.ENSP00000296412	9606.ENSP00000445175	0	0	0	0	0.078	0.092	0	0.357	0.415
ADH5	GLRX	9606.ENSP00000296412	9606.ENSP00000369314	0	0	0	0	0.094	0	0	0.417	0.449
ADH5	ALDH5A1	9606.ENSP00000296412	9606.ENSP00000314649	0.048	0	0	0	0.109	0	0.197	0.290	0.452
ADH5	TALDO1	9606.ENSP00000296412	9606.ENSP00000321259	0	0	0	0	0.213	0	0	0.349	0.466
ADH5	H6PD	9606.ENSP00000296412	9606.ENSP00000473348	0	0	0	0	0.091	0	0	0.498	0.524
ADH5	AKR1A1	9606.ENSP00000296412	9606.ENSP00000361140	0	0	0	0	0.118	0.076	0	0.480	0.539
ADH5	PDHB	9606.ENSP00000296412	9606.ENSP00000307241	0.061	0	0	0	0.444	0	0	0.289	0.596
ADH5	GSTM4	9606.ENSP00000296412	9606.ENSP00000358851	0	0	0	0	0.074	0.070	0.650	0.105	0.694
ADH5	MGST3	9606.ENSP00000296412	9606.ENSP00000356864	0	0	0	0	0.067	0	0.650	0.188	0.711
ADH5	GSTO1	9606.ENSP00000296412	9606.ENSP00000358727	0	0	0	0	0.064	0	0.650	0.324	0.759
ADH5	ALDH3A2	9606.ENSP00000296412	9606.ENSP00000345774	0.048	0	0	0	0.131	0	0.706	0.523	0.869
ADH5	ALDH9A1	9606.ENSP00000296412	9606.ENSP00000346827	0.048	0	0	0	0.270	0	0.706	0.502	0.885
ADH5	ALDH1A1	9606.ENSP00000296412	9606.ENSP00000297785	0.048	0.001	0	0	0.114	0	0.706	0.653	0.902
ADH5	COMT	9606.ENSP00000296412	9606.ENSP00000354511	0	0	0	0	0.049	0	0.900	0.149	0.912
ADH5	ESD	9606.ENSP00000296412	9606.ENSP00000367992	0.099	0.150	0.267	0	0.633	0.438	0.940	0.847	0.998
ADK	AK1	9606.ENSP00000443965	9606.ENSP00000223836	0.057	0	0	0	0.094	0.061	0.900	0.657	0.967
ADK	TPI1	9606.ENSP00000443965	9606.ENSP00000229270	0.106	0	0	0	0.211	0	0	0.579	0.677
ADK	NT5C	9606.ENSP00000443965	9606.ENSP00000245552	0	0	0	0	0.070	0	0.900	0.240	0.923
ADK	RPIA	9606.ENSP00000443965	9606.ENSP00000283646	0.110	0	0	0	0	0	0.154	0.375	0.488
ADK	DCK	9606.ENSP00000443965	9606.ENSP00000286648	0.049	0	0	0	0.098	0	0	0.551	0.582
ADK	PDXK	9606.ENSP00000443965	9606.ENSP00000291565	0	0	0	0	0.103	0	0.380	0.347	0.605
ADK	TK2	9606.ENSP00000443965	9606.ENSP00000299697	0.049	0	0	0	0.084	0	0	0.428	0.458
ADK	TALDO1	9606.ENSP00000443965	9606.ENSP00000321259	0.106	0	0	0	0.101	0	0.139	0.328	0.473
ADK	UPP1	9606.ENSP00000443965	9606.ENSP00000330032	0.092	0	0	0	0.042	0.102	0.414	0.331	0.638
ADK	PPA2	9606.ENSP00000443965	9606.ENSP00000343885	0.055	0	0	0	0.251	0	0	0.259	0.429
ADK	ALDH9A1	9606.ENSP00000443965	9606.ENSP00000346827	0.054	0	0	0	0.240	0.045	0.104	0.176	0.401
ADK	PPA1	9606.ENSP00000443965	9606.ENSP00000362329	0.055	0	0	0	0.262	0	0	0.258	0.437
ADK	PGK1	9606.ENSP00000443965	9606.ENSP00000362413	0.061	0	0	0	0.113	0	0	0.411	0.467
ADK	AK4	9606.ENSP00000443965	9606.ENSP00000378743	0.057	0	0	0	0.208	0.071	0.900	0.387	0.949
ADK	TKT	9606.ENSP00000443965	9606.ENSP00000391481	0.043	0	0	0	0.154	0.078	0.145	0.278	0.455
ADK	LDHA	9606.ENSP00000443965	9606.ENSP00000445175	0.042	0	0	0	0.109	0.228	0	0.208	0.410
ADK	H6PD	9606.ENSP00000443965	9606.ENSP00000473348	0.197	0	0	0	0.141	0	0	0.475	0.606
ADK	AK2	9606.ENSP00000443965	9606.ENSP00000499935	0.057	0	0	0	0.330	0.091	0.900	0.588	0.972
AGK	TIMM10	9606.ENSP00000497280	9606.ENSP00000257245	0	0	0	0	0.058	0.920	0.540	0.452	0.978
AGK	DHCR24	9606.ENSP00000497280	9606.ENSP00000360316	0.058	0	0	0	0.106	0.295	0	0.111	0.402
AGK	DNAJC19	9606.ENSP00000497280	9606.ENSP00000372005	0	0	0	0	0.054	0	0	0.530	0.537
AGK	RENBP	9606.ENSP00000497280	9606.ENSP00000377303	0	0	0	0	0	0	0	0.528	0.528
AGK	SUCLG1	9606.ENSP00000497280	9606.ENSP00000377446	0	0	0	0	0.097	0	0	0.482	0.512
AGK	H6PD	9606.ENSP00000497280	9606.ENSP00000473348	0.057	0	0	0	0.127	0	0.325	0.078	0.419
AGK	SUCLA2	9606.ENSP00000497280	9606.ENSP00000494360	0	0	0	0	0.066	0	0	0.501	0.514
AGPS	IDH3G	9606.ENSP00000264167	9606.ENSP00000217901	0	0	0	0	0.048	0.337	0	0.166	0.428
AGPS	PKM	9606.ENSP00000264167	9606.ENSP00000320171	0.042	0	0	0	0.053	0.058	0.301	0.164	0.410
AGPS	DHRS4	9606.ENSP00000264167	9606.ENSP00000326219	0	0	0	0	0.057	0.252	0	0.231	0.411
AGPS	H6PD	9606.ENSP00000264167	9606.ENSP00000473348	0.100	0	0	0	0.060	0	0	0.363	0.415
AGPS	HADHB	9606.ENSP00000264167	9606.ENSP00000325136	0	0	0	0	0.049	0.141	0	0.432	0.496
AGPS	ALDH3A2	9606.ENSP00000264167	9606.ENSP00000345774	0.042	0	0	0	0.058	0	0.217	0.375	0.500
AGPS	ECHS1	9606.ENSP00000264167	9606.ENSP00000357535	0	0	0	0	0.055	0	0	0.498	0.506
AGPS	HSD17B4	9606.ENSP00000264167	9606.ENSP00000411960	0	0	0	0	0.060	0.162	0	0.462	0.539
AGPS	SDHA	9606.ENSP00000264167	9606.ENSP00000264932	0.045	0	0	0	0.059	0	0.443	0.274	0.588
AGPS	ETFB	9606.ENSP00000264167	9606.ENSP00000346173	0.111	0	0	0	0.186	0.412	0	0.248	0.637
AGPS	SCP2	9606.ENSP00000264167	9606.ENSP00000360569	0	0	0	0	0.079	0.599	0	0.574	0.829
AK1	ATP5F1D	9606.ENSP00000223836	9606.ENSP00000215375	0.042	0	0	0	0.117	0	0.402	0.257	0.573
AK1	ATP6V1A	9606.ENSP00000223836	9606.ENSP00000273398	0	0	0	0	0.074	0	0.287	0.177	0.409
AK1	ATP6V0C	9606.ENSP00000223836	9606.ENSP00000329757	0.053	0	0	0	0.255	0	0.229	0.067	0.425
AK1	ALDOA	9606.ENSP00000223836	9606.ENSP00000496166	0	0	0	0	0.117	0.071	0	0.358	0.428
AK1	MGST3	9606.ENSP00000223836	9606.ENSP00000356864	0	0	0	0	0.047	0.101	0	0.389	0.430
AK1	ATP5F1B	9606.ENSP00000223836	9606.ENSP00000262030	0	0	0	0	0.152	0	0.216	0.228	0.442
AK1	ALDOC	9606.ENSP00000223836	9606.ENSP00000378731	0	0	0	0	0.122	0.071	0	0.393	0.462
AK1	ESD	9606.ENSP00000223836	9606.ENSP00000367992	0	0	0	0	0.075	0	0	0.447	0.467
AK1	ATP5PD	9606.ENSP00000223836	9606.ENSP00000301587	0	0	0	0	0.101	0.053	0.154	0.355	0.473
AK1	OGDH	9606.ENSP00000223836	9606.ENSP00000388183	0	0	0	0	0.056	0	0	0.477	0.485
AK1	ENO1	9606.ENSP00000223836	9606.ENSP00000495530	0.053	0	0	0	0.094	0.189	0	0.410	0.535
AK1	PFKL	9606.ENSP00000223836	9606.ENSP00000269848	0.058	0	0	0	0.095	0	0	0.507	0.543
AK1	SUCLG1	9606.ENSP00000223836	9606.ENSP00000377446	0	0	0	0	0.254	0	0	0.469	0.587
AK1	TPI1	9606.ENSP00000223836	9606.ENSP00000229270	0.089	0	0	0	0.146	0	0	0.516	0.591
AK1	ATP5PO	9606.ENSP00000223836	9606.ENSP00000290299	0	0	0	0	0.338	0	0.287	0.233	0.606
AK1	PPA1	9606.ENSP00000223836	9606.ENSP00000362329	0.061	0	0	0	0.295	0	0	0.468	0.617
AK1	AK4	9606.ENSP00000223836	9606.ENSP00000378743	0	0	0.128	0.750	0.067	0.089	0	0.553	0.625
AK1	PPA2	9606.ENSP00000223836	9606.ENSP00000343885	0.061	0	0	0	0.301	0	0	0.486	0.633
AK1	AK2	9606.ENSP00000223836	9606.ENSP00000499935	0	0	0.111	0.797	0.087	0.211	0	0.543	0.669
AK1	ATP5F1C	9606.ENSP00000223836	9606.ENSP00000349142	0	0	0	0	0.406	0	0.402	0.209	0.695
AK1	NT5C	9606.ENSP00000223836	9606.ENSP00000245552	0	0	0	0	0.055	0	0.684	0.108	0.711
AK1	ATP5F1A	9606.ENSP00000223836	9606.ENSP00000381736	0	0	0	0	0.374	0	0.402	0.305	0.717
AK1	PGM1	9606.ENSP00000223836	9606.ENSP00000360124	0	0	0	0	0	0	0	0.760	0.760
AK1	DCK	9606.ENSP00000223836	9606.ENSP00000286648	0	0	0	0	0.055	0	0.910	0.222	0.928
AK1	PKM	9606.ENSP00000223836	9606.ENSP00000320171	0.055	0	0	0	0.081	0	0.900	0.370	0.938
AK2	ATP5F1D	9606.ENSP00000499935	9606.ENSP00000215375	0.042	0	0	0	0.258	0	0.402	0.129	0.580
AK2	TPI1	9606.ENSP00000499935	9606.ENSP00000229270	0.089	0	0	0	0.180	0	0	0.306	0.436
AK2	NT5C	9606.ENSP00000499935	9606.ENSP00000245552	0	0	0	0	0.056	0	0.684	0.144	0.722
AK2	ATP5F1B	9606.ENSP00000499935	9606.ENSP00000262030	0	0	0	0	0.173	0	0.216	0.351	0.543
AK2	ATP6V1A	9606.ENSP00000499935	9606.ENSP00000273398	0	0	0	0	0.058	0	0.287	0.263	0.462
AK2	DCK	9606.ENSP00000499935	9606.ENSP00000286648	0	0	0	0	0.055	0	0.907	0.198	0.923
AK2	ATP5PO	9606.ENSP00000499935	9606.ENSP00000290299	0	0	0	0	0.362	0	0.287	0.184	0.597
AK2	TK2	9606.ENSP00000499935	9606.ENSP00000299697	0	0	0	0	0.055	0	0.113	0.441	0.490
AK2	ATP5PD	9606.ENSP00000499935	9606.ENSP00000301587	0	0	0	0	0.170	0.069	0.126	0.241	0.419
AK2	TYMS	9606.ENSP00000499935	9606.ENSP00000315644	0.071	0	0	0	0.126	0	0.181	0.238	0.425
AK2	PKM	9606.ENSP00000499935	9606.ENSP00000320171	0.055	0	0	0	0.094	0.162	0.900	0.340	0.944
AK2	ATP6V0C	9606.ENSP00000499935	9606.ENSP00000329757	0.053	0	0	0	0.250	0	0.231	0.067	0.422
AK2	PPA2	9606.ENSP00000499935	9606.ENSP00000343885	0.061	0	0	0	0.325	0	0	0.164	0.423
AK2	ATP5F1C	9606.ENSP00000499935	9606.ENSP00000349142	0	0	0	0	0.421	0	0.423	0.242	0.725
AK2	PGM1	9606.ENSP00000499935	9606.ENSP00000360124	0	0	0	0	0.067	0	0	0.847	0.852
AK2	CMPK1	9606.ENSP00000499935	9606.ENSP00000360939	0	0	0.108	0.747	0.095	0.098	0	0.314	0.435
AK2	PPA1	9606.ENSP00000499935	9606.ENSP00000362329	0.061	0	0	0	0.326	0	0	0.203	0.452
AK2	PGK1	9606.ENSP00000499935	9606.ENSP00000362413	0.057	0	0	0	0.127	0.085	0	0.305	0.407
AK2	GLRX	9606.ENSP00000499935	9606.ENSP00000369314	0.043	0	0	0	0.112	0	0.287	0.182	0.438
AK2	SUCLG1	9606.ENSP00000499935	9606.ENSP00000377446	0	0	0	0	0.298	0	0	0.239	0.443
AK2	AK4	9606.ENSP00000499935	9606.ENSP00000378743	0	0	0.100	0.878	0.060	0.162	0	0.448	0.556
AK2	ATP5F1A	9606.ENSP00000499935	9606.ENSP00000381736	0	0	0	0	0.386	0	0.402	0.248	0.700
AK2	TKT	9606.ENSP00000499935	9606.ENSP00000391481	0	0	0	0	0.145	0.214	0	0.283	0.477
AK2	H6PD	9606.ENSP00000499935	9606.ENSP00000473348	0.056	0	0	0	0.140	0	0	0.325	0.404
AK2	ENO1	9606.ENSP00000499935	9606.ENSP00000495530	0.053	0	0	0	0.187	0.239	0	0.826	0.884
AK4	ATP5F1D	9606.ENSP00000378743	9606.ENSP00000215375	0.042	0	0	0	0.092	0	0.402	0.097	0.467
AK4	TPI1	9606.ENSP00000378743	9606.ENSP00000229270	0.089	0	0	0	0.178	0	0	0.290	0.422
AK4	NT5C	9606.ENSP00000378743	9606.ENSP00000245552	0	0	0	0	0.049	0	0.684	0.046	0.688
AK4	DCK	9606.ENSP00000378743	9606.ENSP00000286648	0	0	0	0	0.055	0	0.907	0.254	0.929
AK4	ATP5PO	9606.ENSP00000378743	9606.ENSP00000290299	0	0	0	0	0.336	0	0.287	0.174	0.575
AK4	TK2	9606.ENSP00000378743	9606.ENSP00000299697	0	0	0	0	0.055	0	0.113	0.548	0.588
AK4	PKM	9606.ENSP00000378743	9606.ENSP00000320171	0.055	0	0	0	0.088	0	0.900	0.265	0.928
AK4	ATP6V0C	9606.ENSP00000378743	9606.ENSP00000329757	0.053	0	0	0	0.244	0	0.231	0.067	0.418
AK4	PPA2	9606.ENSP00000378743	9606.ENSP00000343885	0.061	0	0	0	0.297	0	0	0.218	0.439
AK4	ATP5F1C	9606.ENSP00000378743	9606.ENSP00000349142	0	0	0	0	0.406	0	0.423	0.254	0.722
AK4	PPA1	9606.ENSP00000378743	9606.ENSP00000362329	0.061	0	0	0	0.297	0	0	0.205	0.430
AK4	PGK1	9606.ENSP00000378743	9606.ENSP00000362413	0.057	0	0	0	0.126	0.071	0	0.381	0.463
AK4	LDHA	9606.ENSP00000378743	9606.ENSP00000445175	0	0	0	0	0.142	0	0	0.356	0.424
AK4	ENO2	9606.ENSP00000378743	9606.ENSP00000437402	0.053	0	0	0	0.101	0.239	0	0.238	0.440
AK4	ENO1	9606.ENSP00000378743	9606.ENSP00000495530	0.053	0	0	0	0.125	0.309	0	0.337	0.570
AK4	ATP5F1A	9606.ENSP00000378743	9606.ENSP00000381736	0	0	0	0	0.370	0	0.402	0.204	0.674
AKR1A1	TPI1	9606.ENSP00000361140	9606.ENSP00000229270	0	0	0	0	0.134	0	0	0.392	0.451
AKR1A1	AKR7A2	9606.ENSP00000361140	9606.ENSP00000235835	0.054	0	0	0	0.256	0	0.183	0.780	0.856
AKR1A1	ALDH2	9606.ENSP00000361140	9606.ENSP00000261733	0	0	0	0	0.114	0.045	0.910	0.355	0.944
AKR1A1	PRDX1	9606.ENSP00000361140	9606.ENSP00000262746	0	0	0	0	0.305	0.071	0	0.243	0.469
AKR1A1	OXSM	9606.ENSP00000361140	9606.ENSP00000280701	0	0	0	0	0.060	0	0.280	0.192	0.406
AKR1A1	CBR1	9606.ENSP00000361140	9606.ENSP00000290349	0	0	0	0	0.126	0.045	0.098	0.893	0.909
AKR1A1	CBR3	9606.ENSP00000361140	9606.ENSP00000290354	0	0	0	0	0.111	0.045	0.098	0.911	0.923
AKR1A1	GUSB	9606.ENSP00000361140	9606.ENSP00000302728	0	0	0	0	0.116	0	0.900	0.131	0.916
AKR1A1	TALDO1	9606.ENSP00000361140	9606.ENSP00000321259	0	0	0	0	0.216	0.204	0	0.318	0.537
AKR1A1	DHRS4	9606.ENSP00000361140	9606.ENSP00000326219	0	0	0	0	0.183	0.045	0.098	0.301	0.442
AKR1A1	ALDH3A2	9606.ENSP00000361140	9606.ENSP00000345774	0	0	0	0	0.108	0.045	0.910	0.510	0.957
AKR1A1	ALDH9A1	9606.ENSP00000361140	9606.ENSP00000346827	0	0	0	0	0.120	0.045	0.910	0.410	0.949
AKR1A1	ECHS1	9606.ENSP00000361140	9606.ENSP00000357535	0.045	0	0	0	0.281	0.224	0.103	0.324	0.618
AKR1A1	ENO1	9606.ENSP00000361140	9606.ENSP00000495530	0	0	0	0	0.148	0.072	0	0.302	0.400
AKR1A1	H6PD	9606.ENSP00000361140	9606.ENSP00000473348	0.057	0	0	0	0.123	0	0	0.345	0.411
AKR1A1	TKT	9606.ENSP00000361140	9606.ENSP00000391481	0	0	0	0	0.158	0.208	0	0.281	0.478
AKR7A2	OXSM	9606.ENSP00000235835	9606.ENSP00000280701	0	0	0	0	0.060	0	0.400	0.088	0.441
AKR7A2	CBR3	9606.ENSP00000235835	9606.ENSP00000290354	0.043	0	0	0	0.063	0.048	0	0.431	0.450
AKR7A2	CBR1	9606.ENSP00000235835	9606.ENSP00000290349	0.043	0	0	0	0.071	0.048	0	0.543	0.561
AKR7A2	ALDH5A1	9606.ENSP00000235835	9606.ENSP00000314649	0	0	0	0	0.067	0.057	0.105	0.719	0.749
ALDH1A1	TPI1	9606.ENSP00000297785	9606.ENSP00000229270	0.057	0	0	0	0.067	0.095	0.286	0.515	0.674
ALDH1A1	SDHA	9606.ENSP00000297785	9606.ENSP00000264932	0.042	0	0	0	0.208	0.074	0.287	0.222	0.539
ALDH1A1	CBR1	9606.ENSP00000297785	9606.ENSP00000290349	0.042	0	0	0	0.140	0.069	0.173	0.216	0.412
ALDH1A1	SUCLG2	9606.ENSP00000297785	9606.ENSP00000419325	0.057	0	0	0	0.159	0.053	0.218	0.142	0.404
ALDH1A1	SUCLA2	9606.ENSP00000297785	9606.ENSP00000494360	0.057	0	0	0	0.170	0.066	0.218	0.122	0.406
ALDH1A1	CTBP2	9606.ENSP00000297785	9606.ENSP00000311825	0.048	0	0	0	0.074	0.104	0.218	0.197	0.414
ALDH1A1	H6PD	9606.ENSP00000297785	9606.ENSP00000473348	0.098	0	0	0	0.069	0.077	0	0.347	0.427
ALDH1A1	CS	9606.ENSP00000297785	9606.ENSP00000342056	0.057	0	0	0	0.296	0.063	0	0.189	0.428
ALDH1A1	HMGCL	9606.ENSP00000297785	9606.ENSP00000363614	0.057	0	0	0	0.115	0	0.248	0.199	0.431
ALDH1A1	HSD17B4	9606.ENSP00000297785	9606.ENSP00000411960	0	0	0	0	0.265	0	0.201	0.136	0.448
ALDH1A1	HADHB	9606.ENSP00000297785	9606.ENSP00000325136	0	0	0	0	0.133	0.066	0.214	0.236	0.449
ALDH1A1	OAT	9606.ENSP00000297785	9606.ENSP00000357838	0.061	0.005	0	0	0.134	0	0.287	0.164	0.450
ALDH1A1	TK1	9606.ENSP00000297785	9606.ENSP00000468425	0	0	0	0	0.049	0	0	0.463	0.467
ALDH1A1	SUCLG1	9606.ENSP00000297785	9606.ENSP00000377446	0.061	0	0	0	0.201	0	0.286	0.164	0.492
ALDH1A1	RDH11	9606.ENSP00000297785	9606.ENSP00000370750	0.042	0	0	0	0.109	0.069	0.913	0.397	0.951
ALDH1A1	DHRS4	9606.ENSP00000297785	9606.ENSP00000326219	0.042	0	0	0	0.139	0.069	0.913	0.534	0.963
ALDH2	TPI1	9606.ENSP00000261733	9606.ENSP00000229270	0.057	0	0	0	0.074	0.095	0.286	0.352	0.568
ALDH2	TK1	9606.ENSP00000261733	9606.ENSP00000468425	0	0	0	0	0.067	0	0	0.384	0.401
ALDH2	PGM1	9606.ENSP00000261733	9606.ENSP00000360124	0	0	0	0	0.148	0.235	0	0.155	0.401
ALDH2	ECI1	9606.ENSP00000261733	9606.ENSP00000301729	0	0	0	0	0.117	0.045	0.184	0.239	0.407
ALDH2	ESD	9606.ENSP00000261733	9606.ENSP00000367992	0	0	0	0	0.109	0.211	0	0.244	0.423
ALDH2	HADHA	9606.ENSP00000261733	9606.ENSP00000370023	0	0	0	0	0.116	0.045	0.184	0.262	0.424
ALDH2	H6PD	9606.ENSP00000261733	9606.ENSP00000473348	0.098	0	0	0	0.076	0.077	0	0.355	0.438
ALDH2	HMGCL	9606.ENSP00000261733	9606.ENSP00000363614	0.057	0	0	0	0.131	0	0.248	0.204	0.444
ALDH2	OGDH	9606.ENSP00000261733	9606.ENSP00000388183	0	0	0	0	0.112	0	0.218	0.268	0.447
ALDH2	SUCLG2	9606.ENSP00000261733	9606.ENSP00000419325	0.057	0	0	0	0.152	0.053	0.218	0.219	0.453
ALDH2	DLAT	9606.ENSP00000261733	9606.ENSP00000280346	0.042	0	0	0	0.111	0.050	0.217	0.277	0.459
ALDH2	LDHA	9606.ENSP00000261733	9606.ENSP00000445175	0	0	0	0	0.057	0.229	0.112	0.270	0.467
ALDH2	HSD17B4	9606.ENSP00000261733	9606.ENSP00000411960	0	0	0	0	0.291	0	0.201	0.139	0.470
ALDH2	SUCLA2	9606.ENSP00000261733	9606.ENSP00000494360	0.057	0	0	0	0.158	0.066	0.218	0.262	0.494
ALDH2	SUCLG1	9606.ENSP00000261733	9606.ENSP00000377446	0.061	0	0	0	0.201	0	0.286	0.188	0.507
ALDH2	OAT	9606.ENSP00000261733	9606.ENSP00000357838	0.061	0.002	0	0	0.141	0	0.287	0.293	0.539
ALDH2	HADHB	9606.ENSP00000261733	9606.ENSP00000325136	0	0	0	0	0.167	0.066	0.214	0.343	0.544
ALDH2	CS	9606.ENSP00000261733	9606.ENSP00000342056	0.057	0	0	0	0.309	0.176	0	0.259	0.549
ALDH2	SOD2	9606.ENSP00000261733	9606.ENSP00000446252	0	0	0	0	0.088	0.231	0	0.412	0.552
ALDH2	SDHA	9606.ENSP00000261733	9606.ENSP00000264932	0.042	0	0	0	0.214	0.074	0.287	0.299	0.588
ALDH2	ECHS1	9606.ENSP00000261733	9606.ENSP00000357535	0	0	0	0	0.148	0.051	0.184	0.539	0.655
ALDH2	COMT	9606.ENSP00000261733	9606.ENSP00000354511	0	0	0	0	0.094	0	0.163	0.615	0.682
ALDH2	ECHDC1	9606.ENSP00000261733	9606.ENSP00000436585	0	0	0	0	0.094	0.045	0.829	0.102	0.850
ALDH2	GLUD1	9606.ENSP00000261733	9606.ENSP00000277865	0.050	0	0	0	0.133	0.091	0.815	0.231	0.874
ALDH2	CNDP2	9606.ENSP00000261733	9606.ENSP00000325548	0.045	0	0	0	0.058	0	0.900	0.144	0.912
ALDH2	ALDH3A2	9606.ENSP00000261733	9606.ENSP00000345774	0	0	0	0.629	0.121	0	0.900	0.290	0.932
ALDH2	ALDH6A1	9606.ENSP00000261733	9606.ENSP00000450436	0	0	0.097	0.734	0.112	0.465	0.900	0.239	0.961
ALDH3A2	TPI1	9606.ENSP00000345774	9606.ENSP00000229270	0.057	0	0	0	0.067	0.095	0.286	0.365	0.573
ALDH3A2	FAHD2A	9606.ENSP00000345774	9606.ENSP00000233379	0.046	0	0	0	0.199	0	0.217	0.116	0.400
ALDH3A2	SDHA	9606.ENSP00000345774	9606.ENSP00000264932	0.042	0	0	0	0.242	0.071	0.287	0.278	0.590
ALDH3A2	GLUD1	9606.ENSP00000345774	9606.ENSP00000277865	0.050	0	0	0	0.150	0.078	0.815	0.366	0.896
ALDH3A2	DLAT	9606.ENSP00000345774	9606.ENSP00000280346	0.042	0	0	0	0.127	0.045	0.217	0.245	0.442
ALDH3A2	CBR1	9606.ENSP00000345774	9606.ENSP00000290349	0.042	0	0	0	0.172	0.069	0.173	0.266	0.470
ALDH3A2	BDH2	9606.ENSP00000345774	9606.ENSP00000296424	0.042	0	0	0	0.133	0.069	0.173	0.273	0.451
ALDH3A2	HADHB	9606.ENSP00000345774	9606.ENSP00000325136	0	0	0	0	0.161	0	0.214	0.336	0.524
ALDH3A2	CNDP2	9606.ENSP00000345774	9606.ENSP00000325548	0.045	0	0	0	0.060	0	0.900	0.293	0.928
ALDH3A2	DLST	9606.ENSP00000345774	9606.ENSP00000335304	0.042	0	0	0	0.123	0.045	0.217	0.208	0.412
ALDH3A2	CS	9606.ENSP00000345774	9606.ENSP00000342056	0.057	0	0	0	0.306	0.063	0	0.319	0.527
ALDH3A2	SUCLA2	9606.ENSP00000345774	9606.ENSP00000494360	0.057	0	0	0	0.177	0.053	0.218	0.122	0.403
ALDH3A2	HSD17B11	9606.ENSP00000345774	9606.ENSP00000351035	0.042	0	0	0	0.109	0.101	0.173	0.209	0.406
ALDH3A2	SUCLG2	9606.ENSP00000345774	9606.ENSP00000419325	0.057	0	0	0	0.189	0.053	0.218	0.122	0.412
ALDH3A2	SCP2	9606.ENSP00000345774	9606.ENSP00000360569	0	0	0	0	0.158	0	0.201	0.225	0.433
ALDH3A2	HADHA	9606.ENSP00000345774	9606.ENSP00000370023	0	0	0	0	0.121	0.045	0.184	0.286	0.445
ALDH3A2	COMT	9606.ENSP00000345774	9606.ENSP00000354511	0	0	0	0	0.064	0	0.152	0.368	0.455
ALDH3A2	H6PD	9606.ENSP00000345774	9606.ENSP00000473348	0.098	0	0	0	0.097	0.077	0	0.362	0.456
ALDH3A2	HMGCL	9606.ENSP00000345774	9606.ENSP00000363614	0.057	0	0	0	0.130	0	0.248	0.246	0.473
ALDH3A2	SGPL1	9606.ENSP00000345774	9606.ENSP00000362298	0	0	0	0	0.125	0.047	0.176	0.324	0.474
ALDH3A2	OGDH	9606.ENSP00000345774	9606.ENSP00000388183	0	0	0	0	0.190	0	0.218	0.245	0.480
ALDH3A2	OAT	9606.ENSP00000345774	9606.ENSP00000357838	0.061	0	0	0	0.143	0	0.287	0.253	0.514
ALDH3A2	ECHS1	9606.ENSP00000345774	9606.ENSP00000357535	0	0	0	0	0.142	0.045	0.184	0.365	0.518
ALDH3A2	SUCLG1	9606.ENSP00000345774	9606.ENSP00000377446	0.061	0	0	0	0.231	0	0.286	0.253	0.563
ALDH3A2	HSD17B4	9606.ENSP00000345774	9606.ENSP00000411960	0	0	0	0	0.189	0	0.201	0.507	0.653
ALDH3A2	ECHDC1	9606.ENSP00000345774	9606.ENSP00000436585	0	0	0	0	0.111	0.045	0.829	0.176	0.865
ALDH3A2	ALDH6A1	9606.ENSP00000345774	9606.ENSP00000450436	0	0	0	0.594	0.103	0.114	0.900	0.326	0.939
ALDH5A1	PCK2	9606.ENSP00000314649	9606.ENSP00000216780	0	0	0	0	0.131	0	0.800	0.160	0.841
ALDH5A1	IDH3G	9606.ENSP00000314649	9606.ENSP00000217901	0.053	0	0	0	0.058	0.094	0.800	0.185	0.844
ALDH5A1	PDHX	9606.ENSP00000314649	9606.ENSP00000227868	0.042	0	0	0	0.119	0.045	0.217	0.269	0.454
ALDH5A1	TPI1	9606.ENSP00000314649	9606.ENSP00000229270	0.057	0	0	0	0.075	0.095	0.286	0.441	0.627
ALDH5A1	FAHD2A	9606.ENSP00000314649	9606.ENSP00000233379	0.046	0	0	0	0.207	0	0.217	0.116	0.406
ALDH5A1	MECR	9606.ENSP00000314649	9606.ENSP00000263702	0	0	0	0	0.267	0.091	0.185	0.144	0.473
ALDH5A1	SDHA	9606.ENSP00000314649	9606.ENSP00000264932	0.042	0	0	0	0.225	0.071	0.287	0.385	0.642
ALDH5A1	GLUD1	9606.ENSP00000314649	9606.ENSP00000277865	0.050	0	0	0	0.115	0.078	0.114	0.568	0.650
ALDH5A1	DLAT	9606.ENSP00000314649	9606.ENSP00000280346	0.042	0	0	0	0.126	0.045	0.217	0.253	0.447
ALDH5A1	RPIA	9606.ENSP00000314649	9606.ENSP00000283646	0.047	0	0	0	0.207	0	0	0.299	0.424
ALDH5A1	PDHB	9606.ENSP00000314649	9606.ENSP00000307241	0.053	0	0	0	0.092	0.048	0	0.375	0.420
ALDH5A1	CYB5B	9606.ENSP00000314649	9606.ENSP00000308430	0	0	0	0	0.099	0.050	0.105	0.358	0.442
ALDH5A1	HADHB	9606.ENSP00000314649	9606.ENSP00000325136	0	0	0	0	0.118	0	0.214	0.279	0.457
ALDH5A1	ECHS1	9606.ENSP00000314649	9606.ENSP00000357535	0	0	0	0	0.097	0.045	0.184	0.334	0.468
ALDH5A1	ME2	9606.ENSP00000314649	9606.ENSP00000321070	0	0	0	0	0.130	0	0.155	0.337	0.471
ALDH5A1	HSD17B4	9606.ENSP00000314649	9606.ENSP00000411960	0	0	0	0	0.194	0	0.201	0.251	0.476
ALDH5A1	SUCLG2	9606.ENSP00000314649	9606.ENSP00000419325	0.057	0	0	0	0.159	0.053	0.218	0.252	0.481
ALDH5A1	ETFB	9606.ENSP00000314649	9606.ENSP00000346173	0.054	0	0	0	0.066	0.071	0.122	0.397	0.486
ALDH5A1	ALDH6A1	9606.ENSP00000314649	9606.ENSP00000450436	0	0	0.120	0.705	0.161	0.127	0	0.298	0.487
ALDH5A1	HMGCL	9606.ENSP00000314649	9606.ENSP00000363614	0.057	0	0	0	0.125	0	0.248	0.271	0.487
ALDH5A1	H6PD	9606.ENSP00000314649	9606.ENSP00000473348	0.098	0	0	0	0.106	0.077	0	0.398	0.492
ALDH5A1	PGK1	9606.ENSP00000314649	9606.ENSP00000362413	0	0	0	0	0.075	0.091	0	0.483	0.528
ALDH5A1	SGPL1	9606.ENSP00000314649	9606.ENSP00000362298	0	0	0	0	0.116	0.079	0.176	0.385	0.532
ALDH5A1	COMT	9606.ENSP00000314649	9606.ENSP00000354511	0	0	0	0	0.091	0	0.154	0.442	0.533
ALDH5A1	SUCLA2	9606.ENSP00000314649	9606.ENSP00000494360	0.057	0	0	0	0.152	0.053	0.218	0.457	0.620
ALDH5A1	OAT	9606.ENSP00000314649	9606.ENSP00000357838	0.061	0.017	0	0	0.128	0	0.287	0.512	0.677
ALDH5A1	SUCLG1	9606.ENSP00000314649	9606.ENSP00000377446	0.061	0	0	0	0.213	0	0.286	0.470	0.683
ALDH5A1	PC	9606.ENSP00000314649	9606.ENSP00000498994	0	0	0	0	0.069	0	0.800	0.434	0.885
ALDH5A1	OGDH	9606.ENSP00000314649	9606.ENSP00000388183	0	0	0	0	0.126	0	0.836	0.504	0.923
ALDH5A1	CS	9606.ENSP00000314649	9606.ENSP00000342056	0.057	0	0	0	0.307	0.063	0.800	0.519	0.930
ALDH6A1	TPI1	9606.ENSP00000450436	9606.ENSP00000229270	0	0	0	0	0.110	0.265	0	0.284	0.491
ALDH6A1	MCCC1	9606.ENSP00000450436	9606.ENSP00000265594	0	0	0	0	0.218	0	0.154	0.369	0.547
ALDH6A1	MMUT	9606.ENSP00000450436	9606.ENSP00000274813	0	0	0	0	0.232	0	0	0.303	0.442
ALDH6A1	DLAT	9606.ENSP00000450436	9606.ENSP00000280346	0	0	0	0	0.115	0	0.800	0.249	0.855
ALDH6A1	ECI1	9606.ENSP00000450436	9606.ENSP00000301729	0	0	0	0	0.163	0.104	0	0.413	0.521
ALDH6A1	HADHB	9606.ENSP00000450436	9606.ENSP00000325136	0	0	0	0	0.195	0.100	0.900	0.354	0.947
ALDH6A1	MCCC2	9606.ENSP00000450436	9606.ENSP00000343657	0	0	0	0	0.218	0.097	0.154	0.376	0.577
ALDH6A1	ALDH9A1	9606.ENSP00000450436	9606.ENSP00000346827	0	0	0.117	0.758	0.110	0.114	0.900	0.241	0.937
ALDH6A1	ECHS1	9606.ENSP00000450436	9606.ENSP00000357535	0	0	0	0	0.178	0.127	0	0.645	0.723
ALDH6A1	HMGCL	9606.ENSP00000450436	9606.ENSP00000363614	0	0	0	0	0.174	0	0	0.477	0.550
ALDH6A1	HADHA	9606.ENSP00000450436	9606.ENSP00000370023	0	0	0	0	0.163	0.104	0	0.387	0.500
ALDH6A1	BDH1	9606.ENSP00000450436	9606.ENSP00000376184	0	0	0	0	0.498	0	0	0.118	0.538
ALDH6A1	SUCLG2	9606.ENSP00000450436	9606.ENSP00000419325	0	0	0	0	0.139	0	0	0.377	0.441
ALDH6A1	GSTK1	9606.ENSP00000450436	9606.ENSP00000431049	0	0	0	0	0.115	0.235	0	0.296	0.482
ALDH6A1	ECHDC1	9606.ENSP00000450436	9606.ENSP00000436585	0	0	0	0	0.146	0.127	0.900	0.321	0.942
ALDH9A1	PDHX	9606.ENSP00000346827	9606.ENSP00000227868	0.042	0	0	0	0.196	0.050	0.217	0.360	0.567
ALDH9A1	TPI1	9606.ENSP00000346827	9606.ENSP00000229270	0.057	0	0	0	0.080	0.095	0.286	0.323	0.551
ALDH9A1	FAHD2A	9606.ENSP00000346827	9606.ENSP00000233379	0.046	0	0	0	0.238	0	0.217	0.116	0.429
ALDH9A1	MECR	9606.ENSP00000346827	9606.ENSP00000263702	0	0	0	0	0.421	0.091	0.185	0.092	0.558
ALDH9A1	SDHA	9606.ENSP00000346827	9606.ENSP00000264932	0.042	0	0	0	0.277	0.074	0.287	0.406	0.679
ALDH9A1	GLUD1	9606.ENSP00000346827	9606.ENSP00000277865	0.050	0	0	0	0.218	0.091	0.815	0.154	0.875
ALDH9A1	DLAT	9606.ENSP00000346827	9606.ENSP00000280346	0.042	0	0	0	0.242	0.050	0.217	0.432	0.637
ALDH9A1	CBR1	9606.ENSP00000346827	9606.ENSP00000290349	0.042	0	0	0	0.147	0.069	0.173	0.200	0.405
ALDH9A1	BDH2	9606.ENSP00000346827	9606.ENSP00000296424	0.042	0	0	0	0.298	0.069	0.173	0.198	0.509
ALDH9A1	ECI1	9606.ENSP00000346827	9606.ENSP00000301729	0	0	0	0	0.091	0.045	0.184	0.313	0.448
ALDH9A1	PDHB	9606.ENSP00000346827	9606.ENSP00000307241	0.053	0	0	0	0.292	0.053	0	0.297	0.494
ALDH9A1	TALDO1	9606.ENSP00000346827	9606.ENSP00000321259	0.061	0	0	0	0.173	0.092	0	0.272	0.418
ALDH9A1	HADHB	9606.ENSP00000346827	9606.ENSP00000325136	0	0	0	0	0.234	0.087	0.214	0.541	0.714
ALDH9A1	CNDP2	9606.ENSP00000346827	9606.ENSP00000325548	0.045	0	0	0	0.085	0	0.900	0.263	0.927
ALDH9A1	DLST	9606.ENSP00000346827	9606.ENSP00000335304	0.042	0	0	0	0.161	0.045	0.217	0.167	0.409
ALDH9A1	CS	9606.ENSP00000346827	9606.ENSP00000342056	0.057	0	0	0	0.327	0.063	0	0.418	0.608
ALDH9A1	PPOX	9606.ENSP00000346827	9606.ENSP00000356978	0	0	0	0	0.260	0	0.118	0.163	0.406
ALDH9A1	CPT2	9606.ENSP00000346827	9606.ENSP00000360541	0	0	0	0	0.201	0	0	0.303	0.419
ALDH9A1	OGDH	9606.ENSP00000346827	9606.ENSP00000388183	0	0	0	0	0.163	0	0.218	0.208	0.437
ALDH9A1	DHRS1	9606.ENSP00000346827	9606.ENSP00000380027	0.042	0	0	0	0.147	0.069	0.173	0.264	0.452
ALDH9A1	SUCLA2	9606.ENSP00000346827	9606.ENSP00000494360	0.057	0	0	0	0.191	0.066	0.218	0.186	0.463
ALDH9A1	HSD17B4	9606.ENSP00000346827	9606.ENSP00000411960	0	0	0	0	0.286	0	0.201	0.153	0.475
ALDH9A1	OAT	9606.ENSP00000346827	9606.ENSP00000357838	0.061	0	0	0	0.152	0	0.287	0.187	0.477
ALDH9A1	PDHA1	9606.ENSP00000346827	9606.ENSP00000369134	0	0	0	0	0.154	0.173	0	0.343	0.500
ALDH9A1	H6PD	9606.ENSP00000346827	9606.ENSP00000473348	0.098	0	0	0	0.187	0.077	0	0.350	0.501
ALDH9A1	SUCLG2	9606.ENSP00000346827	9606.ENSP00000419325	0.057	0	0	0	0.300	0.053	0.218	0.150	0.509
ALDH9A1	SCP2	9606.ENSP00000346827	9606.ENSP00000360569	0	0	0	0	0.382	0	0.201	0.125	0.530
ALDH9A1	HMGCL	9606.ENSP00000346827	9606.ENSP00000363614	0.057	0	0	0	0.138	0	0.248	0.341	0.544
ALDH9A1	SUCLG1	9606.ENSP00000346827	9606.ENSP00000377446	0.061	0	0	0	0.296	0	0.286	0.188	0.566
ALDH9A1	HADHA	9606.ENSP00000346827	9606.ENSP00000370023	0	0	0	0	0.360	0.045	0.184	0.382	0.651
ALDH9A1	ECHS1	9606.ENSP00000346827	9606.ENSP00000357535	0	0	0	0	0.241	0.185	0.184	0.395	0.654
ALDH9A1	ECHDC1	9606.ENSP00000346827	9606.ENSP00000436585	0	0	0	0	0.083	0.045	0.829	0.102	0.848
ALDOA	PYGM	9606.ENSP00000496166	9606.ENSP00000164139	0.042	0	0	0	0.192	0.053	0	0.679	0.733
ALDOA	UQCRC1	9606.ENSP00000496166	9606.ENSP00000203407	0	0	0	0	0.401	0	0	0.374	0.609
ALDOA	ATP5F1D	9606.ENSP00000496166	9606.ENSP00000215375	0	0	0	0	0.273	0	0	0.359	0.515
ALDOA	PCK2	9606.ENSP00000496166	9606.ENSP00000216780	0	0	0	0	0.122	0	0	0.412	0.461
ALDOA	PYGB	9606.ENSP00000496166	9606.ENSP00000216962	0.042	0	0	0	0.212	0.053	0	0.413	0.525
ALDOA	TPI1	9606.ENSP00000496166	9606.ENSP00000229270	0.045	0	0	0	0.515	0.292	0.956	0.867	0.997
ALDOA	ATP6V1E1	9606.ENSP00000496166	9606.ENSP00000253413	0	0	0	0	0.135	0.230	0	0.190	0.413
ALDOA	COX5B	9606.ENSP00000496166	9606.ENSP00000258424	0	0	0	0	0.298	0	0	0.239	0.443
ALDOA	ATP5F1B	9606.ENSP00000496166	9606.ENSP00000262030	0	0	0	0	0.261	0	0	0.424	0.557
ALDOA	PRDX1	9606.ENSP00000496166	9606.ENSP00000262746	0	0	0	0	0.119	0.068	0	0.383	0.449
ALDOA	SDHA	9606.ENSP00000496166	9606.ENSP00000264932	0	0	0	0	0.117	0	0	0.469	0.511
ALDOA	PFKL	9606.ENSP00000496166	9606.ENSP00000269848	0.055	0	0	0	0.173	0	0.932	0.866	0.992
ALDOA	DLAT	9606.ENSP00000496166	9606.ENSP00000280346	0	0	0	0	0.042	0	0	0.479	0.479
ALDOA	RPIA	9606.ENSP00000496166	9606.ENSP00000283646	0	0	0	0	0.042	0	0	0.507	0.507
ALDOA	HK2	9606.ENSP00000496166	9606.ENSP00000290573	0	0	0	0	0.096	0	0.800	0.600	0.921
ALDOA	ATP5PD	9606.ENSP00000496166	9606.ENSP00000301587	0	0	0	0	0.149	0	0	0.331	0.407
ALDOA	PDHB	9606.ENSP00000496166	9606.ENSP00000307241	0.044	0	0	0	0.135	0	0.842	0.530	0.930
ALDOA	PKM	9606.ENSP00000496166	9606.ENSP00000320171	0.069	0	0	0	0.376	0.187	0.820	0.836	0.983
ALDOA	TALDO1	9606.ENSP00000496166	9606.ENSP00000321259	0	0	0	0	0.232	0.186	0.911	0.566	0.972
ALDOA	CS	9606.ENSP00000496166	9606.ENSP00000342056	0	0	0	0	0.187	0.170	0	0.515	0.644
ALDOA	ECHS1	9606.ENSP00000496166	9606.ENSP00000357535	0	0	0	0	0.110	0.204	0	0.332	0.486
ALDOA	PGM1	9606.ENSP00000496166	9606.ENSP00000360124	0	0	0	0	0.196	0	0	0.636	0.695
ALDOA	SLC25A5	9606.ENSP00000496166	9606.ENSP00000360671	0	0	0	0	0.280	0	0	0.226	0.419
ALDOA	PGK1	9606.ENSP00000496166	9606.ENSP00000362413	0.079	0	0	0	0.382	0.381	0.312	0.870	0.962
ALDOA	PDHA1	9606.ENSP00000496166	9606.ENSP00000369134	0	0	0	0	0.117	0	0	0.488	0.529
ALDOA	PFKP	9606.ENSP00000496166	9606.ENSP00000370517	0.055	0	0	0	0.152	0	0.932	0.812	0.988
ALDOA	G6PD	9606.ENSP00000496166	9606.ENSP00000377192	0	0	0	0	0.120	0	0.800	0.449	0.894
ALDOA	SUCLG1	9606.ENSP00000496166	9606.ENSP00000377446	0	0	0	0	0.083	0	0	0.387	0.415
ALDOA	TKFC	9606.ENSP00000496166	9606.ENSP00000378360	0	0	0	0	0.073	0	0.900	0.207	0.920
ALDOA	BCKDK	9606.ENSP00000496166	9606.ENSP00000378405	0	0	0	0	0.195	0	0	0.535	0.610
ALDOA	ALDOC	9606.ENSP00000496166	9606.ENSP00000378731	0	0	0.050	0.981	0.086	0.889	0.900	0.404	0.993
ALDOA	ATP5F1A	9606.ENSP00000496166	9606.ENSP00000381736	0	0	0	0	0.244	0	0	0.485	0.595
ALDOA	OGDH	9606.ENSP00000496166	9606.ENSP00000388183	0	0	0	0	0.106	0	0	0.443	0.481
ALDOA	TKT	9606.ENSP00000496166	9606.ENSP00000391481	0.079	0	0	0	0.109	0.174	0.932	0.506	0.973
ALDOA	GBE1	9606.ENSP00000496166	9606.ENSP00000410833	0	0	0	0	0.088	0	0	0.412	0.441
ALDOA	ENO2	9606.ENSP00000496166	9606.ENSP00000437402	0	0	0	0	0.233	0.072	0.820	0.602	0.942
ALDOA	LDHA	9606.ENSP00000496166	9606.ENSP00000445175	0	0	0	0	0.281	0.205	0.800	0.797	0.973
ALDOA	SOD2	9606.ENSP00000496166	9606.ENSP00000446252	0	0	0	0	0.082	0.207	0	0.261	0.416
ALDOA	COX4I1	9606.ENSP00000496166	9606.ENSP00000457513	0	0	0	0	0.215	0.186	0	0.209	0.451
ALDOA	H6PD	9606.ENSP00000496166	9606.ENSP00000473348	0	0	0	0	0.069	0	0.800	0.534	0.905
ALDOA	SUCLA2	9606.ENSP00000496166	9606.ENSP00000494360	0	0	0	0	0.091	0	0	0.381	0.414
ALDOA	HK1	9606.ENSP00000496166	9606.ENSP00000494664	0	0	0	0	0.120	0	0.800	0.685	0.939
ALDOA	ENO1	9606.ENSP00000496166	9606.ENSP00000495530	0	0	0	0	0.452	0.215	0.820	0.869	0.988
ALDOA	PC	9606.ENSP00000496166	9606.ENSP00000498994	0	0	0	0	0.062	0	0	0.418	0.431
ALDOC	PYGM	9606.ENSP00000378731	9606.ENSP00000164139	0.042	0	0	0	0.193	0.053	0	0.395	0.498
ALDOC	PCK2	9606.ENSP00000378731	9606.ENSP00000216780	0	0	0	0	0.115	0	0	0.386	0.433
ALDOC	PYGB	9606.ENSP00000378731	9606.ENSP00000216962	0.042	0	0	0	0.202	0.053	0	0.325	0.446
ALDOC	TPI1	9606.ENSP00000378731	9606.ENSP00000229270	0.045	0	0	0	0.256	0	0.956	0.692	0.989
ALDOC	ATP6V1E1	9606.ENSP00000378731	9606.ENSP00000253413	0	0	0	0	0.121	0.230	0	0.236	0.438
ALDOC	ATP5F1B	9606.ENSP00000378731	9606.ENSP00000262030	0	0	0	0	0.153	0	0	0.350	0.426
ALDOC	PFKL	9606.ENSP00000378731	9606.ENSP00000269848	0.055	0	0	0	0.127	0	0.932	0.676	0.979
ALDOC	DLAT	9606.ENSP00000378731	9606.ENSP00000280346	0	0	0	0	0.049	0	0	0.412	0.417
ALDOC	RPIA	9606.ENSP00000378731	9606.ENSP00000283646	0	0	0	0	0	0	0	0.435	0.435
ALDOC	HK2	9606.ENSP00000378731	9606.ENSP00000290573	0	0	0	0	0.078	0	0.800	0.407	0.881
ALDOC	PDHB	9606.ENSP00000378731	9606.ENSP00000307241	0.044	0	0	0	0.091	0	0.842	0.495	0.921
ALDOC	PKM	9606.ENSP00000378731	9606.ENSP00000320171	0.069	0	0	0	0.141	0.140	0.820	0.613	0.943
ALDOC	TALDO1	9606.ENSP00000378731	9606.ENSP00000321259	0	0	0	0	0.148	0	0.911	0.517	0.960
ALDOC	CS	9606.ENSP00000378731	9606.ENSP00000342056	0	0	0	0	0.114	0.045	0	0.363	0.415
ALDOC	PGM1	9606.ENSP00000378731	9606.ENSP00000360124	0	0	0	0	0.179	0	0	0.467	0.544
ALDOC	PGK1	9606.ENSP00000378731	9606.ENSP00000362413	0.079	0	0	0	0.167	0.212	0.312	0.665	0.835
ALDOC	PDHA1	9606.ENSP00000378731	9606.ENSP00000369134	0	0	0	0	0.117	0	0	0.399	0.447
ALDOC	PFKP	9606.ENSP00000378731	9606.ENSP00000370517	0.055	0	0	0	0.142	0	0.932	0.666	0.979
ALDOC	G6PD	9606.ENSP00000378731	9606.ENSP00000377192	0	0	0	0	0.069	0	0.800	0.330	0.864
ALDOC	TKFC	9606.ENSP00000378731	9606.ENSP00000378360	0	0	0	0	0.073	0	0.900	0.158	0.915
ALDOC	ATP5F1A	9606.ENSP00000378731	9606.ENSP00000381736	0	0	0	0	0.216	0	0	0.348	0.467
ALDOC	H6PD	9606.ENSP00000378731	9606.ENSP00000473348	0	0	0	0	0.075	0	0.800	0.511	0.901
ALDOC	HK1	9606.ENSP00000378731	9606.ENSP00000494664	0	0	0	0	0.075	0	0.800	0.540	0.907
ALDOC	LDHA	9606.ENSP00000378731	9606.ENSP00000445175	0	0	0	0	0.126	0.059	0.800	0.627	0.930
ALDOC	ENO1	9606.ENSP00000378731	9606.ENSP00000495530	0	0	0	0	0.274	0.072	0.820	0.645	0.951
ALDOC	ENO2	9606.ENSP00000378731	9606.ENSP00000437402	0	0	0	0	0.378	0.072	0.820	0.635	0.957
ALDOC	TKT	9606.ENSP00000378731	9606.ENSP00000391481	0.079	0	0	0	0.089	0.091	0.932	0.382	0.962
ALG1	GALE	9606.ENSP00000262374	9606.ENSP00000483375	0.091	0	0	0	0.082	0	0.402	0.204	0.549
ALG1	MPI	9606.ENSP00000262374	9606.ENSP00000318318	0.044	0	0	0	0.085	0.052	0	0.540	0.567
ALG1	GBE1	9606.ENSP00000262374	9606.ENSP00000410833	0	0	0	0	0.339	0	0.402	0.229	0.669
ALG1	PGM1	9606.ENSP00000262374	9606.ENSP00000360124	0	0	0	0	0.196	0.085	0.287	0.458	0.677
ALG1	GMPPB	9606.ENSP00000262374	9606.ENSP00000309092	0.057	0	0	0	0.333	0.113	0.248	0.435	0.720
ANO10	COQ8A	9606.ENSP00000292246	9606.ENSP00000355741	0	0	0	0	0	0	0	0.608	0.608
APOBEC3C	UQCRC1	9606.ENSP00000355340	9606.ENSP00000203407	0	0	0	0	0.245	0.308	0.184	0.127	0.578
APOBEC3C	ATP5F1D	9606.ENSP00000355340	9606.ENSP00000215375	0	0	0	0	0.413	0.097	0	0.137	0.503
APOBEC3C	COX5B	9606.ENSP00000355340	9606.ENSP00000258424	0	0	0	0	0.400	0.413	0.217	0.158	0.737
APOBEC3C	NDUFC2	9606.ENSP00000355340	9606.ENSP00000281031	0	0	0	0	0.295	0.241	0	0.073	0.461
APOBEC3C	TK2	9606.ENSP00000355340	9606.ENSP00000299697	0	0	0	0	0.146	0.210	0.122	0.129	0.415
APOBEC3C	ATP5PD	9606.ENSP00000355340	9606.ENSP00000301587	0	0	0	0	0.483	0.085	0	0.095	0.535
APOBEC3C	COX5A	9606.ENSP00000355340	9606.ENSP00000317780	0	0	0	0	0.486	0.486	0.261	0.224	0.828
APOBEC3C	ATP5F1C	9606.ENSP00000355340	9606.ENSP00000349142	0	0	0	0	0.402	0.070	0	0.156	0.490
APOBEC3C	NDUFC2-KCTD14	9606.ENSP00000355340	9606.ENSP00000478766	0	0	0	0	0.295	0.241	0	0.073	0.460
APOBEC3C	ATP5F1A	9606.ENSP00000355340	9606.ENSP00000381736	0	0	0	0	0.367	0.102	0	0.160	0.481
APOOL	ATP5PO	9606.ENSP00000362268	9606.ENSP00000290299	0	0	0	0	0.204	0.143	0	0.264	0.454
APOOL	COX5A	9606.ENSP00000362268	9606.ENSP00000317780	0	0	0	0	0.379	0	0	0.074	0.400
APOOL	MICOS10	9606.ENSP00000362268	9606.ENSP00000325562	0	0	0	0	0.107	0	0.800	0.964	0.993
APOOL	SAMM50	9606.ENSP00000362268	9606.ENSP00000345445	0	0	0	0	0.101	0.479	0.720	0.725	0.959
APOOL	OPA1	9606.ENSP00000362268	9606.ENSP00000354681	0	0	0	0	0.090	0.139	0	0.493	0.568
APOOL	MTX1	9606.ENSP00000362268	9606.ENSP00000357360	0	0	0	0	0.049	0.227	0.720	0.596	0.905
APOOL	CARD19	9606.ENSP00000362268	9606.ENSP00000364613	0	0	0	0	0.047	0.435	0	0.204	0.533
ARMT1	ATP6V1H	9606.ENSP00000356263	9606.ENSP00000352522	0	0	0	0	0.050	0.430	0	0.125	0.485
ATOX1	TIMM10	9606.ENSP00000430598	9606.ENSP00000257245	0	0	0	0	0.281	0	0	0.314	0.486
ATOX1	PRDX5	9606.ENSP00000430598	9606.ENSP00000265462	0	0	0	0	0.115	0	0	0.390	0.437
ATOX1	PRDX3	9606.ENSP00000430598	9606.ENSP00000298510	0	0	0	0	0.055	0	0	0.761	0.764
ATOX1	GLRX	9606.ENSP00000430598	9606.ENSP00000369314	0	0	0	0	0.084	0	0	0.692	0.706
ATOX1	NUDT1	9606.ENSP00000430598	9606.ENSP00000380241	0	0	0	0	0.087	0	0	0.448	0.474
ATOX1	BCS1L	9606.ENSP00000430598	9606.ENSP00000413908	0	0	0	0	0.056	0.319	0	0.154	0.408
ATOX1	NDUFA5	9606.ENSP00000430598	9606.ENSP00000417142	0	0	0	0	0.114	0.812	0	0.352	0.882
ATP5F1A	PYGM	9606.ENSP00000381736	9606.ENSP00000164139	0.070	0	0	0	0.239	0	0	0.260	0.431
ATP5F1A	UQCRC1	9606.ENSP00000381736	9606.ENSP00000203407	0	0	0	0	0.853	0.235	0	0.759	0.970
ATP5F1A	ATP5F1D	9606.ENSP00000381736	9606.ENSP00000215375	0.231	0	0	0	0.972	0.992	0.980	0.982	0.999
ATP5F1A	ATP6V1D	9606.ENSP00000381736	9606.ENSP00000216442	0	0	0	0	0.127	0.114	0.900	0.246	0.934
ATP5F1A	PYGB	9606.ENSP00000381736	9606.ENSP00000216962	0.070	0	0	0	0.245	0	0	0.239	0.420
ATP5F1A	IDH3G	9606.ENSP00000381736	9606.ENSP00000217901	0.042	0	0	0	0.346	0.097	0.400	0.323	0.728
ATP5F1A	PPIF	9606.ENSP00000381736	9606.ENSP00000225174	0	0	0	0	0.107	0	0	0.369	0.413
ATP5F1A	PDHX	9606.ENSP00000381736	9606.ENSP00000227868	0.043	0	0	0	0.628	0.102	0	0.343	0.762
ATP5F1A	TPI1	9606.ENSP00000381736	9606.ENSP00000229270	0.052	0	0	0	0.328	0	0	0.539	0.681
ATP5F1A	ATP6V1E1	9606.ENSP00000381736	9606.ENSP00000253413	0	0	0	0	0.156	0.102	0.744	0.415	0.871
ATP5F1A	TIMM10	9606.ENSP00000381736	9606.ENSP00000257245	0	0	0	0	0.050	0	0.500	0.122	0.546
ATP5F1A	COX5B	9606.ENSP00000381736	9606.ENSP00000258424	0	0	0	0	0.733	0.205	0	0.665	0.922
ATP5F1A	FDX1	9606.ENSP00000381736	9606.ENSP00000260270	0.061	0	0	0	0.064	0.290	0	0.308	0.510
ATP5F1A	ATP5F1B	9606.ENSP00000381736	9606.ENSP00000262030	0.086	0	0.240	0.593	0.991	0.992	0.967	0.930	0.999
ATP5F1A	PRDX1	9606.ENSP00000381736	9606.ENSP00000262746	0	0	0	0	0.172	0.072	0	0.400	0.499
ATP5F1A	GATB	9606.ENSP00000381736	9606.ENSP00000263985	0	0	0	0	0.596	0	0	0.251	0.684
ATP5F1A	ATP6V0A1	9606.ENSP00000381736	9606.ENSP00000264649	0	0	0	0	0.059	0	0.585	0.218	0.668
ATP5F1A	SDHA	9606.ENSP00000381736	9606.ENSP00000264932	0.042	0	0	0	0.847	0	0	0.825	0.972
ATP5F1A	PRDX5	9606.ENSP00000381736	9606.ENSP00000265462	0	0	0	0	0.266	0	0	0.302	0.466
ATP5F1A	TCIRG1	9606.ENSP00000381736	9606.ENSP00000265686	0	0	0	0	0.054	0	0.585	0.163	0.643
ATP5F1A	PFKL	9606.ENSP00000381736	9606.ENSP00000269848	0.103	0	0	0	0.137	0	0	0.355	0.457
ATP5F1A	ATP6V1A	9606.ENSP00000381736	9606.ENSP00000273398	0	0	0	0.565	0.118	0.264	0.900	0.330	0.950
ATP5F1A	ATP6V1B2	9606.ENSP00000381736	9606.ENSP00000276390	0	0	0	0.602	0.235	0.307	0.900	0.357	0.961
ATP5F1A	GLUD1	9606.ENSP00000381736	9606.ENSP00000277865	0.057	0	0	0	0.176	0	0	0.370	0.468
ATP5F1A	DLAT	9606.ENSP00000381736	9606.ENSP00000280346	0.043	0	0	0	0.636	0.102	0	0.436	0.800
ATP5F1A	NDUFC2	9606.ENSP00000381736	9606.ENSP00000281031	0	0	0	0	0.241	0	0	0.313	0.457
ATP5F1A	ATP5PO	9606.ENSP00000381736	9606.ENSP00000290299	0.120	0	0	0	0.958	0.954	0.978	0.954	0.999
ATP5F1A	ATP6V0D1	9606.ENSP00000381736	9606.ENSP00000290949	0	0	0	0	0.109	0.204	0	0.447	0.574
ATP5F1A	PRDX3	9606.ENSP00000381736	9606.ENSP00000298510	0	0	0	0	0.284	0.188	0	0.414	0.630
ATP5F1A	ATP5MG	9606.ENSP00000381736	9606.ENSP00000300688	0	0	0	0	0.381	0.935	0.944	0.637	0.999
ATP5F1A	ATP5PD	9606.ENSP00000381736	9606.ENSP00000301587	0	0	0	0	0.911	0.985	0.967	0.831	0.999
ATP5F1A	PDHB	9606.ENSP00000381736	9606.ENSP00000307241	0	0	0	0	0.536	0.205	0	0.526	0.810
ATP5F1A	COX5A	9606.ENSP00000381736	9606.ENSP00000317780	0	0	0	0	0.931	0.176	0	0.665	0.979
ATP5F1A	PKM	9606.ENSP00000381736	9606.ENSP00000320171	0.057	0	0	0	0.260	0	0	0.448	0.581
ATP5F1A	TALDO1	9606.ENSP00000381736	9606.ENSP00000321259	0.204	0	0	0	0.135	0	0	0.392	0.545
ATP5F1A	HADHB	9606.ENSP00000381736	9606.ENSP00000325136	0.055	0	0	0	0.461	0.161	0	0.342	0.682
ATP5F1A	ATP6V0C	9606.ENSP00000381736	9606.ENSP00000329757	0.106	0	0	0	0.682	0.878	0.510	0.398	0.988
ATP5F1A	DLST	9606.ENSP00000381736	9606.ENSP00000335304	0.043	0	0	0	0.844	0.095	0	0.310	0.894
ATP5F1A	NDUFA4	9606.ENSP00000381736	9606.ENSP00000339720	0	0	0	0	0.378	0.234	0	0.469	0.725
ATP5F1A	PARK7	9606.ENSP00000381736	9606.ENSP00000340278	0	0	0	0	0.266	0.095	0	0.248	0.457
ATP5F1A	CS	9606.ENSP00000381736	9606.ENSP00000342056	0	0	0	0	0.754	0.126	0.400	0.595	0.940
ATP5F1A	MCCC2	9606.ENSP00000381736	9606.ENSP00000343657	0	0	0	0	0.125	0	0	0.414	0.466
ATP5F1A	PPA2	9606.ENSP00000381736	9606.ENSP00000343885	0.042	0	0	0	0.303	0	0.650	0.462	0.857
ATP5F1A	SAMM50	9606.ENSP00000381736	9606.ENSP00000345445	0	0	0	0	0.372	0.095	0	0.403	0.631
ATP5F1A	ETFB	9606.ENSP00000381736	9606.ENSP00000346173	0.078	0	0	0	0.147	0.195	0	0.489	0.634
ATP5F1A	ATP5F1C	9606.ENSP00000381736	9606.ENSP00000349142	0.231	0	0.519	0	0.985	0.990	0.980	0.993	0.999
ATP5F1A	ATP6V1H	9606.ENSP00000381736	9606.ENSP00000352522	0	0	0	0	0.117	0	0.540	0.279	0.681
ATP5F1A	MT-ND4	9606.ENSP00000381736	9606.ENSP00000354961	0.161	0	0	0	0.255	0	0	0.491	0.654
ATP5F1A	COX7A2	9606.ENSP00000381736	9606.ENSP00000359098	0	0	0	0	0.424	0	0	0.468	0.680
ATP5F1A	SLC25A5	9606.ENSP00000381736	9606.ENSP00000360671	0	0	0	0	0.531	0.443	0	0.448	0.843
ATP5F1A	CMPK1	9606.ENSP00000381736	9606.ENSP00000360939	0	0	0	0	0.380	0	0.402	0.247	0.696
ATP5F1A	PPA1	9606.ENSP00000381736	9606.ENSP00000362329	0.042	0	0	0	0.267	0	0.650	0.425	0.839
ATP5F1A	PGK1	9606.ENSP00000381736	9606.ENSP00000362413	0.080	0	0	0	0.238	0.223	0	0.512	0.698
ATP5F1A	ATP6V1G1	9606.ENSP00000381736	9606.ENSP00000363162	0	0	0	0	0.088	0	0.540	0.253	0.659
ATP5F1A	PDHA1	9606.ENSP00000381736	9606.ENSP00000369134	0.053	0	0	0	0.411	0.195	0	0.650	0.822
ATP5F1A	HADHA	9606.ENSP00000381736	9606.ENSP00000370023	0	0	0	0	0.295	0.162	0	0.353	0.584
ATP5F1A	PFKP	9606.ENSP00000381736	9606.ENSP00000370517	0.103	0	0	0	0.149	0	0	0.312	0.429
ATP5F1A	SLC25A6	9606.ENSP00000381736	9606.ENSP00000370808	0	0	0	0	0.439	0.051	0.500	0.388	0.815
ATP5F1A	DNAJC19	9606.ENSP00000381736	9606.ENSP00000372005	0	0	0	0	0.056	0	0.500	0.106	0.541
ATP5F1A	SUCLG1	9606.ENSP00000381736	9606.ENSP00000377446	0.057	0	0	0	0.704	0.090	0	0.491	0.853
ATP5F1A	TSPO	9606.ENSP00000381736	9606.ENSP00000379563	0	0	0	0	0.049	0.484	0	0.085	0.511
ATP5F1A	H6PD	9606.ENSP00000381736	9606.ENSP00000473348	0.105	0	0	0	0.216	0	0	0.291	0.459
ATP5F1A	TKT	9606.ENSP00000381736	9606.ENSP00000391481	0	0	0	0	0.321	0	0	0.375	0.557
ATP5F1A	SQOR	9606.ENSP00000381736	9606.ENSP00000456019	0	0	0	0	0.059	0.429	0	0.285	0.582
ATP5F1A	SOD2	9606.ENSP00000381736	9606.ENSP00000446252	0	0	0	0	0.189	0	0	0.530	0.603
ATP5F1A	LDHA	9606.ENSP00000381736	9606.ENSP00000445175	0.053	0	0	0	0.416	0.045	0	0.456	0.674
ATP5F1A	SUCLG2	9606.ENSP00000381736	9606.ENSP00000419325	0.052	0	0	0	0.426	0.108	0	0.411	0.676
ATP5F1A	BCS1L	9606.ENSP00000381736	9606.ENSP00000413908	0	0	0	0	0.120	0.164	0.400	0.435	0.717
ATP5F1A	NDUFA5	9606.ENSP00000381736	9606.ENSP00000417142	0	0	0	0	0.342	0.091	0	0.575	0.724
ATP5F1A	ENO2	9606.ENSP00000381736	9606.ENSP00000437402	0.102	0	0	0	0.596	0	0	0.317	0.731
ATP5F1A	ATP6V1C1	9606.ENSP00000381736	9606.ENSP00000430282	0	0	0	0	0.082	0	0.540	0.426	0.736
ATP5F1A	SUCLA2	9606.ENSP00000381736	9606.ENSP00000494360	0.052	0	0	0	0.437	0.295	0	0.536	0.802
ATP5F1A	OGDH	9606.ENSP00000381736	9606.ENSP00000388183	0.061	0	0	0	0.522	0.215	0	0.543	0.817
ATP5F1A	ENO1	9606.ENSP00000381736	9606.ENSP00000495530	0.102	0	0	0	0.636	0	0	0.516	0.828
ATP5F1A	COX4I1	9606.ENSP00000381736	9606.ENSP00000457513	0	0	0	0	0.749	0.126	0	0.674	0.922
ATP5F1B	UQCRC1	9606.ENSP00000262030	9606.ENSP00000203407	0	0	0	0	0.869	0.341	0	0.672	0.969
ATP5F1B	ATP5F1D	9606.ENSP00000262030	9606.ENSP00000215375	0.086	0	0	0	0.741	0.990	0.967	0.965	0.999
ATP5F1B	ATP6V1D	9606.ENSP00000262030	9606.ENSP00000216442	0.057	0	0	0	0.226	0	0.791	0.089	0.842
ATP5F1B	IDH3G	9606.ENSP00000262030	9606.ENSP00000217901	0.041	0	0	0	0.126	0.097	0.500	0.252	0.666
ATP5F1B	PPIF	9606.ENSP00000262030	9606.ENSP00000225174	0	0	0	0	0.164	0.108	0	0.493	0.589
ATP5F1B	PDHX	9606.ENSP00000262030	9606.ENSP00000227868	0.041	0	0	0	0.219	0	0	0.274	0.409
ATP5F1B	TPI1	9606.ENSP00000262030	9606.ENSP00000229270	0.042	0	0	0	0.320	0	0	0.547	0.679
ATP5F1B	ATP6V1E1	9606.ENSP00000262030	9606.ENSP00000253413	0.056	0	0	0	0.164	0.073	0.925	0.406	0.961
ATP5F1B	TIMM10	9606.ENSP00000262030	9606.ENSP00000257245	0	0	0	0	0.097	0	0.500	0.239	0.626
ATP5F1B	COX5B	9606.ENSP00000262030	9606.ENSP00000258424	0	0	0	0	0.615	0.162	0	0.675	0.886
ATP5F1B	CPT2	9606.ENSP00000262030	9606.ENSP00000360541	0	0	0	0	0.268	0.086	0	0.177	0.401
ATP5F1B	MCCC2	9606.ENSP00000262030	9606.ENSP00000343657	0	0	0	0	0.081	0.161	0	0.310	0.422
ATP5F1B	PARK7	9606.ENSP00000262030	9606.ENSP00000340278	0	0	0	0	0.228	0.095	0	0.243	0.425
ATP5F1B	SOD2	9606.ENSP00000262030	9606.ENSP00000446252	0	0	0	0	0.105	0	0	0.391	0.433
ATP5F1B	TALDO1	9606.ENSP00000262030	9606.ENSP00000321259	0.086	0	0	0	0.245	0	0	0.257	0.443
ATP5F1B	TKT	9606.ENSP00000262030	9606.ENSP00000391481	0	0	0	0	0.290	0	0	0.251	0.446
ATP5F1B	ENO2	9606.ENSP00000262030	9606.ENSP00000437402	0.057	0	0	0	0.225	0	0	0.311	0.452
ATP5F1B	COQ9	9606.ENSP00000262030	9606.ENSP00000262507	0.042	0	0	0	0.120	0.207	0	0.287	0.459
ATP5F1B	GLUD1	9606.ENSP00000262030	9606.ENSP00000277865	0.045	0	0	0	0.233	0.061	0	0.312	0.463
ATP5F1B	ATP6V0D1	9606.ENSP00000262030	9606.ENSP00000290949	0.045	0	0	0	0.261	0.184	0	0.185	0.468
ATP5F1B	SUCLG2	9606.ENSP00000262030	9606.ENSP00000419325	0	0	0	0	0.322	0	0	0.251	0.471
ATP5F1B	SAMM50	9606.ENSP00000262030	9606.ENSP00000345445	0	0	0	0	0.216	0.094	0	0.315	0.471
ATP5F1B	LDHA	9606.ENSP00000262030	9606.ENSP00000445175	0.042	0	0	0	0.207	0.045	0	0.366	0.479
ATP5F1B	ECHS1	9606.ENSP00000262030	9606.ENSP00000357535	0	0	0	0	0.255	0	0	0.333	0.482
ATP5F1B	SQOR	9606.ENSP00000262030	9606.ENSP00000456019	0	0	0	0	0.072	0.401	0	0.163	0.494
ATP5F1B	MTCH2	9606.ENSP00000262030	9606.ENSP00000303222	0	0	0	0	0.209	0.329	0	0.145	0.507
ATP5F1B	NDUFC2	9606.ENSP00000262030	9606.ENSP00000281031	0	0	0	0	0.381	0	0	0.257	0.520
ATP5F1B	PRDX1	9606.ENSP00000262030	9606.ENSP00000262746	0	0	0	0	0.267	0.094	0	0.356	0.535
ATP5F1B	DLAT	9606.ENSP00000262030	9606.ENSP00000280346	0.041	0	0	0	0.261	0	0	0.401	0.539
ATP5F1B	MT-ND4	9606.ENSP00000262030	9606.ENSP00000354961	0.080	0	0	0	0.161	0	0	0.467	0.553
ATP5F1B	PRDX5	9606.ENSP00000262030	9606.ENSP00000265462	0	0	0	0	0.357	0	0	0.343	0.560
ATP5F1B	PKM	9606.ENSP00000262030	9606.ENSP00000320171	0.048	0	0	0	0.286	0	0	0.418	0.570
ATP5F1B	SUCLA2	9606.ENSP00000262030	9606.ENSP00000494360	0	0	0	0	0.324	0	0	0.393	0.572
ATP5F1B	NDUFA4	9606.ENSP00000262030	9606.ENSP00000339720	0	0	0	0	0.163	0.190	0	0.432	0.581
ATP5F1B	NDUFA5	9606.ENSP00000262030	9606.ENSP00000417142	0	0	0	0	0.169	0.162	0	0.449	0.583
ATP5F1B	DNAJC19	9606.ENSP00000262030	9606.ENSP00000372005	0	0	0	0	0.053	0	0.500	0.204	0.590
ATP5F1B	HADHA	9606.ENSP00000262030	9606.ENSP00000370023	0	0	0	0	0.300	0.162	0	0.367	0.596
ATP5F1B	PGK1	9606.ENSP00000262030	9606.ENSP00000362413	0.052	0	0	0	0.217	0	0	0.501	0.597
ATP5F1B	DLST	9606.ENSP00000262030	9606.ENSP00000335304	0.041	0	0	0	0.385	0.221	0	0.289	0.629
ATP5F1B	HADHB	9606.ENSP00000262030	9606.ENSP00000325136	0.042	0	0	0	0.429	0.143	0	0.307	0.631
ATP5F1B	COX7A2	9606.ENSP00000262030	9606.ENSP00000359098	0	0	0	0	0.307	0.161	0	0.448	0.651
ATP5F1B	ENO1	9606.ENSP00000262030	9606.ENSP00000495530	0.057	0	0	0	0.331	0	0	0.512	0.666
ATP5F1B	PRDX3	9606.ENSP00000262030	9606.ENSP00000298510	0	0	0	0	0.428	0.208	0	0.336	0.673
ATP5F1B	BCS1L	9606.ENSP00000262030	9606.ENSP00000413908	0	0	0	0	0.130	0.054	0.500	0.302	0.674
ATP5F1B	OGDH	9606.ENSP00000262030	9606.ENSP00000388183	0.042	0	0	0	0.415	0.162	0	0.454	0.709
ATP5F1B	SUCLG1	9606.ENSP00000262030	9606.ENSP00000377446	0.042	0	0	0	0.526	0.097	0	0.426	0.733
ATP5F1B	PDHB	9606.ENSP00000262030	9606.ENSP00000307241	0	0	0	0	0.375	0.162	0	0.570	0.755
ATP5F1B	ATP6V1C1	9606.ENSP00000262030	9606.ENSP00000430282	0	0	0	0	0.093	0	0.720	0.160	0.768
ATP5F1B	PPA1	9606.ENSP00000262030	9606.ENSP00000362329	0	0	0	0	0.191	0	0.650	0.295	0.783
ATP5F1B	PDHA1	9606.ENSP00000262030	9606.ENSP00000369134	0.043	0	0	0	0.549	0.209	0	0.459	0.791
ATP5F1B	PPA2	9606.ENSP00000262030	9606.ENSP00000343885	0	0	0	0	0.270	0	0.650	0.273	0.798
ATP5F1B	ATP6V1H	9606.ENSP00000262030	9606.ENSP00000352522	0	0	0	0	0.157	0	0.720	0.242	0.805
ATP5F1B	SLC25A6	9606.ENSP00000262030	9606.ENSP00000370808	0	0	0	0	0.416	0.053	0.500	0.410	0.815
ATP5F1B	SLC25A5	9606.ENSP00000262030	9606.ENSP00000360671	0	0	0	0	0.586	0.300	0	0.452	0.827
ATP5F1B	ATP6V0C	9606.ENSP00000262030	9606.ENSP00000329757	0.057	0	0	0	0.430	0.586	0.219	0.389	0.874
ATP5F1B	ATP6V1G1	9606.ENSP00000262030	9606.ENSP00000363162	0	0	0	0	0.116	0	0.900	0.133	0.916
ATP5F1B	CS	9606.ENSP00000262030	9606.ENSP00000342056	0	0	0	0	0.583	0.185	0.500	0.568	0.917
ATP5F1B	SDHA	9606.ENSP00000262030	9606.ENSP00000264932	0.045	0	0	0	0.499	0	0	0.841	0.917
ATP5F1B	GBE1	9606.ENSP00000262030	9606.ENSP00000410833	0.082	0.900	0	0	0.064	0	0	0.163	0.918
ATP5F1B	COX4I1	9606.ENSP00000262030	9606.ENSP00000457513	0	0	0	0	0.865	0.143	0	0.618	0.952
ATP5F1B	COX5A	9606.ENSP00000262030	9606.ENSP00000317780	0	0	0	0	0.756	0.201	0	0.776	0.952
ATP5F1B	ATP6V1A	9606.ENSP00000262030	9606.ENSP00000273398	0.050	0	0	0.615	0.145	0.202	0.925	0.310	0.960
ATP5F1B	ATP6V1B2	9606.ENSP00000262030	9606.ENSP00000276390	0	0	0	0.617	0.200	0.441	0.925	0.470	0.980
ATP5F1B	ATP5PD	9606.ENSP00000262030	9606.ENSP00000301587	0	0	0	0	0.912	0.987	0.967	0.837	0.999
ATP5F1B	ATP5PO	9606.ENSP00000262030	9606.ENSP00000290299	0.061	0	0	0	0.889	0.971	0.944	0.845	0.999
ATP5F1B	ATP5MG	9606.ENSP00000262030	9606.ENSP00000300688	0	0	0	0	0.470	0.960	0.944	0.576	0.999
ATP5F1B	ATP5F1C	9606.ENSP00000262030	9606.ENSP00000349142	0.086	0	0.519	0	0.800	0.989	0.967	0.997	0.999
ATP5F1C	COX15	9606.ENSP00000349142	9606.ENSP00000016171	0	0	0	0	0.057	0.231	0	0.371	0.504
ATP5F1C	UQCRC1	9606.ENSP00000349142	9606.ENSP00000203407	0	0	0	0	0.839	0.339	0	0.612	0.955
ATP5F1C	ATP5F1D	9606.ENSP00000349142	9606.ENSP00000215375	0.231	0	0	0	0.969	0.990	0.980	0.958	0.999
ATP5F1C	TECR	9606.ENSP00000349142	9606.ENSP00000215567	0	0	0	0	0.048	0.421	0	0	0.425
ATP5F1C	ATP6V1D	9606.ENSP00000349142	9606.ENSP00000216442	0	0	0	0	0.142	0	0.900	0.277	0.932
ATP5F1C	IDH3G	9606.ENSP00000349142	9606.ENSP00000217901	0	0	0	0	0.697	0.095	0	0.243	0.774
ATP5F1C	PDHX	9606.ENSP00000349142	9606.ENSP00000227868	0.043	0	0	0	0.435	0	0	0.269	0.571
ATP5F1C	TPI1	9606.ENSP00000349142	9606.ENSP00000229270	0.053	0	0	0	0.658	0	0	0.365	0.776
ATP5F1C	ATP6V1E1	9606.ENSP00000349142	9606.ENSP00000253413	0	0	0	0	0.083	0	0.744	0.394	0.845
ATP5F1C	COX5B	9606.ENSP00000349142	9606.ENSP00000258424	0	0	0	0	0.858	0	0	0.624	0.944
ATP5F1C	MECR	9606.ENSP00000349142	9606.ENSP00000263702	0	0	0	0	0.118	0	0.261	0.186	0.423
ATP5F1C	GATB	9606.ENSP00000349142	9606.ENSP00000263985	0	0	0	0	0.549	0	0	0.349	0.694
ATP5F1C	ATP6V0A1	9606.ENSP00000349142	9606.ENSP00000264649	0	0	0	0	0	0	0.585	0.132	0.624
ATP5F1C	SDHA	9606.ENSP00000349142	9606.ENSP00000264932	0.043	0	0	0	0.380	0.097	0	0.589	0.750
ATP5F1C	TCIRG1	9606.ENSP00000349142	9606.ENSP00000265686	0	0	0	0	0	0	0.585	0.053	0.590
ATP5F1C	PFKL	9606.ENSP00000349142	9606.ENSP00000269848	0.057	0	0	0	0.308	0.071	0	0.157	0.420
ATP5F1C	ATP6V1A	9606.ENSP00000349142	9606.ENSP00000273398	0	0	0	0	0.094	0.446	0.900	0.335	0.962
ATP5F1C	ATP6V1B2	9606.ENSP00000349142	9606.ENSP00000276390	0	0	0	0	0.116	0.179	0.900	0.606	0.967
ATP5F1C	DLAT	9606.ENSP00000349142	9606.ENSP00000280346	0.043	0	0	0	0.414	0	0	0.268	0.554
ATP5F1C	NDUFC2	9606.ENSP00000349142	9606.ENSP00000281031	0	0	0	0	0.409	0.094	0	0.424	0.665
ATP5F1C	ATP5PO	9606.ENSP00000349142	9606.ENSP00000290299	0.120	0	0	0	0.937	0.946	0.978	0.810	0.999
ATP5F1C	ATP6V0D1	9606.ENSP00000349142	9606.ENSP00000290949	0	0	0	0	0.075	0.308	0	0.234	0.467
ATP5F1C	PRDX3	9606.ENSP00000349142	9606.ENSP00000298510	0	0	0	0	0.343	0	0	0.264	0.496
ATP5F1C	ATP5MG	9606.ENSP00000349142	9606.ENSP00000300688	0	0	0	0	0.761	0.762	0.944	0.757	0.999
ATP5F1C	ATP5PD	9606.ENSP00000349142	9606.ENSP00000301587	0	0	0	0	0.970	0.983	0.967	0.815	0.999
ATP5F1C	MTCH2	9606.ENSP00000349142	9606.ENSP00000303222	0	0	0	0	0.189	0.369	0	0.318	0.620
ATP5F1C	PDHB	9606.ENSP00000349142	9606.ENSP00000307241	0.043	0	0	0	0.839	0.202	0	0.377	0.913
ATP5F1C	COX5A	9606.ENSP00000349142	9606.ENSP00000317780	0	0	0	0	0.966	0.203	0	0.607	0.988
ATP5F1C	HADHB	9606.ENSP00000349142	9606.ENSP00000325136	0.054	0	0	0	0.232	0.143	0	0.318	0.519
ATP5F1C	ATP6V0C	9606.ENSP00000349142	9606.ENSP00000329757	0.106	0	0	0	0.682	0.857	0.510	0.361	0.985
ATP5F1C	DLST	9606.ENSP00000349142	9606.ENSP00000335304	0.043	0	0	0	0.765	0.072	0	0.248	0.822
ATP5F1C	NDUFA4	9606.ENSP00000349142	9606.ENSP00000339720	0	0	0	0	0.478	0.337	0	0.473	0.802
ATP5F1C	PARK7	9606.ENSP00000349142	9606.ENSP00000340278	0	0	0	0	0.400	0	0	0.163	0.476
ATP5F1C	CS	9606.ENSP00000349142	9606.ENSP00000342056	0	0	0	0	0.461	0.146	0	0.452	0.726
ATP5F1C	PPA2	9606.ENSP00000349142	9606.ENSP00000343885	0.041	0	0	0	0.339	0	0.650	0.394	0.847
ATP5F1C	SAMM50	9606.ENSP00000349142	9606.ENSP00000345445	0	0	0	0	0.263	0.095	0	0.199	0.419
ATP5F1C	G6PD	9606.ENSP00000349142	9606.ENSP00000377192	0.061	0	0	0	0.092	0	0	0.359	0.406
ATP5F1C	NDUFB1	9606.ENSP00000349142	9606.ENSP00000483888	0	0	0	0	0.154	0	0	0.349	0.425
ATP5F1C	PFKP	9606.ENSP00000349142	9606.ENSP00000370517	0.057	0	0	0	0.320	0.071	0	0.157	0.431
ATP5F1C	SQOR	9606.ENSP00000349142	9606.ENSP00000456019	0	0	0	0	0.066	0.429	0	0	0.444
ATP5F1C	HADHA	9606.ENSP00000349142	9606.ENSP00000370023	0	0	0	0	0.125	0.162	0	0.332	0.467
ATP5F1C	H6PD	9606.ENSP00000349142	9606.ENSP00000473348	0.118	0	0	0	0.117	0	0	0.379	0.475
ATP5F1C	NDUFC2-KCTD14	9606.ENSP00000349142	9606.ENSP00000478766	0	0	0	0	0.390	0.094	0	0.141	0.483
ATP5F1C	SOD2	9606.ENSP00000349142	9606.ENSP00000446252	0	0	0	0	0.245	0	0	0.350	0.489
ATP5F1C	SLC25A6	9606.ENSP00000349142	9606.ENSP00000370808	0	0	0	0	0.321	0.097	0	0.289	0.526
ATP5F1C	SLC25A5	9606.ENSP00000349142	9606.ENSP00000360671	0	0	0	0	0.369	0.097	0	0.244	0.532
ATP5F1C	MT-ND4	9606.ENSP00000349142	9606.ENSP00000354961	0.180	0	0	0	0.300	0	0	0.274	0.547
ATP5F1C	LDHA	9606.ENSP00000349142	9606.ENSP00000445175	0.057	0	0	0	0.326	0.073	0	0.349	0.565
ATP5F1C	OGDH	9606.ENSP00000349142	9606.ENSP00000388183	0.061	0	0	0	0.332	0.161	0	0.339	0.606
ATP5F1C	PDHA1	9606.ENSP00000349142	9606.ENSP00000369134	0.054	0	0	0	0.318	0.195	0	0.360	0.624
ATP5F1C	PGK1	9606.ENSP00000349142	9606.ENSP00000362413	0.096	0	0	0	0.435	0	0	0.335	0.631
ATP5F1C	ATP6V1C1	9606.ENSP00000349142	9606.ENSP00000430282	0	0	0	0	0.087	0	0.540	0.273	0.668
ATP5F1C	ATP6V1H	9606.ENSP00000349142	9606.ENSP00000352522	0	0	0	0	0.153	0	0.540	0.278	0.694
ATP5F1C	ATP6V1G1	9606.ENSP00000349142	9606.ENSP00000363162	0	0	0	0	0.172	0	0.540	0.267	0.696
ATP5F1C	ENO2	9606.ENSP00000349142	9606.ENSP00000437402	0.108	0	0	0	0.601	0	0	0.252	0.710
ATP5F1C	COX7A2	9606.ENSP00000349142	9606.ENSP00000359098	0	0	0	0	0.456	0.161	0	0.438	0.721
ATP5F1C	SUCLG2	9606.ENSP00000349142	9606.ENSP00000419325	0.054	0	0	0	0.565	0.091	0	0.359	0.728
ATP5F1C	CMPK1	9606.ENSP00000349142	9606.ENSP00000360939	0	0	0	0	0.491	0	0.402	0.186	0.730
ATP5F1C	ENO1	9606.ENSP00000349142	9606.ENSP00000495530	0.108	0	0	0	0.611	0	0	0.308	0.739
ATP5F1C	SUCLA2	9606.ENSP00000349142	9606.ENSP00000494360	0.054	0	0	0	0.583	0.096	0	0.384	0.751
ATP5F1C	PPA1	9606.ENSP00000349142	9606.ENSP00000362329	0.041	0	0	0	0.397	0	0.650	0.366	0.854
ATP5F1C	NDUFA5	9606.ENSP00000349142	9606.ENSP00000417142	0	0	0	0	0.703	0	0	0.590	0.873
ATP5F1C	COX4I1	9606.ENSP00000349142	9606.ENSP00000457513	0	0	0	0	0.781	0.207	0	0.508	0.907
ATP5F1C	SUCLG1	9606.ENSP00000349142	9606.ENSP00000377446	0.057	0	0	0	0.867	0.097	0	0.483	0.934
ATP5F1D	COX15	9606.ENSP00000215375	9606.ENSP00000016171	0	0	0	0	0.083	0	0	0.530	0.551
ATP5F1D	UQCRC1	9606.ENSP00000215375	9606.ENSP00000203407	0	0	0	0	0.898	0.147	0	0.665	0.968
ATP5F1D	TALDO1	9606.ENSP00000215375	9606.ENSP00000321259	0.231	0	0	0	0.056	0	0	0.250	0.408
ATP5F1D	GLRX	9606.ENSP00000215375	9606.ENSP00000369314	0.112	0	0	0	0.065	0	0	0.348	0.411
ATP5F1D	OGDH	9606.ENSP00000215375	9606.ENSP00000388183	0.057	0	0	0	0.201	0	0	0.286	0.415
ATP5F1D	ECHS1	9606.ENSP00000215375	9606.ENSP00000357535	0	0	0	0	0.272	0	0	0.238	0.422
ATP5F1D	PFKL	9606.ENSP00000215375	9606.ENSP00000269848	0.108	0	0	0	0.157	0	0	0.296	0.425
ATP5F1D	PFKP	9606.ENSP00000215375	9606.ENSP00000370517	0.108	0	0	0	0.115	0	0	0.335	0.429
ATP5F1D	ATP6V0D1	9606.ENSP00000215375	9606.ENSP00000290949	0	0	0	0	0.256	0.241	0	0.095	0.445
ATP5F1D	MECR	9606.ENSP00000215375	9606.ENSP00000263702	0	0	0	0	0.198	0	0.261	0.158	0.457
ATP5F1D	LDHA	9606.ENSP00000215375	9606.ENSP00000445175	0.056	0	0	0	0.222	0.071	0	0.300	0.459
ATP5F1D	OXSM	9606.ENSP00000215375	9606.ENSP00000280701	0.108	0	0	0	0.264	0	0	0.251	0.465
ATP5F1D	H6PD	9606.ENSP00000215375	9606.ENSP00000473348	0.105	0	0	0	0.156	0	0	0.350	0.466
ATP5F1D	SLC25A5	9606.ENSP00000215375	9606.ENSP00000360671	0	0	0	0	0.325	0.092	0	0.207	0.472
ATP5F1D	CMPK1	9606.ENSP00000215375	9606.ENSP00000360939	0.042	0	0	0	0.107	0	0.402	0.091	0.473
ATP5F1D	ENO1	9606.ENSP00000215375	9606.ENSP00000495530	0.108	0	0	0	0.200	0	0	0.322	0.475
ATP5F1D	PDHX	9606.ENSP00000215375	9606.ENSP00000227868	0.056	0	0	0	0.243	0.114	0	0.276	0.480
ATP5F1D	PGK1	9606.ENSP00000215375	9606.ENSP00000362413	0.091	0	0	0	0.127	0	0	0.398	0.481
ATP5F1D	CPT2	9606.ENSP00000215375	9606.ENSP00000360541	0	0	0	0	0.149	0.309	0	0.196	0.485
ATP5F1D	SLC25A6	9606.ENSP00000215375	9606.ENSP00000370808	0	0	0	0	0.338	0.092	0	0.219	0.489
ATP5F1D	NDUFA4	9606.ENSP00000215375	9606.ENSP00000339720	0	0	0	0	0.155	0	0	0.447	0.513
ATP5F1D	PHPT1	9606.ENSP00000215375	9606.ENSP00000247665	0	0	0	0	0.471	0	0	0.136	0.523
ATP5F1D	COX7A2	9606.ENSP00000215375	9606.ENSP00000359098	0	0	0	0	0.274	0	0	0.371	0.524
ATP5F1D	PDHA1	9606.ENSP00000215375	9606.ENSP00000369134	0.043	0	0	0	0.315	0	0	0.360	0.544
ATP5F1D	IDH3G	9606.ENSP00000215375	9606.ENSP00000217901	0.053	0	0	0	0.329	0	0	0.342	0.546
ATP5F1D	DLAT	9606.ENSP00000215375	9606.ENSP00000280346	0.056	0	0	0	0.233	0.114	0	0.380	0.549
ATP5F1D	NDUFC2-KCTD14	9606.ENSP00000215375	9606.ENSP00000478766	0	0	0	0	0.554	0.085	0	0.050	0.578
ATP5F1D	ATP6V0A1	9606.ENSP00000215375	9606.ENSP00000264649	0	0	0	0	0.044	0	0.585	0	0.586
ATP5F1D	MT-ND4	9606.ENSP00000215375	9606.ENSP00000354961	0.201	0	0	0	0.241	0	0	0.382	0.593
ATP5F1D	TCIRG1	9606.ENSP00000215375	9606.ENSP00000265686	0	0	0	0	0.063	0	0.585	0	0.594
ATP5F1D	ATP6V1C1	9606.ENSP00000215375	9606.ENSP00000430282	0	0	0	0	0.044	0	0.540	0.187	0.611
ATP5F1D	ATP6V1H	9606.ENSP00000215375	9606.ENSP00000352522	0	0	0	0	0.088	0	0.540	0.148	0.611
ATP5F1D	ATP6V1G1	9606.ENSP00000215375	9606.ENSP00000363162	0	0	0	0	0.067	0	0.540	0.181	0.617
ATP5F1D	TPI1	9606.ENSP00000215375	9606.ENSP00000229270	0.102	0	0	0	0.259	0	0	0.471	0.617
ATP5F1D	CS	9606.ENSP00000215375	9606.ENSP00000342056	0	0	0	0	0.400	0.124	0	0.364	0.637
ATP5F1D	PDHB	9606.ENSP00000215375	9606.ENSP00000307241	0	0	0	0	0.402	0	0	0.437	0.649
ATP5F1D	NDUFA5	9606.ENSP00000215375	9606.ENSP00000417142	0	0	0	0	0.506	0.096	0	0.423	0.720
ATP5F1D	PPA2	9606.ENSP00000215375	9606.ENSP00000343885	0	0	0	0	0.216	0	0.650	0.125	0.738
ATP5F1D	PPA1	9606.ENSP00000215375	9606.ENSP00000362329	0	0	0	0	0.208	0	0.650	0.138	0.740
ATP5F1D	NDUFC2	9606.ENSP00000215375	9606.ENSP00000281031	0	0	0	0	0.635	0.085	0	0.327	0.755
ATP5F1D	DLST	9606.ENSP00000215375	9606.ENSP00000335304	0.056	0	0	0	0.590	0.133	0	0.360	0.756
ATP5F1D	ATP6V1E1	9606.ENSP00000215375	9606.ENSP00000253413	0	0	0	0	0.058	0	0.744	0.128	0.771
ATP5F1D	SUCLG1	9606.ENSP00000215375	9606.ENSP00000377446	0.057	0	0	0	0.723	0.096	0	0.405	0.840
ATP5F1D	SDHA	9606.ENSP00000215375	9606.ENSP00000264932	0.060	0	0	0	0.644	0.097	0	0.602	0.863
ATP5F1D	ATP6V1B2	9606.ENSP00000215375	9606.ENSP00000276390	0	0	0	0	0.072	0	0.900	0.141	0.913
ATP5F1D	ATP6V1A	9606.ENSP00000215375	9606.ENSP00000273398	0	0	0	0	0.068	0	0.900	0.244	0.923
ATP5F1D	ATP6V1D	9606.ENSP00000215375	9606.ENSP00000216442	0	0	0	0	0.063	0	0.900	0.330	0.931
ATP5F1D	COX4I1	9606.ENSP00000215375	9606.ENSP00000457513	0	0	0	0	0.837	0.267	0	0.487	0.933
ATP5F1D	COX5B	9606.ENSP00000215375	9606.ENSP00000258424	0	0	0	0	0.929	0.091	0	0.647	0.975
ATP5F1D	COX5A	9606.ENSP00000215375	9606.ENSP00000317780	0	0	0	0	0.929	0.246	0	0.663	0.980
ATP5F1D	ATP6V0C	9606.ENSP00000215375	9606.ENSP00000329757	0.106	0	0	0	0.700	0.836	0.510	0.429	0.985
ATP5F1D	ATP5PD	9606.ENSP00000215375	9606.ENSP00000301587	0	0	0	0	0.935	0.990	0.967	0.846	0.999
ATP5F1D	ATP5PO	9606.ENSP00000215375	9606.ENSP00000290299	0.120	0	0	0	0.897	0.968	0.978	0.834	0.999
ATP5F1D	ATP5MG	9606.ENSP00000215375	9606.ENSP00000300688	0	0	0	0	0.744	0.964	0.944	0.688	0.999
ATP5MG	UQCRC1	9606.ENSP00000300688	9606.ENSP00000203407	0	0	0	0	0.243	0.107	0	0.501	0.633
ATP5MG	TIMM10	9606.ENSP00000300688	9606.ENSP00000257245	0	0	0	0	0.330	0.095	0	0.297	0.537
ATP5MG	COX5B	9606.ENSP00000300688	9606.ENSP00000258424	0	0	0	0	0.699	0.097	0	0.569	0.873
ATP5MG	ATP6V0A1	9606.ENSP00000300688	9606.ENSP00000264649	0	0	0	0	0.055	0	0.540	0.043	0.548
ATP5MG	SDHA	9606.ENSP00000300688	9606.ENSP00000264932	0	0	0	0	0.114	0.095	0	0.662	0.705
ATP5MG	NDUFC2	9606.ENSP00000300688	9606.ENSP00000281031	0	0	0	0	0.705	0.126	0	0.452	0.846
ATP5MG	ATP6V0D2	9606.ENSP00000300688	9606.ENSP00000285393	0	0	0	0	0	0	0.360	0.134	0.422
ATP5MG	ATP5PO	9606.ENSP00000300688	9606.ENSP00000290299	0	0	0	0	0.763	0.851	0.933	0.636	0.999
ATP5MG	ATP6V0D1	9606.ENSP00000300688	9606.ENSP00000290949	0	0	0	0	0.049	0	0.540	0.125	0.583
ATP5MG	CPT2	9606.ENSP00000300688	9606.ENSP00000360541	0	0	0	0	0.217	0.219	0	0.112	0.409
ATP5MG	CISD1	9606.ENSP00000300688	9606.ENSP00000363041	0	0	0	0	0.165	0	0	0.322	0.410
ATP5MG	SUCLA2	9606.ENSP00000300688	9606.ENSP00000494360	0	0	0	0	0.119	0	0	0.390	0.440
ATP5MG	DLST	9606.ENSP00000300688	9606.ENSP00000335304	0	0	0	0	0.373	0.088	0	0.114	0.449
ATP5MG	GPX7	9606.ENSP00000300688	9606.ENSP00000354677	0	0	0	0	0.115	0	0	0.435	0.478
ATP5MG	SOD2	9606.ENSP00000300688	9606.ENSP00000446252	0	0	0	0	0.133	0	0	0.426	0.481
ATP5MG	MICOS10	9606.ENSP00000300688	9606.ENSP00000325562	0	0	0	0	0.311	0.079	0	0.293	0.512
ATP5MG	NDUFC2-KCTD14	9606.ENSP00000300688	9606.ENSP00000478766	0	0	0	0	0.574	0.126	0	0.050	0.615
ATP5MG	NDUFB1	9606.ENSP00000300688	9606.ENSP00000483888	0	0	0	0	0.374	0	0	0.416	0.619
ATP5MG	PPA1	9606.ENSP00000300688	9606.ENSP00000362329	0	0	0	0	0.138	0	0.650	0.105	0.706
ATP5MG	PPA2	9606.ENSP00000300688	9606.ENSP00000343885	0	0	0	0	0.085	0	0.650	0.163	0.708
ATP5MG	COX4I1	9606.ENSP00000300688	9606.ENSP00000457513	0	0	0	0	0.568	0.131	0	0.424	0.765
ATP5MG	NDUFA5	9606.ENSP00000300688	9606.ENSP00000417142	0	0	0	0	0.709	0.140	0	0.520	0.869
ATP5MG	NDUFA4	9606.ENSP00000300688	9606.ENSP00000339720	0	0	0	0	0.723	0.249	0	0.497	0.886
ATP5MG	ATP6V0C	9606.ENSP00000300688	9606.ENSP00000329757	0	0	0	0	0.221	0.689	0.540	0.270	0.907
ATP5MG	COX7A2	9606.ENSP00000300688	9606.ENSP00000359098	0	0	0	0	0.806	0.094	0	0.530	0.910
ATP5MG	COX5A	9606.ENSP00000300688	9606.ENSP00000317780	0	0	0	0	0.812	0.137	0	0.499	0.912
ATP5MG	ATP5PD	9606.ENSP00000300688	9606.ENSP00000301587	0	0	0	0	0.934	0.929	0.944	0.819	0.999
ATP5PD	UQCRC1	9606.ENSP00000301587	9606.ENSP00000203407	0	0	0	0	0.654	0.114	0	0.588	0.863
ATP5PD	ATP6V1D	9606.ENSP00000301587	9606.ENSP00000216442	0	0	0	0	0.377	0	0	0.084	0.406
ATP5PD	IDH3G	9606.ENSP00000301587	9606.ENSP00000217901	0	0	0	0	0.317	0	0	0.234	0.455
ATP5PD	TPI1	9606.ENSP00000301587	9606.ENSP00000229270	0	0	0	0	0.224	0	0	0.272	0.411
ATP5PD	ATP6V1E1	9606.ENSP00000301587	9606.ENSP00000253413	0	0	0	0	0.125	0	0	0.378	0.433
ATP5PD	COX5B	9606.ENSP00000301587	9606.ENSP00000258424	0	0	0	0	0.941	0	0	0.665	0.979
ATP5PD	COQ9	9606.ENSP00000301587	9606.ENSP00000262507	0	0	0	0	0.138	0.202	0	0.243	0.434
ATP5PD	PRDX1	9606.ENSP00000301587	9606.ENSP00000262746	0	0	0	0	0.317	0.071	0	0.306	0.521
ATP5PD	ATP6V0A1	9606.ENSP00000301587	9606.ENSP00000264649	0	0	0	0	0.050	0	0.540	0.304	0.669
ATP5PD	SDHA	9606.ENSP00000301587	9606.ENSP00000264932	0	0	0	0	0.234	0.171	0	0.483	0.643
ATP5PD	NDUFC2	9606.ENSP00000301587	9606.ENSP00000281031	0	0	0	0	0.755	0.094	0	0.409	0.857
ATP5PD	ATP6V0D2	9606.ENSP00000301587	9606.ENSP00000285393	0	0	0	0	0.058	0	0.360	0.104	0.412
ATP5PD	ATP5PO	9606.ENSP00000301587	9606.ENSP00000290299	0	0	0	0	0.959	0.938	0.944	0.907	0.999
ATP5PD	ATP6V0D1	9606.ENSP00000301587	9606.ENSP00000290949	0	0	0	0	0.071	0	0.540	0.170	0.614
ATP5PD	PRDX3	9606.ENSP00000301587	9606.ENSP00000298510	0	0	0	0	0.284	0.071	0	0.291	0.487
ATP5PD	SLC25A6	9606.ENSP00000301587	9606.ENSP00000370808	0	0	0	0	0.247	0	0	0.249	0.410
ATP5PD	ETFB	9606.ENSP00000301587	9606.ENSP00000346173	0	0	0	0	0.275	0	0	0.228	0.417
ATP5PD	PARK7	9606.ENSP00000301587	9606.ENSP00000340278	0	0	0	0	0.283	0	0	0.220	0.417
ATP5PD	HADHB	9606.ENSP00000301587	9606.ENSP00000325136	0	0	0	0	0.231	0	0	0.304	0.442
ATP5PD	SLC25A5	9606.ENSP00000301587	9606.ENSP00000360671	0	0	0	0	0.313	0	0	0.268	0.476
ATP5PD	ATP6V1G1	9606.ENSP00000301587	9606.ENSP00000363162	0	0	0	0	0.167	0	0	0.396	0.476
ATP5PD	PDHA1	9606.ENSP00000301587	9606.ENSP00000369134	0	0	0	0	0.234	0.077	0	0.346	0.497
ATP5PD	SUCLA2	9606.ENSP00000301587	9606.ENSP00000494360	0	0	0	0	0.178	0	0	0.416	0.500
ATP5PD	CS	9606.ENSP00000301587	9606.ENSP00000342056	0	0	0	0	0.293	0.140	0	0.246	0.502
ATP5PD	OGDH	9606.ENSP00000301587	9606.ENSP00000388183	0	0	0	0	0.163	0.211	0	0.320	0.511
ATP5PD	CISD1	9606.ENSP00000301587	9606.ENSP00000363041	0	0	0	0	0.244	0.244	0	0.295	0.562
ATP5PD	SUCLG1	9606.ENSP00000301587	9606.ENSP00000377446	0	0	0	0	0.404	0	0	0.366	0.606
ATP5PD	NDUFB1	9606.ENSP00000301587	9606.ENSP00000483888	0	0	0	0	0.385	0.162	0	0.302	0.609
ATP5PD	PDHB	9606.ENSP00000301587	9606.ENSP00000307241	0	0	0	0	0.354	0	0	0.437	0.621
ATP5PD	DLST	9606.ENSP00000301587	9606.ENSP00000335304	0	0	0	0	0.466	0	0	0.359	0.643
ATP5PD	NDUFC2-KCTD14	9606.ENSP00000301587	9606.ENSP00000478766	0	0	0	0	0.684	0.094	0	0.130	0.729
ATP5PD	PPA1	9606.ENSP00000301587	9606.ENSP00000362329	0	0	0	0	0.171	0	0.650	0.181	0.741
ATP5PD	PPA2	9606.ENSP00000301587	9606.ENSP00000343885	0	0	0	0	0.183	0	0.650	0.411	0.817
ATP5PD	NDUFA4	9606.ENSP00000301587	9606.ENSP00000339720	0	0	0	0	0.744	0.213	0	0.448	0.879
ATP5PD	ATP6V0C	9606.ENSP00000301587	9606.ENSP00000329757	0	0	0	0	0.256	0.628	0.540	0.240	0.890
ATP5PD	COX7A2	9606.ENSP00000301587	9606.ENSP00000359098	0	0	0	0	0.832	0.095	0	0.574	0.929
ATP5PD	NDUFA5	9606.ENSP00000301587	9606.ENSP00000417142	0	0	0	0	0.848	0.202	0	0.634	0.951
ATP5PD	COX4I1	9606.ENSP00000301587	9606.ENSP00000457513	0	0	0	0	0.861	0.192	0	0.604	0.952
ATP5PD	COX5A	9606.ENSP00000301587	9606.ENSP00000317780	0	0	0	0	0.973	0.162	0	0.774	0.994
ATP5PO	UQCRC1	9606.ENSP00000290299	9606.ENSP00000203407	0	0	0	0	0.478	0.139	0	0.519	0.765
ATP5PO	ATP6V1D	9606.ENSP00000290299	9606.ENSP00000216442	0	0	0	0	0.172	0	0.800	0	0.828
ATP5PO	IDH3G	9606.ENSP00000290299	9606.ENSP00000217901	0	0	0	0	0.399	0	0	0.116	0.446
ATP5PO	PPIF	9606.ENSP00000290299	9606.ENSP00000225174	0	0	0	0	0.113	0	0	0.989	0.989
ATP5PO	PDHX	9606.ENSP00000290299	9606.ENSP00000227868	0.042	0	0	0	0.264	0	0	0.219	0.401
ATP5PO	TPI1	9606.ENSP00000290299	9606.ENSP00000229270	0.042	0	0	0	0.379	0	0	0.405	0.615
ATP5PO	ATP6V1E1	9606.ENSP00000290299	9606.ENSP00000253413	0	0	0	0	0.060	0	0.693	0.186	0.745
ATP5PO	COX5B	9606.ENSP00000290299	9606.ENSP00000258424	0	0	0	0	0.889	0	0	0.782	0.974
ATP5PO	GATB	9606.ENSP00000290299	9606.ENSP00000263985	0.096	0	0	0	0.524	0	0	0	0.552
ATP5PO	ATP6V0A1	9606.ENSP00000290299	9606.ENSP00000264649	0	0	0	0	0.042	0.462	0.718	0.069	0.847
ATP5PO	SDHA	9606.ENSP00000290299	9606.ENSP00000264932	0	0	0	0	0.252	0	0	0.573	0.667
ATP5PO	PRDX5	9606.ENSP00000290299	9606.ENSP00000265462	0	0	0	0	0.320	0	0	0.263	0.477
ATP5PO	TCIRG1	9606.ENSP00000290299	9606.ENSP00000265686	0	0	0	0	0	0	0.608	0.049	0.612
ATP5PO	ATP6V1A	9606.ENSP00000290299	9606.ENSP00000273398	0	0	0	0	0.057	0	0.800	0.161	0.828
ATP5PO	ATP6V1B2	9606.ENSP00000290299	9606.ENSP00000276390	0	0	0	0	0.137	0	0.800	0.233	0.856
ATP5PO	DLAT	9606.ENSP00000290299	9606.ENSP00000280346	0.042	0	0	0	0.296	0	0	0.290	0.479
ATP5PO	NDUFC2	9606.ENSP00000290299	9606.ENSP00000281031	0	0	0	0	0.463	0.092	0	0.349	0.654
ATP5PO	ATP6V0D2	9606.ENSP00000290299	9606.ENSP00000285393	0	0	0	0	0.082	0	0.360	0.088	0.417
ATP5PO	H6PD	9606.ENSP00000290299	9606.ENSP00000473348	0.094	0	0	0	0.141	0	0	0.292	0.402
ATP5PO	MICOS10	9606.ENSP00000290299	9606.ENSP00000325562	0	0	0	0	0.238	0	0	0.262	0.413
ATP5PO	LDHA	9606.ENSP00000290299	9606.ENSP00000445175	0.045	0	0	0	0.230	0.097	0	0.225	0.417
ATP5PO	SQOR	9606.ENSP00000290299	9606.ENSP00000456019	0	0	0	0	0.042	0.319	0	0.192	0.427
ATP5PO	PRDX3	9606.ENSP00000290299	9606.ENSP00000298510	0	0	0	0	0.253	0.161	0	0.161	0.428
ATP5PO	NDUFC2-KCTD14	9606.ENSP00000290299	9606.ENSP00000478766	0	0	0	0	0.400	0.092	0	0	0.431
ATP5PO	MTCH2	9606.ENSP00000290299	9606.ENSP00000303222	0	0	0	0	0.230	0.238	0	0.117	0.437
ATP5PO	HADHA	9606.ENSP00000290299	9606.ENSP00000370023	0	0	0	0	0.212	0.162	0	0.231	0.447
ATP5PO	NDUFB1	9606.ENSP00000290299	9606.ENSP00000483888	0	0	0	0	0.285	0	0	0.267	0.453
ATP5PO	ENO1	9606.ENSP00000290299	9606.ENSP00000495530	0.087	0	0	0	0.282	0	0	0.240	0.458
ATP5PO	PARK7	9606.ENSP00000290299	9606.ENSP00000340278	0	0	0	0	0.327	0	0	0.231	0.461
ATP5PO	SGPL1	9606.ENSP00000290299	9606.ENSP00000362298	0	0	0	0	0.042	0.462	0	0.082	0.485
ATP5PO	SLC25A6	9606.ENSP00000290299	9606.ENSP00000370808	0	0	0	0	0.268	0.095	0	0.310	0.503
ATP5PO	SUCLG2	9606.ENSP00000290299	9606.ENSP00000419325	0.045	0	0	0	0.361	0	0	0.255	0.505
ATP5PO	HADHB	9606.ENSP00000290299	9606.ENSP00000325136	0.050	0	0	0	0.330	0.139	0	0.218	0.514
ATP5PO	SAMM50	9606.ENSP00000290299	9606.ENSP00000345445	0	0	0	0	0.339	0.094	0	0.256	0.515
ATP5PO	SUCLA2	9606.ENSP00000290299	9606.ENSP00000494360	0.045	0	0	0	0.362	0	0	0.296	0.534
ATP5PO	SLC25A5	9606.ENSP00000290299	9606.ENSP00000360671	0	0	0	0	0.322	0.095	0	0.330	0.554
ATP5PO	ATP6V1C1	9606.ENSP00000290299	9606.ENSP00000430282	0	0	0	0	0.074	0	0.540	0	0.556
ATP5PO	ATP6V1H	9606.ENSP00000290299	9606.ENSP00000352522	0	0	0	0	0.058	0	0.540	0.067	0.560
ATP5PO	PDHA1	9606.ENSP00000290299	9606.ENSP00000369134	0	0	0	0	0.355	0.072	0	0.327	0.562
ATP5PO	DLST	9606.ENSP00000290299	9606.ENSP00000335304	0.042	0	0	0	0.405	0.164	0	0.205	0.570
ATP5PO	CMPK1	9606.ENSP00000290299	9606.ENSP00000360939	0	0	0	0	0.371	0	0.287	0.161	0.590
ATP5PO	OGDH	9606.ENSP00000290299	9606.ENSP00000388183	0.057	0	0	0	0.412	0.162	0	0.288	0.625
ATP5PO	TSPO	9606.ENSP00000290299	9606.ENSP00000379563	0	0	0	0	0.097	0.484	0	0.274	0.632
ATP5PO	SOD2	9606.ENSP00000290299	9606.ENSP00000446252	0	0	0	0	0.209	0	0	0.581	0.655
ATP5PO	PDHB	9606.ENSP00000290299	9606.ENSP00000307241	0	0	0	0	0.437	0	0	0.452	0.679
ATP5PO	ATP6V0D1	9606.ENSP00000290299	9606.ENSP00000290949	0	0	0	0	0.082	0.204	0.540	0.167	0.683
ATP5PO	CS	9606.ENSP00000290299	9606.ENSP00000342056	0	0	0	0	0.517	0.138	0	0.343	0.703
ATP5PO	NDUFA4	9606.ENSP00000290299	9606.ENSP00000339720	0	0	0	0	0.558	0.247	0	0.370	0.772
ATP5PO	SUCLG1	9606.ENSP00000290299	9606.ENSP00000377446	0.055	0	0	0	0.709	0	0	0.248	0.775
ATP5PO	ATP6V1G1	9606.ENSP00000290299	9606.ENSP00000363162	0	0	0	0	0.157	0	0.540	0.481	0.781
ATP5PO	COX7A2	9606.ENSP00000290299	9606.ENSP00000359098	0	0	0	0	0.545	0	0	0.596	0.808
ATP5PO	PPA1	9606.ENSP00000290299	9606.ENSP00000362329	0	0	0	0	0.401	0	0.650	0.186	0.814
ATP5PO	COX4I1	9606.ENSP00000290299	9606.ENSP00000457513	0	0	0	0	0.667	0.203	0	0.486	0.852
ATP5PO	PPA2	9606.ENSP00000290299	9606.ENSP00000343885	0	0	0	0	0.424	0	0.650	0.481	0.886
ATP5PO	NDUFA5	9606.ENSP00000290299	9606.ENSP00000417142	0	0	0	0	0.745	0.193	0	0.519	0.892
ATP5PO	COX5A	9606.ENSP00000290299	9606.ENSP00000317780	0	0	0	0	0.859	0.161	0	0.563	0.944
ATP5PO	ATP6V0C	9606.ENSP00000290299	9606.ENSP00000329757	0.086	0	0	0	0.597	0.698	0.705	0.270	0.971
ATP6V0A1	ATP6V1D	9606.ENSP00000264649	9606.ENSP00000216442	0.095	0	0	0	0.311	0.989	0.828	0.774	0.999
ATP6V0A1	ATP6V1E1	9606.ENSP00000264649	9606.ENSP00000253413	0.095	0	0	0	0.605	0.935	0.828	0.847	0.999
ATP6V0A1	PGK1	9606.ENSP00000264649	9606.ENSP00000362413	0.056	0	0	0	0.042	0	0	0.398	0.408
ATP6V0A1	PPA2	9606.ENSP00000264649	9606.ENSP00000343885	0	0	0	0	0.070	0	0.650	0.252	0.735
ATP6V0A1	PPA1	9606.ENSP00000264649	9606.ENSP00000362329	0	0	0	0	0.070	0	0.650	0.353	0.771
ATP6V0A1	TMEM199	9606.ENSP00000264649	9606.ENSP00000292114	0	0	0	0	0.042	0.648	0.720	0.581	0.955
ATP6V0A1	TCIRG1	9606.ENSP00000264649	9606.ENSP00000265686	0	0	0.073	0.933	0.047	0.366	0.900	0.408	0.960
ATP6V0A1	ATP6V1G1	9606.ENSP00000264649	9606.ENSP00000363162	0	0	0	0	0.078	0.965	0.720	0.772	0.997
ATP6V0A1	ATP6V1B2	9606.ENSP00000264649	9606.ENSP00000276390	0.095	0	0	0	0.438	0.936	0.828	0.834	0.998
ATP6V0A1	ATP6V1A	9606.ENSP00000264649	9606.ENSP00000273398	0.095	0	0	0	0.598	0.982	0.828	0.841	0.999
ATP6V0A1	ATP6V1H	9606.ENSP00000264649	9606.ENSP00000352522	0	0	0	0	0.090	0.981	0.900	0.770	0.999
ATP6V0A1	ATP6V0D1	9606.ENSP00000264649	9606.ENSP00000290949	0.095	0	0	0	0.653	0.966	0.938	0.827	0.999
ATP6V0A1	ATP6V0C	9606.ENSP00000264649	9606.ENSP00000329757	0.061	0	0	0	0.451	0.983	0.925	0.822	0.999
ATP6V0A1	ATP6V0D2	9606.ENSP00000264649	9606.ENSP00000285393	0.095	0	0	0	0.595	0.946	0.938	0.780	0.999
ATP6V0A1	ATP6V1C1	9606.ENSP00000264649	9606.ENSP00000430282	0	0	0	0	0.113	0.987	0.720	0.803	0.999
ATP6V0C	ATP6V1D	9606.ENSP00000329757	9606.ENSP00000216442	0.086	0	0	0	0.522	0.991	0.909	0.820	0.999
ATP6V0C	ATP6V1E1	9606.ENSP00000329757	9606.ENSP00000253413	0.086	0	0	0	0.596	0.967	0.820	0.830	0.999
ATP6V0C	SDHA	9606.ENSP00000329757	9606.ENSP00000264932	0	0	0	0	0.220	0	0	0.289	0.422
ATP6V0C	TCIRG1	9606.ENSP00000329757	9606.ENSP00000265686	0.061	0	0	0	0.440	0.796	0.925	0.791	0.998
ATP6V0C	ATP6V1A	9606.ENSP00000329757	9606.ENSP00000273398	0.086	0	0	0	0.608	0.990	0.909	0.964	0.999
ATP6V0C	ATP6V1B2	9606.ENSP00000329757	9606.ENSP00000276390	0.086	0	0	0	0.612	0.980	0.820	0.876	0.999
ATP6V0C	ATP6V0D2	9606.ENSP00000329757	9606.ENSP00000285393	0.086	0	0	0	0.591	0.959	0.935	0.756	0.999
ATP6V0C	ATP6V0D1	9606.ENSP00000329757	9606.ENSP00000290949	0.086	0	0	0	0.676	0.992	0.935	0.842	0.999
ATP6V0C	TMEM199	9606.ENSP00000329757	9606.ENSP00000292114	0	0	0	0	0.062	0.731	0.720	0.425	0.953
ATP6V0C	COX5A	9606.ENSP00000329757	9606.ENSP00000317780	0	0	0	0	0.325	0.112	0	0.216	0.489
ATP6V0C	PKM	9606.ENSP00000329757	9606.ENSP00000320171	0.053	0	0	0	0.095	0	0	0.477	0.513
ATP6V0C	CMPK1	9606.ENSP00000329757	9606.ENSP00000360939	0.053	0	0	0	0.248	0	0.229	0.067	0.419
ATP6V0C	LDHA	9606.ENSP00000329757	9606.ENSP00000445175	0	0	0	0	0.339	0	0	0.165	0.425
ATP6V0C	SUCLG1	9606.ENSP00000329757	9606.ENSP00000377446	0	0	0	0	0.370	0	0	0.147	0.440
ATP6V0C	MT-ND4	9606.ENSP00000329757	9606.ENSP00000354961	0.103	0	0	0	0.212	0	0	0.353	0.502
ATP6V0C	PPA1	9606.ENSP00000329757	9606.ENSP00000362329	0	0	0	0	0.213	0	0.650	0.215	0.765
ATP6V0C	PPA2	9606.ENSP00000329757	9606.ENSP00000343885	0	0	0	0	0.217	0	0.650	0.315	0.796
ATP6V0C	ATP6V1G1	9606.ENSP00000329757	9606.ENSP00000363162	0	0	0	0	0.105	0.955	0.720	0.686	0.996
ATP6V0C	ATP6V1H	9606.ENSP00000329757	9606.ENSP00000352522	0	0	0	0	0.124	0.991	0.967	0.734	0.999
ATP6V0C	ATP6V1C1	9606.ENSP00000329757	9606.ENSP00000430282	0	0.186	0	0	0.117	0.990	0.720	0.908	0.999
ATP6V0D1	UQCRC1	9606.ENSP00000290949	9606.ENSP00000203407	0	0	0	0	0.459	0.068	0	0.158	0.539
ATP6V0D1	ATP6V1D	9606.ENSP00000290949	9606.ENSP00000216442	0.111	0	0	0	0.693	0.987	0.956	0.839	0.999
ATP6V0D1	ATP6V1E1	9606.ENSP00000290949	9606.ENSP00000253413	0.111	0	0	0	0.731	0.969	0.956	0.831	0.999
ATP6V0D1	TCIRG1	9606.ENSP00000290949	9606.ENSP00000265686	0.095	0	0	0	0.605	0.809	0.938	0.779	0.998
ATP6V0D1	ATP6V1A	9606.ENSP00000290949	9606.ENSP00000273398	0.111	0	0	0	0.715	0.978	0.956	0.751	0.999
ATP6V0D1	ATP6V1B2	9606.ENSP00000290949	9606.ENSP00000276390	0.111	0	0	0	0.780	0.978	0.956	0.805	0.999
ATP6V0D1	NDUFC2	9606.ENSP00000290949	9606.ENSP00000281031	0	0	0	0	0.049	0	0	0.468	0.473
ATP6V0D1	ATP6V0D2	9606.ENSP00000290949	9606.ENSP00000285393	0	0	0.055	0.971	0	0.718	0.900	0.047	0.971
ATP6V0D1	PPA1	9606.ENSP00000290949	9606.ENSP00000362329	0	0	0	0	0	0	0.650	0.081	0.664
ATP6V0D1	PPA2	9606.ENSP00000290949	9606.ENSP00000343885	0	0	0	0	0.049	0	0.650	0.149	0.692
ATP6V0D1	TMEM199	9606.ENSP00000290949	9606.ENSP00000292114	0	0	0	0	0.067	0.702	0.900	0.603	0.987
ATP6V0D1	ATP6V1C1	9606.ENSP00000290949	9606.ENSP00000430282	0	0	0	0	0.209	0.972	0.720	0.812	0.998
ATP6V0D1	ATP6V1G1	9606.ENSP00000290949	9606.ENSP00000363162	0	0	0	0	0.128	0.959	0.900	0.789	0.999
ATP6V0D1	ATP6V1H	9606.ENSP00000290949	9606.ENSP00000352522	0	0	0	0	0.443	0.986	0.900	0.846	0.999
ATP6V0D2	ATP6V1D	9606.ENSP00000285393	9606.ENSP00000216442	0.111	0	0	0	0.678	0.840	0.956	0.776	0.999
ATP6V0D2	ATP6V1E1	9606.ENSP00000285393	9606.ENSP00000253413	0.111	0	0	0	0.691	0.748	0.956	0.728	0.999
ATP6V0D2	TCIRG1	9606.ENSP00000285393	9606.ENSP00000265686	0.095	0	0	0	0.594	0.863	0.938	0.792	0.999
ATP6V0D2	ATP6V1A	9606.ENSP00000285393	9606.ENSP00000273398	0.111	0	0	0	0.690	0.747	0.956	0.553	0.998
ATP6V0D2	ATP6V1B2	9606.ENSP00000285393	9606.ENSP00000276390	0.111	0	0	0	0.694	0.847	0.956	0.609	0.999
ATP6V0D2	PPA1	9606.ENSP00000285393	9606.ENSP00000362329	0	0	0	0	0	0	0.650	0.070	0.660
ATP6V0D2	PPA2	9606.ENSP00000285393	9606.ENSP00000343885	0	0	0	0	0	0	0.650	0.073	0.661
ATP6V0D2	ATP6V1C1	9606.ENSP00000285393	9606.ENSP00000430282	0	0	0	0	0.197	0.748	0.720	0.739	0.983
ATP6V0D2	TMEM199	9606.ENSP00000285393	9606.ENSP00000292114	0	0	0	0	0	0.783	0.900	0.414	0.986
ATP6V0D2	ATP6V1G1	9606.ENSP00000285393	9606.ENSP00000363162	0	0	0	0	0.111	0.578	0.900	0.747	0.989
ATP6V0D2	ATP6V1H	9606.ENSP00000285393	9606.ENSP00000352522	0	0	0	0	0.413	0.840	0.900	0.790	0.997
ATP6V1A	ATP6V1D	9606.ENSP00000273398	9606.ENSP00000216442	0.111	0	0.441	0	0.726	0.996	0.967	0.871	0.999
ATP6V1A	PDHX	9606.ENSP00000273398	9606.ENSP00000227868	0	0	0	0	0.130	0.053	0	0.424	0.484
ATP6V1A	ATP6V1E1	9606.ENSP00000273398	9606.ENSP00000253413	0.111	0	0	0	0.740	0.990	0.956	0.927	0.999
ATP6V1A	TCIRG1	9606.ENSP00000273398	9606.ENSP00000265686	0.095	0	0	0	0.527	0.516	0.718	0.773	0.984
ATP6V1A	ENO1	9606.ENSP00000273398	9606.ENSP00000495530	0	0	0	0	0.245	0.062	0	0.246	0.419
ATP6V1A	GATD1	9606.ENSP00000273398	9606.ENSP00000321691	0	0	0	0	0.094	0	0	0.456	0.487
ATP6V1A	PDXK	9606.ENSP00000273398	9606.ENSP00000291565	0	0.518	0	0	0.054	0	0	0	0.525
ATP6V1A	PDHA1	9606.ENSP00000273398	9606.ENSP00000369134	0	0	0	0	0.102	0.161	0	0.449	0.549
ATP6V1A	PDHB	9606.ENSP00000273398	9606.ENSP00000307241	0	0	0	0	0.176	0.162	0	0.479	0.609
ATP6V1A	PPA2	9606.ENSP00000273398	9606.ENSP00000343885	0	0	0	0	0.226	0	0.650	0.168	0.755
ATP6V1A	PPA1	9606.ENSP00000273398	9606.ENSP00000362329	0	0	0	0	0.220	0	0.650	0.374	0.814
ATP6V1A	TMEM199	9606.ENSP00000273398	9606.ENSP00000292114	0	0	0	0	0.054	0	0.900	0.536	0.952
ATP6V1A	ATP6V1B2	9606.ENSP00000273398	9606.ENSP00000276390	0.111	0	0.246	0.585	0.878	0.994	0.956	0.859	0.999
ATP6V1A	ATP6V1H	9606.ENSP00000273398	9606.ENSP00000352522	0	0	0	0	0.419	0.986	0.909	0.773	0.999
ATP6V1A	ATP6V1G1	9606.ENSP00000273398	9606.ENSP00000363162	0	0	0	0	0.188	0.989	0.900	0.715	0.999
ATP6V1A	ATP6V1C1	9606.ENSP00000273398	9606.ENSP00000430282	0	0	0	0	0.447	0.979	0.720	0.927	0.999
ATP6V1B2	UQCRC1	9606.ENSP00000276390	9606.ENSP00000203407	0	0	0	0	0.160	0.161	0	0.360	0.509
ATP6V1B2	ATP6V1D	9606.ENSP00000276390	9606.ENSP00000216442	0.111	0	0.481	0	0.746	0.996	0.956	0.866	0.999
ATP6V1B2	ATP6V1E1	9606.ENSP00000276390	9606.ENSP00000253413	0.111	0	0	0	0.761	0.995	0.956	0.866	0.999
ATP6V1B2	SDHA	9606.ENSP00000276390	9606.ENSP00000264932	0.041	0	0	0	0.093	0	0	0.381	0.415
ATP6V1B2	TCIRG1	9606.ENSP00000276390	9606.ENSP00000265686	0.095	0	0	0	0.368	0.711	0.718	0.797	0.988
ATP6V1B2	SUCLG1	9606.ENSP00000276390	9606.ENSP00000377446	0	0	0	0	0.151	0	0	0.366	0.439
ATP6V1B2	ENO2	9606.ENSP00000276390	9606.ENSP00000437402	0	0	0	0	0.373	0	0	0.261	0.517
ATP6V1B2	ENO1	9606.ENSP00000276390	9606.ENSP00000495530	0	0	0	0	0.406	0	0	0.299	0.566
ATP6V1B2	PPA2	9606.ENSP00000276390	9606.ENSP00000343885	0	0	0	0	0.257	0	0.650	0.157	0.761
ATP6V1B2	PPA1	9606.ENSP00000276390	9606.ENSP00000362329	0	0	0	0	0.251	0	0.650	0.161	0.761
ATP6V1B2	HMGCL	9606.ENSP00000276390	9606.ENSP00000363614	0	0.832	0	0	0.056	0	0	0.102	0.845
ATP6V1B2	TMEM199	9606.ENSP00000276390	9606.ENSP00000292114	0	0	0	0	0.056	0	0.900	0.377	0.936
ATP6V1B2	ATP6V1H	9606.ENSP00000276390	9606.ENSP00000352522	0	0	0	0	0.723	0.992	0.720	0.877	0.999
ATP6V1B2	ATP6V1C1	9606.ENSP00000276390	9606.ENSP00000430282	0	0	0	0	0.309	0.987	0.720	0.940	0.999
ATP6V1B2	ATP6V1G1	9606.ENSP00000276390	9606.ENSP00000363162	0	0	0	0	0.368	0.989	0.900	0.832	0.999
ATP6V1C1	ATP6V1D	9606.ENSP00000430282	9606.ENSP00000216442	0	0	0	0	0.725	0.986	0.720	0.852	0.999
ATP6V1C1	ATP6V1E1	9606.ENSP00000430282	9606.ENSP00000253413	0	0	0	0	0.381	0.986	0.720	0.885	0.999
ATP6V1C1	TCIRG1	9606.ENSP00000430282	9606.ENSP00000265686	0	0	0	0	0.074	0.715	0.540	0.781	0.969
ATP6V1C1	TMEM199	9606.ENSP00000430282	9606.ENSP00000292114	0	0	0	0	0.060	0	0.720	0.604	0.886
ATP6V1C1	PPA2	9606.ENSP00000430282	9606.ENSP00000343885	0	0	0	0	0.049	0	0.650	0.158	0.695
ATP6V1C1	ATP6V1H	9606.ENSP00000430282	9606.ENSP00000352522	0	0	0	0	0.658	0.981	0.720	0.867	0.999
ATP6V1C1	PPA1	9606.ENSP00000430282	9606.ENSP00000362329	0	0	0	0	0.049	0	0.650	0.182	0.703
ATP6V1C1	ATP6V1G1	9606.ENSP00000430282	9606.ENSP00000363162	0	0	0	0	0.313	0.979	0.720	0.731	0.998
ATP6V1D	PPA1	9606.ENSP00000216442	9606.ENSP00000362329	0	0	0	0	0.312	0	0.650	0	0.749
ATP6V1D	PPA2	9606.ENSP00000216442	9606.ENSP00000343885	0	0	0	0	0.328	0	0.650	0.087	0.767
ATP6V1D	TMEM199	9606.ENSP00000216442	9606.ENSP00000292114	0	0	0	0	0.067	0	0.900	0.316	0.930
ATP6V1D	TCIRG1	9606.ENSP00000216442	9606.ENSP00000265686	0.095	0	0	0	0.292	0.913	0.718	0.695	0.994
ATP6V1D	ATP6V1H	9606.ENSP00000216442	9606.ENSP00000352522	0	0	0	0	0.377	0.997	0.935	0.794	0.999
ATP6V1D	ATP6V1E1	9606.ENSP00000216442	9606.ENSP00000253413	0.111	0	0	0	0.810	0.994	0.956	0.833	0.999
ATP6V1D	ATP6V1G1	9606.ENSP00000216442	9606.ENSP00000363162	0	0	0	0	0.450	0.990	0.900	0.837	0.999
ATP6V1E1	UQCRC1	9606.ENSP00000253413	9606.ENSP00000203407	0	0	0	0	0.129	0.162	0	0.313	0.455
ATP6V1E1	NDUFA5	9606.ENSP00000253413	9606.ENSP00000417142	0	0	0	0	0.117	0	0	0.375	0.424
ATP6V1E1	PCMT1	9606.ENSP00000253413	9606.ENSP00000497225	0	0	0	0	0.430	0	0	0	0.430
ATP6V1E1	COX7A2	9606.ENSP00000253413	9606.ENSP00000359098	0	0	0	0	0.272	0	0	0.266	0.444
ATP6V1E1	COX4I1	9606.ENSP00000253413	9606.ENSP00000457513	0	0	0	0	0.215	0.225	0	0.193	0.466
ATP6V1E1	COX5A	9606.ENSP00000253413	9606.ENSP00000317780	0	0	0	0	0.314	0	0	0.271	0.478
ATP6V1E1	COMT	9606.ENSP00000253413	9606.ENSP00000354511	0	0	0	0	0.097	0	0	0.490	0.519
ATP6V1E1	PPA1	9606.ENSP00000253413	9606.ENSP00000362329	0	0	0	0	0.155	0	0.650	0.170	0.733
ATP6V1E1	PPA2	9606.ENSP00000253413	9606.ENSP00000343885	0	0	0	0	0.157	0	0.650	0.184	0.738
ATP6V1E1	TMEM199	9606.ENSP00000253413	9606.ENSP00000292114	0	0	0	0	0.074	0	0.900	0.759	0.975
ATP6V1E1	TCIRG1	9606.ENSP00000253413	9606.ENSP00000265686	0.095	0	0	0	0.596	0.804	0.718	0.735	0.993
ATP6V1E1	ATP6V1G1	9606.ENSP00000253413	9606.ENSP00000363162	0	0	0	0	0.321	0.991	0.900	0.875	0.999
ATP6V1E1	ATP6V1H	9606.ENSP00000253413	9606.ENSP00000352522	0	0	0	0	0.450	0.993	0.720	0.866	0.999
ATP6V1G1	TCIRG1	9606.ENSP00000363162	9606.ENSP00000265686	0	0	0	0	0.061	0.480	0.540	0.691	0.921
ATP6V1G1	TMEM199	9606.ENSP00000363162	9606.ENSP00000292114	0	0	0	0	0.070	0	0.900	0.504	0.949
ATP6V1G1	NDUFA4	9606.ENSP00000363162	9606.ENSP00000339720	0	0	0	0	0.401	0	0	0.078	0.425
ATP6V1G1	PPA2	9606.ENSP00000363162	9606.ENSP00000343885	0	0	0	0	0.062	0	0.650	0.439	0.799
ATP6V1G1	ATP6V1H	9606.ENSP00000363162	9606.ENSP00000352522	0	0	0	0	0.140	0.975	0.720	0.760	0.998
ATP6V1G1	COX7A2	9606.ENSP00000363162	9606.ENSP00000359098	0	0	0	0	0.403	0	0	0	0.403
ATP6V1G1	PPA1	9606.ENSP00000363162	9606.ENSP00000362329	0	0	0	0	0.083	0	0.650	0	0.665
ATP6V1H	UQCRC1	9606.ENSP00000352522	9606.ENSP00000203407	0	0	0	0	0.099	0	0	0.420	0.455
ATP6V1H	TCIRG1	9606.ENSP00000352522	9606.ENSP00000265686	0	0	0	0	0.083	0.749	0.900	0.751	0.993
ATP6V1H	TMEM199	9606.ENSP00000352522	9606.ENSP00000292114	0	0	0	0	0.067	0	0.720	0.573	0.878
ATP6V1H	PPA2	9606.ENSP00000352522	9606.ENSP00000343885	0	0	0	0	0.060	0	0.650	0.114	0.683
ATP6V1H	PPA1	9606.ENSP00000352522	9606.ENSP00000362329	0	0	0	0	0.056	0	0.650	0.140	0.691
BCKDK	IDH3G	9606.ENSP00000378405	9606.ENSP00000217901	0	0	0	0	0.157	0	0.540	0.124	0.630
BCKDK	PDHX	9606.ENSP00000378405	9606.ENSP00000227868	0	0	0	0	0.067	0.204	0.147	0.255	0.464
BCKDK	MRPS36	9606.ENSP00000378405	9606.ENSP00000256441	0	0	0	0	0.055	0	0.540	0	0.546
BCKDK	MCCC1	9606.ENSP00000378405	9606.ENSP00000265594	0	0	0	0	0.049	0.094	0	0.486	0.518
BCKDK	ECI1	9606.ENSP00000378405	9606.ENSP00000301729	0	0	0	0	0.146	0.296	0	0.092	0.406
BCKDK	COX5A	9606.ENSP00000378405	9606.ENSP00000317780	0	0	0	0	0.101	0	0	0.405	0.443
BCKDK	PKM	9606.ENSP00000378405	9606.ENSP00000320171	0	0	0	0	0.111	0.069	0	0.467	0.520
BCKDK	DLST	9606.ENSP00000378405	9606.ENSP00000335304	0	0	0	0	0.109	0.204	0.590	0.134	0.715
BCKDK	ETFB	9606.ENSP00000378405	9606.ENSP00000346173	0	0	0	0	0.064	0	0	0.461	0.473
BCKDK	ECHS1	9606.ENSP00000378405	9606.ENSP00000357535	0	0	0	0	0.162	0.296	0	0.234	0.509
BCKDK	HADHA	9606.ENSP00000378405	9606.ENSP00000370023	0	0	0	0	0.126	0.296	0	0.225	0.482
BCKDK	SUCLG1	9606.ENSP00000378405	9606.ENSP00000377446	0	0	0	0	0.099	0	0.540	0	0.567
BCKDK	H6PD	9606.ENSP00000378405	9606.ENSP00000473348	0.103	0	0	0	0.138	0.094	0	0.327	0.466
BCKDK	SUCLG2	9606.ENSP00000378405	9606.ENSP00000419325	0	0	0	0	0.078	0	0.540	0.129	0.598
BCKDK	SUCLA2	9606.ENSP00000378405	9606.ENSP00000494360	0	0	0	0	0.090	0	0.540	0.177	0.625
BCKDK	OGDH	9606.ENSP00000378405	9606.ENSP00000388183	0	0	0	0	0.149	0	0.540	0.145	0.636
BCS1L	COX15	9606.ENSP00000413908	9606.ENSP00000016171	0	0	0	0	0.109	0	0.720	0.788	0.942
BCS1L	UQCRC1	9606.ENSP00000413908	9606.ENSP00000203407	0.042	0	0	0	0.176	0.100	0.540	0.562	0.831
BCS1L	IDH3G	9606.ENSP00000413908	9606.ENSP00000217901	0	0	0	0	0.176	0	0.400	0.089	0.510
BCS1L	TIMM10	9606.ENSP00000413908	9606.ENSP00000257245	0	0	0	0	0.313	0.071	0.500	0.210	0.714
BCS1L	COX5B	9606.ENSP00000413908	9606.ENSP00000258424	0	0	0	0	0.123	0	0.540	0.355	0.717
BCS1L	NDUFAF1	9606.ENSP00000413908	9606.ENSP00000260361	0	0	0	0	0.247	0	0	0.348	0.488
BCS1L	COQ9	9606.ENSP00000413908	9606.ENSP00000262507	0	0	0	0	0.391	0.226	0	0.374	0.679
BCS1L	GATB	9606.ENSP00000413908	9606.ENSP00000263985	0	0	0	0	0.252	0	0	0.301	0.455
BCS1L	SDHA	9606.ENSP00000413908	9606.ENSP00000264932	0	0	0	0	0.111	0.091	0	0.816	0.838
BCS1L	ETHE1	9606.ENSP00000413908	9606.ENSP00000292147	0.042	0	0	0	0.049	0	0	0.486	0.491
BCS1L	COX5A	9606.ENSP00000413908	9606.ENSP00000317780	0	0	0	0	0.137	0.055	0.720	0.322	0.824
BCS1L	NDUFA4	9606.ENSP00000413908	9606.ENSP00000339720	0	0	0	0	0.056	0	0.720	0.287	0.795
BCS1L	CS	9606.ENSP00000413908	9606.ENSP00000342056	0.054	0	0	0	0.062	0.165	0.400	0.320	0.643
BCS1L	SAMM50	9606.ENSP00000413908	9606.ENSP00000345445	0.042	0	0	0	0.329	0	0	0.278	0.495
BCS1L	COX7A2	9606.ENSP00000413908	9606.ENSP00000359098	0	0	0	0	0.068	0	0.540	0.202	0.628
BCS1L	PDHA1	9606.ENSP00000413908	9606.ENSP00000369134	0.058	0	0	0	0.126	0.140	0	0.637	0.708
BCS1L	SLC25A6	9606.ENSP00000413908	9606.ENSP00000370808	0	0	0	0	0.082	0.115	0.500	0.176	0.621
BCS1L	DNAJC19	9606.ENSP00000413908	9606.ENSP00000372005	0	0	0	0	0.105	0	0.500	0.215	0.618
BCS1L	SUCLG1	9606.ENSP00000413908	9606.ENSP00000377446	0	0	0	0	0.135	0	0	0.396	0.455
BCS1L	SOD2	9606.ENSP00000413908	9606.ENSP00000446252	0.057	0	0	0	0.139	0.183	0	0.257	0.442
BCS1L	SUCLA2	9606.ENSP00000413908	9606.ENSP00000494360	0	0	0	0	0.113	0	0	0.405	0.450
BCS1L	COX4I1	9606.ENSP00000413908	9606.ENSP00000457513	0	0	0	0	0.089	0	0.540	0.310	0.685
BDH1	OXCT1	9606.ENSP00000376184	9606.ENSP00000196371	0	0	0	0	0.065	0	0.911	0.823	0.984
BDH1	PYGB	9606.ENSP00000376184	9606.ENSP00000216962	0	0	0	0	0.047	0	0	0.406	0.410
BDH1	BDH2	9606.ENSP00000376184	9606.ENSP00000296424	0	0	0	0	0.073	0	0.900	0.730	0.972
BDH1	HADHB	9606.ENSP00000376184	9606.ENSP00000325136	0	0	0	0	0.088	0	0	0.448	0.475
BDH1	CPT2	9606.ENSP00000376184	9606.ENSP00000360541	0	0	0	0	0.076	0	0	0.431	0.451
BDH1	HMGCL	9606.ENSP00000376184	9606.ENSP00000363614	0	0	0	0	0.054	0	0.911	0.744	0.976
BDH1	HADHA	9606.ENSP00000376184	9606.ENSP00000370023	0	0	0	0	0.075	0	0	0.396	0.418
BDH2	OXCT1	9606.ENSP00000296424	9606.ENSP00000196371	0.053	0	0	0	0.070	0.066	0.914	0.574	0.964
BDH2	FDX1	9606.ENSP00000296424	9606.ENSP00000260270	0	0	0	0	0.107	0.256	0.215	0.177	0.514
BDH2	MECR	9606.ENSP00000296424	9606.ENSP00000263702	0	0	0	0	0.439	0.064	0.172	0.274	0.643
BDH2	OXSM	9606.ENSP00000296424	9606.ENSP00000280701	0.057	0	0	0	0.259	0.168	0.154	0.266	0.573
BDH2	H6PD	9606.ENSP00000296424	9606.ENSP00000473348	0.042	0	0	0	0.185	0.068	0.187	0.166	0.417
BDH2	ECHDC1	9606.ENSP00000296424	9606.ENSP00000436585	0.042	0	0	0	0.096	0.091	0.175	0.240	0.417
BDH2	MT-ND4	9606.ENSP00000296424	9606.ENSP00000354961	0	0	0	0	0.157	0.303	0	0.111	0.432
BDH2	HSD17B4	9606.ENSP00000296424	9606.ENSP00000411960	0.044	0	0	0.632	0.276	0	0.182	0.117	0.433
BDH2	CPT2	9606.ENSP00000296424	9606.ENSP00000360541	0	0	0	0	0.151	0.091	0	0.325	0.434
BDH2	HADHB	9606.ENSP00000296424	9606.ENSP00000325136	0.044	0	0	0	0.119	0.091	0.182	0.263	0.455
BDH2	HADHA	9606.ENSP00000296424	9606.ENSP00000370023	0.042	0	0	0	0.092	0.091	0.195	0.292	0.467
BDH2	ECI1	9606.ENSP00000296424	9606.ENSP00000301729	0.042	0	0	0	0.113	0.091	0.195	0.290	0.479
BDH2	ECHS1	9606.ENSP00000296424	9606.ENSP00000357535	0.042	0	0	0	0.114	0.091	0.175	0.319	0.487
BDH2	SUCLG1	9606.ENSP00000296424	9606.ENSP00000377446	0	0.256	0	0	0.110	0.076	0.111	0.206	0.490
BDH2	HMGCL	9606.ENSP00000296424	9606.ENSP00000363614	0	0	0	0	0.085	0	0.918	0.539	0.962
BOLA2	FDX1	9606.ENSP00000331127	9606.ENSP00000260270	0	0	0	0	0.129	0	0	0.389	0.445
BOLA2	NUBP1	9606.ENSP00000331127	9606.ENSP00000283027	0	0	0	0	0.049	0	0	0.407	0.412
BOLA2	CIAO1	9606.ENSP00000331127	9606.ENSP00000418287	0	0	0	0	0	0	0	0.418	0.418
BOLA2	CISD1	9606.ENSP00000331127	9606.ENSP00000363041	0	0	0	0	0.145	0	0	0.374	0.442
BOLA2	GLRX	9606.ENSP00000331127	9606.ENSP00000369314	0.061	0	0	0	0.062	0.063	0	0.515	0.546
CBR1	FDX1	9606.ENSP00000290349	9606.ENSP00000260270	0	0	0	0	0.100	0.256	0.215	0.114	0.472
CBR1	PRDX1	9606.ENSP00000290349	9606.ENSP00000262746	0	0	0	0	0.123	0.062	0	0.352	0.420
CBR1	OXSM	9606.ENSP00000290349	9606.ENSP00000280701	0.057	0	0	0	0.207	0.168	0.154	0.127	0.456
CBR1	H6PD	9606.ENSP00000290349	9606.ENSP00000473348	0.042	0	0	0	0.076	0.053	0.187	0.287	0.426
CBR1	PCBD1	9606.ENSP00000290349	9606.ENSP00000299299	0	0	0	0	0.116	0	0.215	0.444	0.580
CBR1	CBR3	9606.ENSP00000290349	9606.ENSP00000290354	0	0	0.053	0.974	0.188	0.727	0.900	0.338	0.983
CBR3	FDX1	9606.ENSP00000290354	9606.ENSP00000260270	0	0	0	0	0.091	0.256	0.215	0.114	0.467
CBR3	OXSM	9606.ENSP00000290354	9606.ENSP00000280701	0.057	0	0	0	0.205	0.168	0.154	0.127	0.455
CBR3	PRDX3	9606.ENSP00000290354	9606.ENSP00000298510	0	0	0	0	0.072	0.062	0	0.412	0.444
CIAO1	FKBP14	9606.ENSP00000418287	9606.ENSP00000222803	0	0	0	0	0.067	0	0	0.410	0.426
CIAO1	NUBP1	9606.ENSP00000418287	9606.ENSP00000283027	0	0.121	0	0	0.108	0.100	0.400	0.939	0.969
CIAO1	CYP20A1	9606.ENSP00000418287	9606.ENSP00000348380	0	0	0	0	0.044	0	0	0.443	0.445
CIAO1	SLC25A5	9606.ENSP00000418287	9606.ENSP00000360671	0	0	0	0	0.056	0	0.900	0.936	0.993
CIAO1	SLC25A6	9606.ENSP00000418287	9606.ENSP00000370808	0	0	0	0	0.055	0	0	0.934	0.935
CISD1	GLUD1	9606.ENSP00000363041	9606.ENSP00000277865	0	0	0	0	0.058	0	0	0.535	0.543
CISD1	MTX1	9606.ENSP00000363041	9606.ENSP00000357360	0	0	0	0	0.083	0.226	0	0.314	0.471
CISD1	TSPO	9606.ENSP00000363041	9606.ENSP00000379563	0	0	0	0	0.049	0.451	0	0	0.455
CMPK1	TPI1	9606.ENSP00000360939	9606.ENSP00000229270	0.089	0	0	0	0.158	0	0	0.284	0.403
CMPK1	NT5C	9606.ENSP00000360939	9606.ENSP00000245552	0	0	0	0	0.058	0	0.136	0.430	0.496
CMPK1	PRDX1	9606.ENSP00000360939	9606.ENSP00000262746	0	0	0	0	0.082	0	0	0.432	0.457
CMPK1	DCK	9606.ENSP00000360939	9606.ENSP00000286648	0	0	0	0	0.097	0	0.139	0.698	0.745
CMPK1	TK2	9606.ENSP00000360939	9606.ENSP00000299697	0	0	0	0	0.055	0	0.139	0.643	0.684
CMPK1	TYMS	9606.ENSP00000360939	9606.ENSP00000315644	0.071	0	0	0	0.055	0	0.181	0.505	0.597
CMPK1	PPA2	9606.ENSP00000360939	9606.ENSP00000343885	0.061	0	0	0	0.319	0	0	0.303	0.516
CMPK1	PGM1	9606.ENSP00000360939	9606.ENSP00000360124	0	0	0	0	0.047	0.162	0	0.661	0.706
CMPK1	SUCLG1	9606.ENSP00000360939	9606.ENSP00000377446	0	0	0	0	0.276	0.162	0	0.166	0.450
CMPK1	TK1	9606.ENSP00000360939	9606.ENSP00000468425	0	0	0	0	0	0	0	0.458	0.458
CMPK1	PPA1	9606.ENSP00000360939	9606.ENSP00000362329	0.061	0	0	0	0.314	0	0	0.284	0.498
CMPK1	ENO1	9606.ENSP00000360939	9606.ENSP00000495530	0.053	0	0	0	0.112	0.189	0	0.689	0.759
CNDP2	GLUD1	9606.ENSP00000325548	9606.ENSP00000277865	0.045	0	0	0	0.073	0	0.800	0.072	0.813
CNDP2	CRMP1	9606.ENSP00000325548	9606.ENSP00000321606	0.057	0	0	0	0.140	0	0.265	0.136	0.416
CNDP2	DHCR24	9606.ENSP00000325548	9606.ENSP00000360316	0	0	0	0	0.073	0.095	0	0.388	0.441
CNDP2	NAGK	9606.ENSP00000325548	9606.ENSP00000477639	0	0	0	0	0.153	0	0	0.384	0.456
CNDP2	ESD	9606.ENSP00000325548	9606.ENSP00000367992	0	0	0	0	0.055	0	0	0.471	0.479
CNDP2	PGM1	9606.ENSP00000325548	9606.ENSP00000360124	0	0	0	0	0.044	0	0	0.511	0.513
CNDP2	OAT	9606.ENSP00000325548	9606.ENSP00000357838	0.106	0	0	0	0.083	0	0.510	0.251	0.658
COMT	SDHA	9606.ENSP00000354511	9606.ENSP00000264932	0.111	0	0	0	0.094	0	0	0.376	0.453
COMT	PARK7	9606.ENSP00000354511	9606.ENSP00000340278	0	0	0	0	0.120	0	0	0.349	0.402
COMT	SOD2	9606.ENSP00000354511	9606.ENSP00000446252	0.045	0	0	0	0.098	0	0	0.364	0.405
COMT	G6PD	9606.ENSP00000354511	9606.ENSP00000377192	0	0	0	0	0.079	0	0.408	0.160	0.502
COMT	GSTO1	9606.ENSP00000354511	9606.ENSP00000358727	0	0	0	0	0.096	0	0	0.490	0.519
COMT	H6PD	9606.ENSP00000354511	9606.ENSP00000473348	0.115	0	0	0	0.066	0	0.408	0.160	0.534
COMT	GPX7	9606.ENSP00000354511	9606.ENSP00000354677	0	0	0	0	0.074	0	0	0.531	0.548
COMT	TK1	9606.ENSP00000354511	9606.ENSP00000468425	0.057	0	0	0	0.149	0	0.585	0	0.638
COQ8A	COQ9	9606.ENSP00000355741	9606.ENSP00000262507	0.041	0	0	0	0.112	0.427	0	0.984	0.991
COQ8A	GPD2	9606.ENSP00000355741	9606.ENSP00000308610	0	0	0	0	0.090	0.129	0.440	0.092	0.543
COQ9	COX15	9606.ENSP00000262507	9606.ENSP00000016171	0	0	0	0	0.182	0.226	0	0.205	0.452
COQ9	UQCRC1	9606.ENSP00000262507	9606.ENSP00000203407	0	0	0	0	0.335	0.100	0	0.277	0.529
COQ9	IDH3G	9606.ENSP00000262507	9606.ENSP00000217901	0	0	0	0	0.333	0.090	0	0.206	0.476
COQ9	CYB5R1	9606.ENSP00000262507	9606.ENSP00000356218	0	0	0	0	0.149	0.226	0	0.175	0.409
COQ9	SUCLA2	9606.ENSP00000262507	9606.ENSP00000494360	0	0	0	0	0.198	0.166	0	0.204	0.421
COQ9	GGPS1	9606.ENSP00000262507	9606.ENSP00000282841	0	0	0	0	0.083	0	0	0.399	0.426
COQ9	HADHB	9606.ENSP00000262507	9606.ENSP00000325136	0	0	0	0	0.173	0.226	0	0.227	0.462
COQ9	NDUFA5	9606.ENSP00000262507	9606.ENSP00000417142	0	0	0	0	0.213	0.208	0	0.271	0.506
COQ9	GATB	9606.ENSP00000262507	9606.ENSP00000263985	0	0	0	0	0.179	0	0	0.427	0.509
COQ9	SQOR	9606.ENSP00000262507	9606.ENSP00000456019	0	0	0	0	0.042	0.206	0	0.518	0.601
COX15	NDUFA5	9606.ENSP00000016171	9606.ENSP00000417142	0	0	0	0	0.097	0.135	0	0.370	0.464
COX15	CS	9606.ENSP00000016171	9606.ENSP00000342056	0	0	0	0	0.108	0	0	0.424	0.465
COX15	FDX1	9606.ENSP00000016171	9606.ENSP00000260270	0	0	0	0	0.091	0	0	0.457	0.486
COX15	GATB	9606.ENSP00000016171	9606.ENSP00000263985	0	0	0	0	0.224	0	0	0.383	0.501
COX15	MT-ND4	9606.ENSP00000016171	9606.ENSP00000354961	0	0	0	0	0.100	0	0	0.523	0.552
COX15	PDHA1	9606.ENSP00000016171	9606.ENSP00000369134	0	0	0	0	0.109	0	0	0.566	0.596
COX15	PPOX	9606.ENSP00000016171	9606.ENSP00000356978	0	0	0	0	0.287	0	0	0.489	0.620
COX15	SDHA	9606.ENSP00000016171	9606.ENSP00000264932	0	0	0	0	0.117	0	0	0.672	0.698
COX15	COX7A2	9606.ENSP00000016171	9606.ENSP00000359098	0	0	0	0	0.060	0.078	0.540	0.462	0.757
COX15	COX5B	9606.ENSP00000016171	9606.ENSP00000258424	0	0	0	0	0.058	0.093	0.540	0.562	0.804
COX15	UQCRC1	9606.ENSP00000016171	9606.ENSP00000203407	0	0	0	0	0.081	0.246	0.598	0.501	0.842
COX15	COX4I1	9606.ENSP00000016171	9606.ENSP00000457513	0	0	0	0	0.067	0.394	0.540	0.477	0.846
COX15	NDUFA4	9606.ENSP00000016171	9606.ENSP00000339720	0	0	0	0	0.049	0.074	0.720	0.464	0.850
COX15	COX5A	9606.ENSP00000016171	9606.ENSP00000317780	0	0	0	0	0.067	0.095	0.720	0.782	0.941
COX4I1	UQCRC1	9606.ENSP00000457513	9606.ENSP00000203407	0	0	0	0	0.711	0.969	0.608	0.644	0.998
COX4I1	PPIF	9606.ENSP00000457513	9606.ENSP00000225174	0	0	0	0	0.135	0.173	0	0.475	0.591
COX4I1	EMC8	9606.ENSP00000457513	9606.ENSP00000253457	0	0	0	0	0.080	0	0	0.964	0.965
COX4I1	COX5B	9606.ENSP00000457513	9606.ENSP00000258424	0	0	0	0	0.923	0.986	0.866	0.934	0.999
COX4I1	SDHA	9606.ENSP00000457513	9606.ENSP00000264932	0	0	0	0	0.416	0.088	0	0.826	0.899
COX4I1	PRDX5	9606.ENSP00000457513	9606.ENSP00000265462	0	0	0	0	0.321	0	0	0.199	0.433
COX4I1	DLAT	9606.ENSP00000457513	9606.ENSP00000280346	0	0	0	0	0.161	0.206	0	0.279	0.478
COX4I1	NDUFC2	9606.ENSP00000457513	9606.ENSP00000281031	0	0	0	0	0.620	0.841	0	0.361	0.958
COX4I1	PRDX3	9606.ENSP00000457513	9606.ENSP00000298510	0	0	0	0	0.241	0	0	0.362	0.495
COX4I1	TK2	9606.ENSP00000457513	9606.ENSP00000299697	0	0	0	0	0.139	0.210	0.114	0.192	0.448
COX4I1	PDHB	9606.ENSP00000457513	9606.ENSP00000307241	0	0	0	0	0.180	0.162	0	0.200	0.402
COX4I1	COX5A	9606.ENSP00000457513	9606.ENSP00000317780	0	0	0	0	0.923	0.996	0.888	0.992	0.999
COX4I1	HADHB	9606.ENSP00000457513	9606.ENSP00000325136	0	0	0	0	0.178	0.142	0	0.250	0.425
COX4I1	MICOS10	9606.ENSP00000457513	9606.ENSP00000325562	0	0	0	0	0.405	0.161	0	0.162	0.545
COX4I1	DLST	9606.ENSP00000457513	9606.ENSP00000335304	0	0	0	0	0.609	0.340	0	0.166	0.767
COX4I1	NDUFA4	9606.ENSP00000457513	9606.ENSP00000339720	0	0	0	0	0.367	0.860	0.800	0.525	0.990
COX4I1	PARK7	9606.ENSP00000457513	9606.ENSP00000340278	0	0	0	0	0.330	0	0	0.341	0.540
COX4I1	CS	9606.ENSP00000457513	9606.ENSP00000342056	0	0	0	0	0.317	0.104	0	0.673	0.783
COX4I1	SAMM50	9606.ENSP00000457513	9606.ENSP00000345445	0	0	0	0	0.183	0.422	0	0.338	0.660
COX4I1	ETFB	9606.ENSP00000457513	9606.ENSP00000346173	0	0	0	0	0.281	0.329	0	0.234	0.598
COX4I1	GPX7	9606.ENSP00000457513	9606.ENSP00000354677	0	0	0	0	0.246	0	0	0.292	0.443
COX4I1	OPA1	9606.ENSP00000457513	9606.ENSP00000354681	0	0	0	0	0.055	0.330	0	0.418	0.599
COX4I1	MT-ND4	9606.ENSP00000457513	9606.ENSP00000354961	0	0	0	0	0.137	0.844	0	0.445	0.918
COX4I1	ECHS1	9606.ENSP00000457513	9606.ENSP00000357535	0	0	0	0	0.248	0.611	0	0.203	0.746
COX4I1	COX7A2	9606.ENSP00000457513	9606.ENSP00000359098	0	0	0	0	0.608	0.893	0.540	0.678	0.993
COX4I1	SLC25A5	9606.ENSP00000457513	9606.ENSP00000360671	0	0	0	0	0.329	0.100	0	0.376	0.590
COX4I1	PDHA1	9606.ENSP00000457513	9606.ENSP00000369134	0	0	0	0	0.208	0.178	0	0.374	0.557
COX4I1	HADHA	9606.ENSP00000457513	9606.ENSP00000370023	0	0	0	0	0.203	0.230	0	0.274	0.516
COX4I1	SLC25A6	9606.ENSP00000457513	9606.ENSP00000370808	0	0	0	0	0.363	0.100	0	0.390	0.620
COX4I1	SUCLG1	9606.ENSP00000457513	9606.ENSP00000377446	0	0	0	0	0.274	0.065	0	0.217	0.422
COX4I1	NDUFA5	9606.ENSP00000457513	9606.ENSP00000417142	0	0	0	0	0.406	0.900	0	0.405	0.962
COX4I1	LDHA	9606.ENSP00000457513	9606.ENSP00000445175	0	0	0	0	0.101	0.048	0	0.475	0.511
COX4I1	SOD2	9606.ENSP00000457513	9606.ENSP00000446252	0	0	0	0	0.117	0	0	0.593	0.625
COX4I1	NDUFC2-KCTD14	9606.ENSP00000457513	9606.ENSP00000478766	0	0	0	0	0.513	0.241	0	0.093	0.635
COX4I1	NDUFB1	9606.ENSP00000457513	9606.ENSP00000483888	0	0	0	0	0.300	0.852	0	0.301	0.921
COX5A	UQCRC1	9606.ENSP00000317780	9606.ENSP00000203407	0	0	0	0	0.848	0.966	0.657	0.716	0.999
COX5A	TPI1	9606.ENSP00000317780	9606.ENSP00000229270	0	0	0	0	0.196	0.080	0	0.267	0.410
COX5A	COX5B	9606.ENSP00000317780	9606.ENSP00000258424	0	0	0	0	0.978	0.995	0.959	0.987	0.999
COX5A	SDHA	9606.ENSP00000317780	9606.ENSP00000264932	0	0	0	0	0.423	0.097	0	0.673	0.815
COX5A	DLAT	9606.ENSP00000317780	9606.ENSP00000280346	0	0	0	0	0.254	0.096	0	0.321	0.502
COX5A	NDUFC2	9606.ENSP00000317780	9606.ENSP00000281031	0	0	0	0	0.730	0.845	0	0.482	0.976
COX5A	DCK	9606.ENSP00000317780	9606.ENSP00000286648	0	0	0	0	0.251	0.314	0	0.236	0.573
COX5A	PRDX3	9606.ENSP00000317780	9606.ENSP00000298510	0	0	0	0	0.237	0	0	0.256	0.409
COX5A	TK2	9606.ENSP00000317780	9606.ENSP00000299697	0	0	0	0	0.245	0.314	0	0.136	0.513
COX5A	MTCH2	9606.ENSP00000317780	9606.ENSP00000303222	0	0	0	0	0.137	0.161	0	0.292	0.442
COX5A	PDHB	9606.ENSP00000317780	9606.ENSP00000307241	0	0	0	0	0.496	0.310	0	0.202	0.698
COX5A	LDHA	9606.ENSP00000317780	9606.ENSP00000445175	0	0	0	0	0.209	0.070	0	0.278	0.423
COX5A	HADHB	9606.ENSP00000317780	9606.ENSP00000325136	0	0	0	0	0.146	0.140	0	0.324	0.460
COX5A	DLST	9606.ENSP00000317780	9606.ENSP00000335304	0	0	0	0	0.369	0.091	0	0.205	0.504
COX5A	PDHA1	9606.ENSP00000317780	9606.ENSP00000369134	0	0	0	0	0.216	0.162	0	0.322	0.516
COX5A	SLC25A6	9606.ENSP00000317780	9606.ENSP00000370808	0	0	0	0	0.315	0.111	0	0.273	0.519
COX5A	OGDH	9606.ENSP00000317780	9606.ENSP00000388183	0	0	0	0	0.132	0.215	0	0.353	0.520
COX5A	SOD2	9606.ENSP00000317780	9606.ENSP00000446252	0	0	0	0	0.323	0.095	0	0.338	0.559
COX5A	ETFB	9606.ENSP00000317780	9606.ENSP00000346173	0	0	0	0	0.247	0	0	0.506	0.612
COX5A	SLC25A5	9606.ENSP00000317780	9606.ENSP00000360671	0	0	0	0	0.458	0.111	0	0.364	0.666
COX5A	SUCLG1	9606.ENSP00000317780	9606.ENSP00000377446	0	0	0	0	0.430	0.085	0	0.513	0.724
COX5A	CS	9606.ENSP00000317780	9606.ENSP00000342056	0	0	0	0	0.564	0.165	0	0.419	0.770
COX5A	NDUFC2-KCTD14	9606.ENSP00000317780	9606.ENSP00000478766	0	0	0	0	0.688	0.259	0	0.102	0.774
COX5A	MT-ND4	9606.ENSP00000317780	9606.ENSP00000354961	0	0	0	0	0.119	0.830	0	0.332	0.891
COX5A	NDUFB1	9606.ENSP00000317780	9606.ENSP00000483888	0	0	0	0	0.286	0.830	0	0.362	0.916
COX5A	NDUFA5	9606.ENSP00000317780	9606.ENSP00000417142	0	0	0	0	0.841	0.830	0	0.519	0.985
COX5A	COX7A2	9606.ENSP00000317780	9606.ENSP00000359098	0	0	0	0	0.765	0.802	0.540	0.641	0.991
COX5A	NDUFA4	9606.ENSP00000317780	9606.ENSP00000339720	0	0	0	0	0.497	0.839	0.900	0.744	0.997
COX5B	UQCRC1	9606.ENSP00000258424	9606.ENSP00000203407	0	0	0	0	0.748	0.972	0.635	0.826	0.999
COX5B	IDH3G	9606.ENSP00000258424	9606.ENSP00000217901	0	0	0	0	0.312	0.074	0	0.273	0.497
COX5B	PHPT1	9606.ENSP00000258424	9606.ENSP00000247665	0	0	0	0	0.387	0	0	0.125	0.441
COX5B	SOD2	9606.ENSP00000258424	9606.ENSP00000446252	0	0	0	0	0.124	0	0	0.345	0.402
COX5B	TK2	9606.ENSP00000258424	9606.ENSP00000299697	0	0	0	0	0.110	0.294	0	0.128	0.404
COX5B	DCK	9606.ENSP00000258424	9606.ENSP00000286648	0	0	0	0	0.112	0.294	0	0.128	0.406
COX5B	PDHA1	9606.ENSP00000258424	9606.ENSP00000369134	0	0	0	0	0.170	0.133	0	0.269	0.428
COX5B	PRDX1	9606.ENSP00000258424	9606.ENSP00000262746	0	0	0	0	0.207	0	0	0.322	0.439
COX5B	DLST	9606.ENSP00000258424	9606.ENSP00000335304	0	0	0	0	0.340	0	0	0.221	0.464
COX5B	OGDH	9606.ENSP00000258424	9606.ENSP00000388183	0	0	0	0	0.159	0	0	0.403	0.477
COX5B	SLC25A6	9606.ENSP00000258424	9606.ENSP00000370808	0	0	0	0	0.257	0.189	0	0.267	0.520
COX5B	ETFB	9606.ENSP00000258424	9606.ENSP00000346173	0	0	0	0	0.361	0	0	0.284	0.523
COX5B	DLAT	9606.ENSP00000258424	9606.ENSP00000280346	0	0	0	0	0.145	0.208	0	0.360	0.529
COX5B	CS	9606.ENSP00000258424	9606.ENSP00000342056	0	0	0	0	0.151	0.184	0	0.407	0.554
COX5B	MGST3	9606.ENSP00000258424	9606.ENSP00000356864	0	0	0	0	0.443	0.073	0	0.238	0.572
COX5B	SUCLG1	9606.ENSP00000258424	9606.ENSP00000377446	0	0	0	0	0.381	0.085	0	0.307	0.573
COX5B	MICOS10	9606.ENSP00000258424	9606.ENSP00000325562	0	0	0	0	0.248	0.093	0	0.439	0.585
COX5B	NDUFC2-KCTD14	9606.ENSP00000258424	9606.ENSP00000478766	0	0	0	0	0.382	0.295	0	0.165	0.604
COX5B	SLC25A5	9606.ENSP00000258424	9606.ENSP00000360671	0	0	0	0	0.317	0.189	0	0.360	0.615
COX5B	DNAJC19	9606.ENSP00000258424	9606.ENSP00000372005	0	0	0	0	0.106	0.627	0	0.172	0.700
COX5B	MT-ND4	9606.ENSP00000258424	9606.ENSP00000354961	0	0	0	0	0.115	0.844	0	0.366	0.904
COX5B	SDHA	9606.ENSP00000258424	9606.ENSP00000264932	0	0	0	0	0.837	0	0	0.563	0.925
COX5B	NDUFB1	9606.ENSP00000258424	9606.ENSP00000483888	0	0	0	0	0.390	0.844	0	0.528	0.951
COX5B	NDUFC2	9606.ENSP00000258424	9606.ENSP00000281031	0	0	0	0	0.657	0.852	0	0.505	0.972
COX5B	NDUFA5	9606.ENSP00000258424	9606.ENSP00000417142	0	0	0	0	0.817	0.864	0	0.516	0.986
COX5B	NDUFA4	9606.ENSP00000258424	9606.ENSP00000339720	0	0	0	0	0.583	0.838	0.800	0.686	0.995
COX5B	COX7A2	9606.ENSP00000258424	9606.ENSP00000359098	0	0	0	0	0.813	0.900	0.540	0.778	0.997
COX7A2	UQCRC1	9606.ENSP00000359098	9606.ENSP00000203407	0	0	0	0	0.166	0.070	0.594	0.534	0.833
COX7A2	MRPS36	9606.ENSP00000359098	9606.ENSP00000256441	0	0	0	0	0.142	0	0	0.358	0.425
COX7A2	SDHA	9606.ENSP00000359098	9606.ENSP00000264932	0	0	0	0	0.105	0	0	0.398	0.438
COX7A2	NDUFC2	9606.ENSP00000359098	9606.ENSP00000281031	0	0	0	0	0.639	0.089	0	0.526	0.830
COX7A2	MICOS10	9606.ENSP00000359098	9606.ENSP00000325562	0	0	0	0	0.148	0	0	0.476	0.535
COX7A2	NDUFA4	9606.ENSP00000359098	9606.ENSP00000339720	0	0	0	0	0.865	0.839	0.540	0.754	0.997
COX7A2	PARK7	9606.ENSP00000359098	9606.ENSP00000340278	0	0	0	0	0.347	0	0	0.193	0.450
COX7A2	PPA1	9606.ENSP00000359098	9606.ENSP00000362329	0	0	0	0	0.225	0	0	0.273	0.413
COX7A2	NDUFC2-KCTD14	9606.ENSP00000359098	9606.ENSP00000478766	0	0	0	0	0.575	0.089	0	0.129	0.633
COX7A2	NDUFB1	9606.ENSP00000359098	9606.ENSP00000483888	0	0	0	0	0.364	0	0	0.474	0.651
COX7A2	NDUFA5	9606.ENSP00000359098	9606.ENSP00000417142	0	0	0	0	0.619	0.095	0	0.454	0.795
CPT2	PYGM	9606.ENSP00000360541	9606.ENSP00000164139	0	0	0	0	0.042	0	0	0.400	0.400
CPT2	OXCT1	9606.ENSP00000360541	9606.ENSP00000196371	0	0	0	0	0.042	0	0	0.447	0.448
CPT2	MECR	9606.ENSP00000360541	9606.ENSP00000263702	0	0	0	0	0.283	0	0	0.200	0.402
CPT2	SDHA	9606.ENSP00000360541	9606.ENSP00000264932	0	0	0	0	0.146	0	0	0.387	0.455
CPT2	MCCC1	9606.ENSP00000360541	9606.ENSP00000265594	0	0	0	0	0.337	0	0	0.171	0.427
CPT2	ECI1	9606.ENSP00000360541	9606.ENSP00000301729	0	0	0	0	0.163	0.099	0	0.515	0.602
CPT2	CRAT	9606.ENSP00000360541	9606.ENSP00000315013	0	0	0.108	0.758	0.238	0.091	0	0.358	0.550
CPT2	HADHB	9606.ENSP00000360541	9606.ENSP00000325136	0	0	0	0	0.386	0.099	0	0.681	0.808
CPT2	CS	9606.ENSP00000360541	9606.ENSP00000342056	0	0	0	0	0.279	0.075	0	0.538	0.665
CPT2	ETFB	9606.ENSP00000360541	9606.ENSP00000346173	0	0	0	0	0.142	0.099	0	0.425	0.517
CPT2	ECHS1	9606.ENSP00000360541	9606.ENSP00000357535	0	0	0	0	0.211	0.074	0	0.609	0.689
CPT2	LDHA	9606.ENSP00000360541	9606.ENSP00000445175	0	0	0	0	0.065	0.088	0	0.364	0.411
CPT2	PC	9606.ENSP00000360541	9606.ENSP00000498994	0	0	0	0	0.076	0	0	0.474	0.493
CPT2	SUCLG1	9606.ENSP00000360541	9606.ENSP00000377446	0	0.275	0	0	0.176	0	0	0.253	0.515
CPT2	OGDH	9606.ENSP00000360541	9606.ENSP00000388183	0	0	0	0	0.257	0	0	0.411	0.543
CPT2	HMGCL	9606.ENSP00000360541	9606.ENSP00000363614	0	0	0	0	0.308	0	0	0.402	0.568
CPT2	PDHA1	9606.ENSP00000360541	9606.ENSP00000369134	0	0	0	0	0.066	0.309	0	0.403	0.581
CPT2	SCP2	9606.ENSP00000360541	9606.ENSP00000360569	0	0	0	0	0.333	0.091	0	0.442	0.632
CPT2	HADHA	9606.ENSP00000360541	9606.ENSP00000370023	0	0	0	0	0.315	0.099	0	0.763	0.841
CPT2	HSD17B4	9606.ENSP00000360541	9606.ENSP00000411960	0	0	0	0	0.825	0.091	0	0.366	0.890
CRAT	ECI1	9606.ENSP00000315013	9606.ENSP00000301729	0	0	0	0	0.138	0.089	0	0.341	0.437
CRAT	HADHA	9606.ENSP00000315013	9606.ENSP00000370023	0	0	0	0	0.119	0.089	0	0.432	0.505
CRAT	ECHS1	9606.ENSP00000315013	9606.ENSP00000357535	0	0	0	0	0.142	0.078	0	0.443	0.522
CRAT	HADHB	9606.ENSP00000315013	9606.ENSP00000325136	0	0	0	0	0.239	0.096	0	0.478	0.610
CRAT	CS	9606.ENSP00000315013	9606.ENSP00000342056	0	0	0	0	0.365	0.190	0	0.568	0.759
CRAT	SCP2	9606.ENSP00000315013	9606.ENSP00000360569	0	0	0	0	0.412	0.091	0.500	0.392	0.816
CRAT	HSD17B4	9606.ENSP00000315013	9606.ENSP00000411960	0	0	0	0	0.755	0.086	0.500	0.530	0.940
CRMP1	LDHA	9606.ENSP00000321606	9606.ENSP00000445175	0	0	0	0	0.064	0	0	0.403	0.417
CRMP1	CYB5R3	9606.ENSP00000321606	9606.ENSP00000354468	0.057	0	0	0	0.372	0	0.248	0.134	0.562
CRMP1	CYB5R1	9606.ENSP00000321606	9606.ENSP00000356218	0.057	0	0	0	0.372	0	0.248	0.134	0.562
CS	PYGM	9606.ENSP00000342056	9606.ENSP00000164139	0	0	0	0	0.110	0	0	0.596	0.625
CS	OXCT1	9606.ENSP00000342056	9606.ENSP00000196371	0	0	0	0	0.146	0.219	0.217	0.491	0.699
CS	UQCRC1	9606.ENSP00000342056	9606.ENSP00000203407	0	0	0	0	0.429	0.110	0	0.475	0.710
CS	PCK2	9606.ENSP00000342056	9606.ENSP00000216780	0	0	0	0	0.073	0	0.900	0.592	0.958
CS	PYGB	9606.ENSP00000342056	9606.ENSP00000216962	0	0	0	0	0.122	0	0	0.597	0.631
CS	IDH3G	9606.ENSP00000342056	9606.ENSP00000217901	0.115	0	0	0	0.177	0.281	0.470	0.616	0.874
CS	PPIF	9606.ENSP00000342056	9606.ENSP00000225174	0	0	0	0	0.088	0.390	0	0.253	0.549
CS	PDHX	9606.ENSP00000342056	9606.ENSP00000227868	0.110	0	0	0	0.471	0.297	0.585	0.443	0.909
CS	TPI1	9606.ENSP00000342056	9606.ENSP00000229270	0	0	0	0	0.148	0	0	0.709	0.742
CS	TIMM10	9606.ENSP00000342056	9606.ENSP00000257245	0	0	0	0	0.049	0	0.500	0.117	0.543
CS	PRDX1	9606.ENSP00000342056	9606.ENSP00000262746	0	0	0	0	0.154	0	0	0.338	0.416
CS	GATB	9606.ENSP00000342056	9606.ENSP00000263985	0.103	0	0	0	0.049	0.165	0	0.467	0.569
CS	SDHA	9606.ENSP00000342056	9606.ENSP00000264932	0.231	0	0	0	0.845	0.488	0.217	0.724	0.984
CS	PRDX5	9606.ENSP00000342056	9606.ENSP00000265462	0	0	0	0	0.147	0	0	0.377	0.446
CS	MCCC1	9606.ENSP00000342056	9606.ENSP00000265594	0.060	0	0	0	0.159	0	0	0.342	0.434
CS	PFKL	9606.ENSP00000342056	9606.ENSP00000269848	0.114	0	0	0	0.080	0	0	0.570	0.619
CS	MMUT	9606.ENSP00000342056	9606.ENSP00000274813	0	0	0	0	0.057	0.166	0.800	0.196	0.856
CS	GLUD1	9606.ENSP00000342056	9606.ENSP00000277865	0	0	0	0	0.317	0.156	0.800	0.603	0.948
CS	DLAT	9606.ENSP00000342056	9606.ENSP00000280346	0.110	0	0	0	0.510	0.601	0.956	0.562	0.996
CS	OXSM	9606.ENSP00000342056	9606.ENSP00000280701	0.061	0	0	0	0.065	0.157	0	0.416	0.510
CS	RPIA	9606.ENSP00000342056	9606.ENSP00000283646	0	0	0	0	0.043	0	0	0.593	0.594
CS	HK2	9606.ENSP00000342056	9606.ENSP00000290573	0	0	0	0	0.105	0	0	0.556	0.586
CS	PRDX3	9606.ENSP00000342056	9606.ENSP00000298510	0	0	0	0	0.116	0.095	0	0.353	0.437
CS	ECI1	9606.ENSP00000342056	9606.ENSP00000301729	0.057	0	0	0	0.225	0.175	0	0.264	0.497
CS	PDHB	9606.ENSP00000342056	9606.ENSP00000307241	0	0	0	0	0.195	0.189	0.792	0.616	0.941
CS	GPD2	9606.ENSP00000342056	9606.ENSP00000308610	0.041	0	0	0	0.125	0.096	0	0.473	0.547
CS	CTBP2	9606.ENSP00000342056	9606.ENSP00000311825	0.050	0	0	0	0.042	0	0.322	0.216	0.451
CS	PKM	9606.ENSP00000342056	9606.ENSP00000320171	0.108	0	0	0	0.118	0.053	0	0.606	0.667
CS	ME2	9606.ENSP00000342056	9606.ENSP00000321070	0.115	0	0	0	0.103	0.162	0.931	0.548	0.975
CS	TALDO1	9606.ENSP00000342056	9606.ENSP00000321259	0	0	0	0	0.080	0.068	0	0.626	0.652
CS	HADHB	9606.ENSP00000342056	9606.ENSP00000325136	0.060	0	0	0	0.280	0.071	0.854	0.550	0.951
CS	DLST	9606.ENSP00000342056	9606.ENSP00000335304	0.110	0	0	0	0.705	0.212	0.585	0.524	0.951
CS	GLRX	9606.ENSP00000342056	9606.ENSP00000369314	0.120	0	0	0	0.086	0	0	0.315	0.402
CS	NDUFA5	9606.ENSP00000342056	9606.ENSP00000417142	0	0	0	0	0.109	0.140	0	0.285	0.405
CS	GBE1	9606.ENSP00000342056	9606.ENSP00000410833	0	0	0	0	0.115	0	0	0.407	0.453
CS	ECHDC1	9606.ENSP00000342056	9606.ENSP00000436585	0.057	0	0	0	0.213	0.050	0	0.325	0.460
CS	PDP1	9606.ENSP00000342056	9606.ENSP00000379503	0	0	0	0	0.109	0.157	0	0.340	0.461
CS	PPA1	9606.ENSP00000342056	9606.ENSP00000362329	0	0	0	0	0.140	0	0	0.427	0.486
CS	PGM1	9606.ENSP00000342056	9606.ENSP00000360124	0	0	0	0	0.141	0	0	0.439	0.497
CS	GPX7	9606.ENSP00000342056	9606.ENSP00000354677	0.042	0	0	0	0	0	0	0.502	0.503
CS	DNAJC19	9606.ENSP00000342056	9606.ENSP00000372005	0	0	0	0	0.055	0	0.500	0.076	0.525
CS	ETFB	9606.ENSP00000342056	9606.ENSP00000346173	0.041	0	0	0	0.171	0.143	0	0.395	0.533
CS	ENO2	9606.ENSP00000342056	9606.ENSP00000437402	0.111	0	0	0	0.132	0.162	0	0.373	0.540
CS	HK1	9606.ENSP00000342056	9606.ENSP00000494664	0	0	0	0	0.118	0	0	0.506	0.546
CS	SCP2	9606.ENSP00000342056	9606.ENSP00000360569	0.098	0	0	0	0.224	0.071	0.172	0.296	0.552
CS	PFKP	9606.ENSP00000342056	9606.ENSP00000370517	0.114	0	0	0	0.076	0	0	0.516	0.569
CS	PPA2	9606.ENSP00000342056	9606.ENSP00000343885	0	0	0	0	0.228	0.165	0	0.408	0.585
CS	HSD17B4	9606.ENSP00000342056	9606.ENSP00000411960	0.098	0	0	0	0.388	0.072	0	0.303	0.595
CS	MCCC2	9606.ENSP00000342056	9606.ENSP00000343657	0.104	0	0	0	0.322	0	0	0.408	0.609
CS	ENO1	9606.ENSP00000342056	9606.ENSP00000495530	0.111	0	0	0	0.170	0	0	0.526	0.620
CS	PGK1	9606.ENSP00000342056	9606.ENSP00000362413	0	0	0	0	0.132	0	0	0.608	0.645
CS	HADHA	9606.ENSP00000342056	9606.ENSP00000370023	0.057	0	0	0	0.272	0.174	0	0.458	0.652
CS	OAT	9606.ENSP00000342056	9606.ENSP00000357838	0.208	0	0	0	0.151	0.208	0	0.458	0.673
CS	TKT	9606.ENSP00000342056	9606.ENSP00000391481	0	0	0	0	0.130	0	0	0.646	0.679
CS	SLC25A5	9606.ENSP00000342056	9606.ENSP00000360671	0	0	0	0	0.261	0.487	0	0.271	0.699
CS	SOD2	9606.ENSP00000342056	9606.ENSP00000446252	0.080	0	0	0	0.128	0.161	0	0.624	0.713
CS	G6PD	9606.ENSP00000342056	9606.ENSP00000377192	0	0	0	0	0.117	0	0	0.708	0.731
CS	H6PD	9606.ENSP00000342056	9606.ENSP00000473348	0	0	0	0	0.117	0	0	0.713	0.736
CS	SLC25A6	9606.ENSP00000342056	9606.ENSP00000370808	0	0	0	0	0.158	0.487	0.500	0.272	0.821
CS	PDHA1	9606.ENSP00000342056	9606.ENSP00000369134	0.041	0	0	0	0.341	0.222	0.218	0.631	0.832
CS	ECHS1	9606.ENSP00000342056	9606.ENSP00000357535	0.057	0	0	0	0.265	0.210	0	0.747	0.843
CS	HMGCL	9606.ENSP00000342056	9606.ENSP00000363614	0.115	0	0	0	0.113	0	0.800	0.532	0.916
CS	SUCLG1	9606.ENSP00000342056	9606.ENSP00000377446	0.231	0	0	0	0.622	0.190	0.285	0.643	0.929
CS	OGDH	9606.ENSP00000342056	9606.ENSP00000388183	0.115	0	0	0	0.717	0.088	0	0.775	0.941
CS	SUCLG2	9606.ENSP00000342056	9606.ENSP00000419325	0.115	0	0	0	0.592	0.580	0.434	0.494	0.948
CS	LDHA	9606.ENSP00000342056	9606.ENSP00000445175	0.091	0	0	0	0.540	0.274	0.402	0.765	0.949
CS	SUCLA2	9606.ENSP00000342056	9606.ENSP00000494360	0.115	0	0	0	0.595	0.578	0.434	0.608	0.960
CS	PC	9606.ENSP00000342056	9606.ENSP00000498994	0.231	0	0	0	0.194	0.062	0.913	0.791	0.987
CTBP2	IDH3G	9606.ENSP00000311825	9606.ENSP00000217901	0.091	0	0	0	0.293	0	0	0.204	0.443
CTBP2	PKM	9606.ENSP00000311825	9606.ENSP00000320171	0	0	0	0	0.044	0.066	0.352	0.172	0.457
CTBP2	TYMS	9606.ENSP00000311825	9606.ENSP00000315644	0.105	0	0	0	0.074	0	0.673	0	0.705
CYB5B	FDX1	9606.ENSP00000308430	9606.ENSP00000260270	0	0	0	0	0.147	0	0	0.649	0.688
CYB5B	SCP2	9606.ENSP00000308430	9606.ENSP00000360569	0	0	0	0	0.342	0	0	0.166	0.428
CYB5B	G6PD	9606.ENSP00000308430	9606.ENSP00000377192	0	0	0	0	0.074	0	0	0.439	0.459
CYB5B	SAMM50	9606.ENSP00000308430	9606.ENSP00000345445	0	0	0	0	0.449	0	0	0.115	0.491
CYB5B	HSD17B4	9606.ENSP00000308430	9606.ENSP00000411960	0	0	0	0	0.379	0	0	0.229	0.501
CYB5B	H6PD	9606.ENSP00000308430	9606.ENSP00000473348	0	0	0	0	0.139	0	0	0.467	0.522
CYB5B	CYB5R1	9606.ENSP00000308430	9606.ENSP00000356218	0	0	0	0	0.122	0.286	0	0.993	0.995
CYB5B	CYB5R3	9606.ENSP00000308430	9606.ENSP00000354468	0	0	0	0	0.127	0.289	0.900	0.992	0.999
CYB5R1	FDX1	9606.ENSP00000356218	9606.ENSP00000260270	0.061	0	0	0	0.139	0	0.203	0.330	0.511
CYB5R1	GATB	9606.ENSP00000356218	9606.ENSP00000263985	0.057	0	0	0	0.113	0	0.449	0	0.499
CYB5R1	SDHA	9606.ENSP00000356218	9606.ENSP00000264932	0.044	0	0	0	0.113	0	0.449	0.253	0.604
CYB5R1	H6PD	9606.ENSP00000356218	9606.ENSP00000473348	0	0	0	0	0.077	0	0	0.377	0.401
CYB5R3	FDX1	9606.ENSP00000354468	9606.ENSP00000260270	0.061	0	0	0	0.137	0	0.203	0.298	0.486
CYB5R3	GATB	9606.ENSP00000354468	9606.ENSP00000263985	0.057	0	0	0	0.068	0	0.449	0	0.473
CYB5R3	SDHA	9606.ENSP00000354468	9606.ENSP00000264932	0.044	0	0	0	0.092	0.314	0.449	0.224	0.699
CYB5R3	TK2	9606.ENSP00000354468	9606.ENSP00000299697	0	0	0	0	0.047	0	0	0.465	0.468
CYB5R3	HSD17B11	9606.ENSP00000354468	9606.ENSP00000351035	0.041	0	0	0	0.107	0.095	0.182	0.224	0.419
CYB5R3	G6PD	9606.ENSP00000354468	9606.ENSP00000377192	0	0	0	0	0.075	0	0	0.378	0.400
CYP20A1	FKBP14	9606.ENSP00000348380	9606.ENSP00000222803	0	0	0	0	0.068	0	0	0.436	0.453
CYP20A1	FDX1	9606.ENSP00000348380	9606.ENSP00000260270	0.050	0	0	0	0.123	0.185	0.103	0.191	0.418
CYP20A1	LSS	9606.ENSP00000348380	9606.ENSP00000380837	0	0	0	0	0.054	0.286	0.186	0.164	0.478
DBI	HADHB	9606.ENSP00000486361	9606.ENSP00000325136	0	0	0	0	0.366	0	0.185	0.284	0.598
DBI	ECHS1	9606.ENSP00000486361	9606.ENSP00000357535	0	0	0	0	0.128	0.066	0.150	0.292	0.445
DBI	SCP2	9606.ENSP00000486361	9606.ENSP00000360569	0	0	0	0	0.144	0.093	0	0.756	0.794
DBI	TSPO	9606.ENSP00000486361	9606.ENSP00000379563	0	0	0	0	0.104	0.071	0	0.935	0.941
DCK	UQCRC1	9606.ENSP00000286648	9606.ENSP00000203407	0	0	0	0	0.140	0.281	0.134	0.081	0.442
DCK	NT5C	9606.ENSP00000286648	9606.ENSP00000245552	0	0	0	0	0.042	0	0.900	0.506	0.948
DCK	NDUFC2	9606.ENSP00000286648	9606.ENSP00000281031	0	0	0	0	0.135	0.418	0.218	0.057	0.579
DCK	NDUFB1	9606.ENSP00000286648	9606.ENSP00000483888	0	0	0	0	0.042	0.403	0	0.050	0.409
DCK	PFKP	9606.ENSP00000286648	9606.ENSP00000370517	0	0	0	0	0.069	0	0	0.425	0.443
DCK	LDHA	9606.ENSP00000286648	9606.ENSP00000445175	0	0	0	0	0.074	0.089	0	0.441	0.488
DCK	NDUFC2-KCTD14	9606.ENSP00000286648	9606.ENSP00000478766	0	0	0	0	0.134	0.418	0.218	0.057	0.578
DCK	MT-ND4	9606.ENSP00000286648	9606.ENSP00000354961	0	0	0	0	0.042	0.482	0.270	0.084	0.623
DCK	NDUFA5	9606.ENSP00000286648	9606.ENSP00000417142	0	0	0	0	0.063	0.509	0.270	0.102	0.658
DCK	TYMS	9606.ENSP00000286648	9606.ENSP00000315644	0.070	0	0	0	0.191	0.155	0.510	0.660	0.874
DCK	TK1	9606.ENSP00000286648	9606.ENSP00000468425	0.042	0	0	0	0.307	0	0.194	0.887	0.931
DHCR24	MVK	9606.ENSP00000360316	9606.ENSP00000228510	0	0	0	0	0.178	0	0	0.698	0.741
DHCR24	SDHA	9606.ENSP00000360316	9606.ENSP00000264932	0.045	0	0	0	0.072	0	0.443	0.245	0.577
DHCR24	GGPS1	9606.ENSP00000360316	9606.ENSP00000282841	0.041	0	0	0	0.052	0	0	0.482	0.489
DHCR24	PKM	9606.ENSP00000360316	9606.ENSP00000320171	0.042	0	0	0	0.073	0.058	0.301	0.207	0.452
DHCR24	ETFB	9606.ENSP00000360316	9606.ENSP00000346173	0.111	0	0	0	0.209	0.412	0	0.248	0.647
DHCR24	FDPS	9606.ENSP00000360316	9606.ENSP00000349078	0.041	0	0	0	0.305	0.204	0	0.659	0.795
DHCR24	SOAT1	9606.ENSP00000360316	9606.ENSP00000356591	0	0	0	0	0.047	0	0.900	0.426	0.940
DHCR24	PGM1	9606.ENSP00000360316	9606.ENSP00000360124	0	0	0	0	0.080	0	0	0.457	0.479
DHCR24	NAGK	9606.ENSP00000360316	9606.ENSP00000477639	0.095	0	0	0	0.047	0	0	0.377	0.416
DHCR24	H6PD	9606.ENSP00000360316	9606.ENSP00000473348	0.100	0	0	0	0.065	0	0	0.384	0.437
DHCR24	GSTK1	9606.ENSP00000360316	9606.ENSP00000431049	0	0	0	0	0.042	0	0	0.505	0.505
DHCR24	IDI1	9606.ENSP00000360316	9606.ENSP00000370748	0.042	0	0	0	0.203	0	0	0.717	0.765
DHCR24	LSS	9606.ENSP00000360316	9606.ENSP00000380837	0	0	0	0	0.380	0	0.900	0.735	0.982
DHRS1	DHRS7	9606.ENSP00000380027	9606.ENSP00000216500	0	0	0	0	0.081	0.066	0	0.437	0.474
DHRS1	FDX1	9606.ENSP00000380027	9606.ENSP00000260270	0	0	0	0	0.086	0.256	0.215	0.114	0.464
DHRS1	MECR	9606.ENSP00000380027	9606.ENSP00000263702	0	0	0	0	0.092	0.064	0.172	0.267	0.416
DHRS1	OXSM	9606.ENSP00000380027	9606.ENSP00000280701	0.057	0	0	0	0.199	0.168	0.154	0.156	0.469
DHRS1	HADHA	9606.ENSP00000380027	9606.ENSP00000370023	0.042	0	0	0	0.093	0.068	0.195	0.223	0.401
DHRS4	FDX1	9606.ENSP00000326219	9606.ENSP00000260270	0	0	0	0	0.088	0.256	0.215	0.227	0.533
DHRS4	OXSM	9606.ENSP00000326219	9606.ENSP00000280701	0.057	0	0	0	0.205	0.394	0.154	0.156	0.617
DHRS4	PRDX3	9606.ENSP00000326219	9606.ENSP00000298510	0	0	0	0	0.077	0.441	0	0.090	0.490
DHRS4	HADHB	9606.ENSP00000326219	9606.ENSP00000325136	0.044	0	0	0	0.106	0.078	0.182	0.217	0.403
DHRS4	MICOS10	9606.ENSP00000326219	9606.ENSP00000325562	0	0	0	0	0.054	0	0	0.433	0.441
DHRS4	GSTK1	9606.ENSP00000326219	9606.ENSP00000431049	0	0	0	0	0.161	0.071	0	0.302	0.409
DHRS4	ECHS1	9606.ENSP00000326219	9606.ENSP00000357535	0.042	0	0	0	0.225	0.071	0.175	0.127	0.413
DHRS4	GSTO1	9606.ENSP00000326219	9606.ENSP00000358727	0	0	0	0	0.110	0	0	0.388	0.433
DHRS4	HADHA	9606.ENSP00000326219	9606.ENSP00000370023	0.042	0	0	0	0.131	0.068	0.195	0.288	0.474
DHRS4	RDH11	9606.ENSP00000326219	9606.ENSP00000370750	0	0	0	0	0.056	0	0	0.468	0.477
DHRS4	SCP2	9606.ENSP00000326219	9606.ENSP00000360569	0.044	0	0	0	0.128	0.068	0.573	0.210	0.691
DHRS4	HSD17B4	9606.ENSP00000326219	9606.ENSP00000411960	0.044	0	0	0.630	0.313	0	0.573	0.173	0.737
DHRS7	OXSM	9606.ENSP00000216500	9606.ENSP00000280701	0.057	0	0	0	0.211	0.168	0.154	0.127	0.459
DHRS7	FDX1	9606.ENSP00000216500	9606.ENSP00000260270	0	0	0	0	0.104	0.256	0.215	0.114	0.474
DLAT	UQCRC1	9606.ENSP00000280346	9606.ENSP00000203407	0	0	0	0	0.411	0.095	0	0.287	0.587
DLAT	PCK2	9606.ENSP00000280346	9606.ENSP00000216780	0	0	0	0	0.067	0	0.800	0.477	0.894
DLAT	IDH3G	9606.ENSP00000280346	9606.ENSP00000217901	0	0	0	0	0.151	0.091	0.352	0.526	0.731
DLAT	PDHX	9606.ENSP00000280346	9606.ENSP00000227868	0	0	0.109	0.861	0.651	0.732	0.900	0.887	0.998
DLAT	TPI1	9606.ENSP00000280346	9606.ENSP00000229270	0	0	0	0	0.112	0	0	0.550	0.584
DLAT	SDHA	9606.ENSP00000280346	9606.ENSP00000264932	0.111	0	0	0	0.568	0.096	0	0.624	0.852
DLAT	MCCC1	9606.ENSP00000280346	9606.ENSP00000265594	0.054	0	0	0	0.148	0.071	0.217	0.178	0.430
DLAT	PFKL	9606.ENSP00000280346	9606.ENSP00000269848	0.060	0	0	0	0.107	0	0.119	0.456	0.544
DLAT	MMUT	9606.ENSP00000280346	9606.ENSP00000274813	0	0	0	0	0.104	0	0.800	0.101	0.824
DLAT	GLUD1	9606.ENSP00000280346	9606.ENSP00000277865	0.091	0	0	0	0.310	0	0	0.373	0.573
DLAT	ENO2	9606.ENSP00000280346	9606.ENSP00000437402	0.059	0	0	0	0.220	0	0	0.259	0.409
DLAT	HK1	9606.ENSP00000280346	9606.ENSP00000494664	0	0	0	0	0.093	0	0	0.380	0.414
DLAT	GPD2	9606.ENSP00000280346	9606.ENSP00000308610	0	0	0	0	0.178	0.094	0	0.293	0.428
DLAT	SCP2	9606.ENSP00000280346	9606.ENSP00000360569	0.050	0	0	0	0.127	0	0.281	0.161	0.433
DLAT	GATD1	9606.ENSP00000280346	9606.ENSP00000321691	0	0	0	0	0.086	0	0	0.405	0.433
DLAT	ETFB	9606.ENSP00000280346	9606.ENSP00000346173	0	0	0	0	0.178	0	0	0.339	0.434
DLAT	OXSM	9606.ENSP00000280346	9606.ENSP00000280701	0.048	0	0	0	0.101	0	0	0.394	0.437
DLAT	NDUFA5	9606.ENSP00000280346	9606.ENSP00000417142	0	0	0	0	0.178	0.097	0	0.305	0.440
DLAT	PFKP	9606.ENSP00000280346	9606.ENSP00000370517	0.060	0	0	0	0.118	0	0.119	0.345	0.458
DLAT	ME2	9606.ENSP00000280346	9606.ENSP00000321070	0.051	0	0	0	0.214	0	0.215	0.203	0.471
DLAT	PGK1	9606.ENSP00000280346	9606.ENSP00000362413	0	0	0	0	0.128	0	0	0.422	0.475
DLAT	HSD17B4	9606.ENSP00000280346	9606.ENSP00000411960	0.050	0	0	0	0.105	0.162	0.281	0.140	0.479
DLAT	PRDX3	9606.ENSP00000280346	9606.ENSP00000298510	0	0	0	0	0.317	0.071	0	0.265	0.493
DLAT	TALDO1	9606.ENSP00000280346	9606.ENSP00000321259	0	0	0	0	0.075	0	0.139	0.415	0.494
DLAT	H6PD	9606.ENSP00000280346	9606.ENSP00000473348	0	0	0	0	0.083	0.053	0	0.490	0.518
DLAT	LDHA	9606.ENSP00000280346	9606.ENSP00000445175	0.057	0	0	0	0.207	0.074	0	0.418	0.543
DLAT	MCCC2	9606.ENSP00000280346	9606.ENSP00000343657	0.057	0	0	0	0.154	0	0.414	0.206	0.579
DLAT	RPIA	9606.ENSP00000280346	9606.ENSP00000283646	0.048	0	0	0	0.049	0	0.151	0.517	0.579
DLAT	ENO1	9606.ENSP00000280346	9606.ENSP00000495530	0.059	0	0	0	0.237	0	0	0.475	0.591
DLAT	TKT	9606.ENSP00000280346	9606.ENSP00000391481	0.042	0	0	0	0.140	0	0.304	0.407	0.614
DLAT	PKM	9606.ENSP00000280346	9606.ENSP00000320171	0.052	0	0	0	0.140	0	0.301	0.411	0.619
DLAT	TYMS	9606.ENSP00000280346	9606.ENSP00000315644	0.059	0	0	0	0.072	0	0.585	0.203	0.672
DLAT	HMGCL	9606.ENSP00000280346	9606.ENSP00000363614	0	0	0	0	0.054	0	0.800	0.225	0.840
DLAT	PDP1	9606.ENSP00000280346	9606.ENSP00000379503	0	0	0	0	0.121	0.095	0.400	0.797	0.890
DLAT	PC	9606.ENSP00000280346	9606.ENSP00000498994	0.070	0	0	0	0.121	0	0.800	0.478	0.903
DLAT	HADHB	9606.ENSP00000280346	9606.ENSP00000325136	0.057	0	0	0	0.149	0	0.800	0.486	0.906
DLAT	DLST	9606.ENSP00000280346	9606.ENSP00000335304	0	0	0.167	0.690	0.659	0.557	0.400	0.358	0.942
DLAT	SUCLG2	9606.ENSP00000280346	9606.ENSP00000419325	0.079	0.002	0	0	0.585	0.099	0.864	0.414	0.967
DLAT	SUCLA2	9606.ENSP00000280346	9606.ENSP00000494360	0.079	0.002	0	0	0.654	0.146	0.864	0.600	0.982
DLAT	OGDH	9606.ENSP00000280346	9606.ENSP00000388183	0.079	0	0	0	0.591	0.789	0.594	0.720	0.989
DLAT	SUCLG1	9606.ENSP00000280346	9606.ENSP00000377446	0.111	0.003	0	0	0.700	0.091	0.913	0.616	0.990
DLAT	PDHA1	9606.ENSP00000280346	9606.ENSP00000369134	0	0.021	0.494	0	0.701	0.840	0.956	0.984	0.999
DLAT	PDHB	9606.ENSP00000280346	9606.ENSP00000307241	0.095	0.328	0.482	0	0.686	0.968	0.978	0.994	0.999
DLST	UQCRC1	9606.ENSP00000335304	9606.ENSP00000203407	0	0	0	0	0.611	0.071	0	0.196	0.684
DLST	IDH3G	9606.ENSP00000335304	9606.ENSP00000217901	0	0	0	0	0.216	0.091	0.689	0.571	0.892
DLST	PDHX	9606.ENSP00000335304	9606.ENSP00000227868	0	0	0.179	0.696	0.672	0.137	0.400	0.300	0.884
DLST	TPI1	9606.ENSP00000335304	9606.ENSP00000229270	0	0	0	0	0.154	0.041	0	0.527	0.583
DLST	MRPS36	9606.ENSP00000335304	9606.ENSP00000256441	0	0	0	0	0.064	0.610	0.720	0.127	0.898
DLST	SDHA	9606.ENSP00000335304	9606.ENSP00000264932	0.111	0.007	0	0	0.620	0.095	0	0.543	0.841
DLST	MCCC1	9606.ENSP00000335304	9606.ENSP00000265594	0.054	0	0	0	0.121	0.066	0.217	0.178	0.409
DLST	PFKL	9606.ENSP00000335304	9606.ENSP00000269848	0.060	0	0	0	0.115	0	0.119	0.379	0.484
DLST	MMUT	9606.ENSP00000335304	9606.ENSP00000274813	0	0	0	0	0.091	0	0.800	0.101	0.822
DLST	GLUD1	9606.ENSP00000335304	9606.ENSP00000277865	0.091	0	0	0	0.302	0	0	0.439	0.613
DLST	OXSM	9606.ENSP00000335304	9606.ENSP00000280701	0.048	0	0	0	0.235	0	0	0.329	0.469
DLST	RPIA	9606.ENSP00000335304	9606.ENSP00000283646	0.048	0	0	0	0.049	0	0.151	0.377	0.457
DLST	PRDX3	9606.ENSP00000335304	9606.ENSP00000298510	0	0	0	0	0.266	0.092	0	0.181	0.407
DLST	PDHB	9606.ENSP00000335304	9606.ENSP00000307241	0.095	0.167	0.212	0	0.611	0.530	0.633	0.494	0.974
DLST	TYMS	9606.ENSP00000335304	9606.ENSP00000315644	0.059	0	0	0	0	0	0.585	0.203	0.661
DLST	PKM	9606.ENSP00000335304	9606.ENSP00000320171	0.052	0.058	0	0	0.114	0	0.301	0.345	0.572
DLST	ME2	9606.ENSP00000335304	9606.ENSP00000321070	0.051	0	0	0	0.175	0	0.215	0.181	0.429
DLST	TALDO1	9606.ENSP00000335304	9606.ENSP00000321259	0	0	0	0	0.062	0	0.139	0.381	0.457
DLST	HADHB	9606.ENSP00000335304	9606.ENSP00000325136	0.057	0	0	0	0.193	0	0.800	0.259	0.872
DLST	ETFB	9606.ENSP00000335304	9606.ENSP00000346173	0	0	0	0	0.198	0.071	0	0.261	0.402
DLST	SCP2	9606.ENSP00000335304	9606.ENSP00000360569	0.050	0	0	0	0.150	0	0.281	0.101	0.408
DLST	PC	9606.ENSP00000335304	9606.ENSP00000498994	0.070	0	0	0	0.090	0	0	0.375	0.425
DLST	HSD17B4	9606.ENSP00000335304	9606.ENSP00000411960	0.050	0	0	0	0.079	0.073	0.281	0.165	0.425
DLST	PGK1	9606.ENSP00000335304	9606.ENSP00000362413	0	0	0	0	0.115	0	0	0.393	0.440
DLST	ENO2	9606.ENSP00000335304	9606.ENSP00000437402	0.059	0	0	0	0.255	0	0	0.295	0.463
DLST	NDUFA5	9606.ENSP00000335304	9606.ENSP00000417142	0	0	0	0	0.306	0.091	0	0.233	0.474
DLST	HK1	9606.ENSP00000335304	9606.ENSP00000494664	0	0	0	0	0.099	0	0	0.440	0.474
DLST	PFKP	9606.ENSP00000335304	9606.ENSP00000370517	0.060	0	0	0	0.114	0	0.119	0.390	0.493
DLST	H6PD	9606.ENSP00000335304	9606.ENSP00000473348	0	0	0	0	0.137	0.048	0	0.438	0.497
DLST	ENO1	9606.ENSP00000335304	9606.ENSP00000495530	0.059	0	0	0	0.261	0	0	0.412	0.555
DLST	MCCC2	9606.ENSP00000335304	9606.ENSP00000343657	0.057	0	0	0	0.152	0	0.414	0.179	0.563
DLST	TKT	9606.ENSP00000335304	9606.ENSP00000391481	0.042	0	0	0	0.147	0	0.304	0.396	0.611
DLST	PDHA1	9606.ENSP00000335304	9606.ENSP00000369134	0	0	0	0	0.261	0.214	0.542	0.406	0.821
DLST	HMGCL	9606.ENSP00000335304	9606.ENSP00000363614	0	0	0	0	0.066	0	0.800	0.207	0.838
DLST	SUCLG2	9606.ENSP00000335304	9606.ENSP00000419325	0.079	0.037	0	0	0.570	0.099	0.932	0.361	0.981
DLST	SUCLA2	9606.ENSP00000335304	9606.ENSP00000494360	0.079	0.042	0	0	0.555	0.242	0.932	0.594	0.989
DLST	SUCLG1	9606.ENSP00000335304	9606.ENSP00000377446	0.111	0.068	0	0	0.691	0.099	0.956	0.599	0.995
DLST	OGDH	9606.ENSP00000335304	9606.ENSP00000388183	0.079	0.096	0.318	0	0.791	0.953	0.978	0.999	0.999
DNAJC19	IDH3G	9606.ENSP00000372005	9606.ENSP00000217901	0	0	0	0	0.061	0	0.500	0	0.510
DNAJC19	TIMM10	9606.ENSP00000372005	9606.ENSP00000257245	0	0	0	0	0.350	0.084	0.540	0.621	0.882
DNAJC19	MCCC1	9606.ENSP00000372005	9606.ENSP00000265594	0	0	0	0	0.120	0	0	0.520	0.560
DNAJC19	HADHB	9606.ENSP00000372005	9606.ENSP00000325136	0	0	0	0	0.054	0.314	0	0.165	0.410
DNAJC19	SAMM50	9606.ENSP00000372005	9606.ENSP00000345445	0	0	0	0	0.109	0	0	0.587	0.617
DNAJC19	SLC25A6	9606.ENSP00000372005	9606.ENSP00000370808	0	0	0	0	0.081	0	0.540	0.098	0.585
DNAJC19	NDUFA5	9606.ENSP00000372005	9606.ENSP00000417142	0	0	0	0	0.301	0.165	0	0.107	0.433
ECHDC1	OXCT1	9606.ENSP00000436585	9606.ENSP00000196371	0.059	0	0	0	0.157	0	0.276	0.154	0.449
ECHDC1	MCCC1	9606.ENSP00000436585	9606.ENSP00000265594	0.057	0	0	0	0.159	0.066	0.241	0.132	0.423
ECHDC1	ECI1	9606.ENSP00000436585	9606.ENSP00000301729	0	0	0.165	0.593	0.104	0.225	0.433	0.185	0.683
ECHDC1	HADHB	9606.ENSP00000436585	9606.ENSP00000325136	0.054	0	0	0	0.356	0.296	0.836	0.261	0.939
ECHDC1	MCCC2	9606.ENSP00000436585	9606.ENSP00000343657	0.059	0	0	0	0.195	0	0.278	0.181	0.492
ECHDC1	ETFB	9606.ENSP00000436585	9606.ENSP00000346173	0.075	0	0	0	0.207	0.092	0.331	0.239	0.599
ECHDC1	SCP2	9606.ENSP00000436585	9606.ENSP00000360569	0.054	0	0	0	0.311	0.086	0.640	0.248	0.809
ECHDC1	HMGCL	9606.ENSP00000436585	9606.ENSP00000363614	0.059	0	0	0	0.195	0	0.278	0.264	0.544
ECHDC1	HADHA	9606.ENSP00000436585	9606.ENSP00000370023	0	0	0	0.598	0.121	0.225	0.433	0.185	0.643
ECHDC1	HSD17B4	9606.ENSP00000436585	9606.ENSP00000411960	0.054	0	0	0	0.210	0.067	0.216	0.165	0.460
ECHDC1	SOD2	9606.ENSP00000436585	9606.ENSP00000446252	0	0	0	0	0.101	0.315	0	0.219	0.477
ECHS1	OXCT1	9606.ENSP00000357535	9606.ENSP00000196371	0.059	0	0	0	0.138	0.162	0.276	0.444	0.676
ECHS1	UQCRC1	9606.ENSP00000357535	9606.ENSP00000203407	0	0	0	0	0.469	0	0	0.323	0.625
ECHS1	TECR	9606.ENSP00000357535	9606.ENSP00000215567	0	0	0	0	0.090	0	0.154	0.312	0.424
ECHS1	IDH3G	9606.ENSP00000357535	9606.ENSP00000217901	0.045	0	0	0	0.162	0.068	0	0.330	0.433
ECHS1	TPI1	9606.ENSP00000357535	9606.ENSP00000229270	0	0	0	0	0.160	0	0.114	0.459	0.563
ECHS1	MECR	9606.ENSP00000357535	9606.ENSP00000263702	0.048	0.270	0	0	0.143	0.071	0.909	0.441	0.965
ECHS1	SDHA	9606.ENSP00000357535	9606.ENSP00000264932	0	0	0	0	0.218	0	0	0.432	0.537
ECHS1	MCCC1	9606.ENSP00000357535	9606.ENSP00000265594	0.057	0	0	0	0.182	0.066	0.920	0.299	0.952
ECHS1	GLUD1	9606.ENSP00000357535	9606.ENSP00000277865	0	0	0	0	0.200	0.048	0.112	0.225	0.406
ECHS1	OXSM	9606.ENSP00000357535	9606.ENSP00000280701	0.075	0	0	0	0.213	0	0	0.396	0.522
ECHS1	ECI1	9606.ENSP00000357535	9606.ENSP00000301729	0	0	0.190	0.594	0.293	0.321	0.433	0.445	0.855
ECHS1	PDHB	9606.ENSP00000357535	9606.ENSP00000307241	0	0	0	0	0.227	0	0	0.414	0.527
ECHS1	TALDO1	9606.ENSP00000357535	9606.ENSP00000321259	0	0	0	0	0.144	0.226	0	0.314	0.506
ECHS1	HADHB	9606.ENSP00000357535	9606.ENSP00000325136	0.054	0	0	0	0.518	0.296	0.218	0.981	0.994
ECHS1	MCCC2	9606.ENSP00000357535	9606.ENSP00000343657	0.059	0	0	0	0.223	0	0.924	0.350	0.959
ECHS1	PPA2	9606.ENSP00000357535	9606.ENSP00000343885	0	0	0	0	0.226	0	0	0.259	0.402
ECHS1	SAMM50	9606.ENSP00000357535	9606.ENSP00000345445	0	0	0	0	0.309	0	0	0.218	0.437
ECHS1	ETFB	9606.ENSP00000357535	9606.ENSP00000346173	0.075	0	0	0	0.578	0.096	0.331	0.480	0.855
ECHS1	PGK1	9606.ENSP00000357535	9606.ENSP00000362413	0	0	0	0	0.103	0.058	0	0.353	0.405
ECHS1	PGM1	9606.ENSP00000357535	9606.ENSP00000360124	0	0	0	0	0.146	0	0	0.357	0.428
ECHS1	SUCLG2	9606.ENSP00000357535	9606.ENSP00000419325	0	0	0	0	0.174	0.171	0	0.264	0.452
ECHS1	SUCLA2	9606.ENSP00000357535	9606.ENSP00000494360	0	0	0	0	0.095	0.052	0	0.432	0.470
ECHS1	ENO1	9606.ENSP00000357535	9606.ENSP00000495530	0.041	0	0	0	0.261	0.053	0	0.320	0.482
ECHS1	H6PD	9606.ENSP00000357535	9606.ENSP00000473348	0.074	0	0	0	0.071	0	0	0.463	0.498
ECHS1	SOD2	9606.ENSP00000357535	9606.ENSP00000446252	0	0	0	0	0.111	0.315	0	0.244	0.500
ECHS1	OAT	9606.ENSP00000357535	9606.ENSP00000357838	0	0	0	0	0.128	0.162	0.155	0.290	0.503
ECHS1	PC	9606.ENSP00000357535	9606.ENSP00000498994	0.061	0	0	0	0.120	0	0.129	0.411	0.520
ECHS1	PDHA1	9606.ENSP00000357535	9606.ENSP00000369134	0	0	0	0	0.463	0.125	0	0.412	0.700
ECHS1	SUCLG1	9606.ENSP00000357535	9606.ENSP00000377446	0	0	0	0	0.423	0.162	0	0.465	0.719
ECHS1	HMGCL	9606.ENSP00000357535	9606.ENSP00000363614	0.059	0	0	0	0.341	0	0.278	0.537	0.765
ECHS1	SCP2	9606.ENSP00000357535	9606.ENSP00000360569	0.054	0	0	0	0.362	0.086	0.640	0.565	0.898
ECHS1	HSD17B4	9606.ENSP00000357535	9606.ENSP00000411960	0.054	0	0	0	0.216	0.067	0.216	0.880	0.923
ECHS1	HADHA	9606.ENSP00000357535	9606.ENSP00000370023	0	0	0	0.685	0.296	0.225	0.940	0.387	0.977
ECI1	OXCT1	9606.ENSP00000301729	9606.ENSP00000196371	0.059	0	0	0	0.134	0	0.276	0.198	0.463
ECI1	IDH3G	9606.ENSP00000301729	9606.ENSP00000217901	0.045	0	0	0	0.136	0.068	0	0.341	0.426
ECI1	MCCC1	9606.ENSP00000301729	9606.ENSP00000265594	0.057	0	0	0	0.157	0.066	0.241	0.132	0.421
ECI1	OXSM	9606.ENSP00000301729	9606.ENSP00000280701	0.075	0	0	0	0.241	0	0	0.266	0.440
ECI1	OAT	9606.ENSP00000301729	9606.ENSP00000357838	0	0	0	0	0.116	0.162	0.155	0.157	0.402
ECI1	SUCLG1	9606.ENSP00000301729	9606.ENSP00000377446	0	0	0	0	0.164	0	0	0.376	0.456
ECI1	SOD2	9606.ENSP00000301729	9606.ENSP00000446252	0	0	0	0	0.082	0.400	0	0.108	0.466
ECI1	HADHA	9606.ENSP00000301729	9606.ENSP00000370023	0	0	0.111	0.626	0.154	0.099	0.172	0.255	0.506
ECI1	MCCC2	9606.ENSP00000301729	9606.ENSP00000343657	0.059	0	0	0	0.211	0	0.278	0.251	0.545
ECI1	HMGCL	9606.ENSP00000301729	9606.ENSP00000363614	0.059	0	0	0	0.261	0	0.278	0.318	0.612
ECI1	HSD17B4	9606.ENSP00000301729	9606.ENSP00000411960	0.054	0	0	0	0.193	0.067	0.216	0.543	0.698
ECI1	ETFB	9606.ENSP00000301729	9606.ENSP00000346173	0.075	0	0	0	0.423	0.099	0.331	0.313	0.739
ECI1	SCP2	9606.ENSP00000301729	9606.ENSP00000360569	0.054	0	0	0	0.302	0.113	0.640	0.346	0.837
ECI1	HADHB	9606.ENSP00000301729	9606.ENSP00000325136	0.054	0	0	0	0.372	0.296	0.463	0.545	0.879
ENO1	PYGM	9606.ENSP00000495530	9606.ENSP00000164139	0.042	0	0	0	0.401	0.067	0	0.644	0.784
ENO1	OXCT1	9606.ENSP00000495530	9606.ENSP00000196371	0.042	0	0	0	0.042	0	0	0.490	0.491
ENO1	UQCRC1	9606.ENSP00000495530	9606.ENSP00000203407	0	0	0	0	0.441	0	0	0.350	0.621
ENO1	PCK2	9606.ENSP00000495530	9606.ENSP00000216780	0	0	0	0	0.056	0	0.936	0.437	0.963
ENO1	PYGB	9606.ENSP00000495530	9606.ENSP00000216962	0.042	0	0	0	0.415	0.067	0	0.450	0.674
ENO1	IDH3G	9606.ENSP00000495530	9606.ENSP00000217901	0.043	0	0	0	0.130	0	0	0.363	0.424
ENO1	PDHX	9606.ENSP00000495530	9606.ENSP00000227868	0.059	0	0	0	0.227	0	0	0.287	0.437
ENO1	TPI1	9606.ENSP00000495530	9606.ENSP00000229270	0.111	0	0	0	0.905	0.767	0.289	0.899	0.998
ENO1	PRDX1	9606.ENSP00000495530	9606.ENSP00000262746	0.054	0	0	0	0.415	0	0	0.540	0.724
ENO1	SDHA	9606.ENSP00000495530	9606.ENSP00000264932	0.060	0	0	0	0.181	0.066	0	0.494	0.588
ENO1	PRDX5	9606.ENSP00000495530	9606.ENSP00000265462	0	0	0	0	0.116	0.162	0	0.319	0.452
ENO1	PFKL	9606.ENSP00000495530	9606.ENSP00000269848	0.079	0	0	0	0.536	0	0.181	0.719	0.888
ENO1	GLUD1	9606.ENSP00000495530	9606.ENSP00000277865	0.061	0	0	0	0.156	0	0	0.499	0.569
ENO1	RPIA	9606.ENSP00000495530	9606.ENSP00000283646	0	0	0	0	0.199	0	0	0.493	0.577
ENO1	HK2	9606.ENSP00000495530	9606.ENSP00000290573	0	0	0	0	0.152	0.095	0	0.670	0.724
ENO1	PRDX3	9606.ENSP00000495530	9606.ENSP00000298510	0.054	0	0	0	0.294	0	0	0.394	0.560
ENO1	PDHB	9606.ENSP00000495530	9606.ENSP00000307241	0.095	0	0	0	0.138	0	0	0.573	0.638
ENO1	GPD2	9606.ENSP00000495530	9606.ENSP00000308610	0	0	0	0	0.042	0	0	0.412	0.413
ENO1	TYMS	9606.ENSP00000495530	9606.ENSP00000315644	0	0	0	0	0.195	0	0	0.336	0.443
ENO1	PKM	9606.ENSP00000495530	9606.ENSP00000320171	0.069	0	0	0	0.711	0	0.927	0.869	0.997
ENO1	TALDO1	9606.ENSP00000495530	9606.ENSP00000321259	0	0	0	0	0.338	0.187	0.800	0.745	0.968
ENO1	HADHB	9606.ENSP00000495530	9606.ENSP00000325136	0	0	0	0	0.142	0	0	0.556	0.603
ENO1	UGP2	9606.ENSP00000495530	9606.ENSP00000338703	0	0	0	0	0.219	0.071	0	0.593	0.679
ENO1	PARK7	9606.ENSP00000495530	9606.ENSP00000340278	0.096	0	0	0	0.174	0.232	0	0.349	0.576
ENO1	PPA2	9606.ENSP00000495530	9606.ENSP00000343885	0.070	0	0	0	0.255	0.172	0	0.321	0.559
ENO1	ETFB	9606.ENSP00000495530	9606.ENSP00000346173	0	0	0	0	0.253	0	0	0.248	0.415
ENO1	FDPS	9606.ENSP00000495530	9606.ENSP00000349078	0.058	0	0	0	0.233	0.219	0	0.144	0.453
ENO1	PGM1	9606.ENSP00000495530	9606.ENSP00000360124	0	0	0	0	0.409	0.212	0	0.856	0.927
ENO1	SLC25A5	9606.ENSP00000495530	9606.ENSP00000360671	0	0	0	0	0.265	0.071	0	0.220	0.422
ENO1	PPA1	9606.ENSP00000495530	9606.ENSP00000362329	0.070	0	0	0	0.268	0.053	0	0.317	0.501
ENO1	PGK1	9606.ENSP00000495530	9606.ENSP00000362413	0.079	0	0	0	0.803	0.676	0.277	0.927	0.996
ENO1	PDHA1	9606.ENSP00000495530	9606.ENSP00000369134	0.057	0	0	0	0.222	0	0	0.513	0.611
ENO1	GLRX	9606.ENSP00000495530	9606.ENSP00000369314	0.073	0	0	0	0.074	0	0	0.475	0.510
ENO1	PFKP	9606.ENSP00000495530	9606.ENSP00000370517	0.079	0	0	0	0.622	0	0.181	0.667	0.892
ENO1	G6PD	9606.ENSP00000495530	9606.ENSP00000377192	0	0	0	0	0.097	0	0.800	0.508	0.903
ENO1	SUCLG1	9606.ENSP00000495530	9606.ENSP00000377446	0.045	0	0	0	0.313	0	0	0.418	0.585
ENO1	OGDH	9606.ENSP00000495530	9606.ENSP00000388183	0	0	0	0	0.072	0.075	0	0.527	0.559
ENO1	TKT	9606.ENSP00000495530	9606.ENSP00000391481	0	0	0	0	0.442	0.232	0.800	0.660	0.967
ENO1	GBE1	9606.ENSP00000495530	9606.ENSP00000410833	0	0	0	0	0.172	0	0	0.421	0.500
ENO1	ENO2	9606.ENSP00000495530	9606.ENSP00000437402	0	0	0.049	0.982	0.086	0.840	0.540	0.402	0.954
ENO1	LDHA	9606.ENSP00000495530	9606.ENSP00000445175	0.057	0	0	0	0.547	0.211	0	0.801	0.924
ENO1	SOD2	9606.ENSP00000495530	9606.ENSP00000446252	0	0	0	0	0.202	0.071	0	0.432	0.543
ENO1	TK1	9606.ENSP00000495530	9606.ENSP00000468425	0.041	0	0	0	0.156	0	0	0.351	0.429
ENO1	H6PD	9606.ENSP00000495530	9606.ENSP00000473348	0	0	0	0	0.080	0	0.800	0.740	0.948
ENO1	SUCLA2	9606.ENSP00000495530	9606.ENSP00000494360	0	0	0	0	0.215	0	0	0.393	0.504
ENO1	HK1	9606.ENSP00000495530	9606.ENSP00000494664	0	0	0	0	0.138	0	0	0.626	0.664
ENO1	PCMT1	9606.ENSP00000495530	9606.ENSP00000497225	0.079	0	0	0	0.073	0.184	0	0.288	0.438
ENO1	PC	9606.ENSP00000495530	9606.ENSP00000498994	0	0	0	0	0.102	0	0	0.563	0.591
ENO2	PYGM	9606.ENSP00000437402	9606.ENSP00000164139	0.042	0	0	0	0.401	0.067	0	0.270	0.557
ENO2	UQCRC1	9606.ENSP00000437402	9606.ENSP00000203407	0	0	0	0	0.383	0	0	0.163	0.461
ENO2	PCK2	9606.ENSP00000437402	9606.ENSP00000216780	0	0	0	0	0.049	0	0.936	0.376	0.958
ENO2	PYGB	9606.ENSP00000437402	9606.ENSP00000216962	0.042	0	0	0	0.417	0.067	0	0.286	0.578
ENO2	TPI1	9606.ENSP00000437402	9606.ENSP00000229270	0.111	0	0	0	0.780	0.251	0.289	0.672	0.959
ENO2	PRDX1	9606.ENSP00000437402	9606.ENSP00000262746	0.054	0	0	0	0.254	0	0	0.253	0.427
ENO2	SDHA	9606.ENSP00000437402	9606.ENSP00000264932	0.060	0	0	0	0.155	0.066	0	0.415	0.508
ENO2	PFKL	9606.ENSP00000437402	9606.ENSP00000269848	0.079	0	0	0	0.536	0	0.181	0.562	0.826
ENO2	GLUD1	9606.ENSP00000437402	9606.ENSP00000277865	0.061	0	0	0	0.140	0	0	0.359	0.437
ENO2	RPIA	9606.ENSP00000437402	9606.ENSP00000283646	0	0	0	0	0.199	0	0	0.338	0.448
ENO2	HK2	9606.ENSP00000437402	9606.ENSP00000290573	0	0	0	0	0.142	0	0	0.454	0.512
ENO2	PRDX3	9606.ENSP00000437402	9606.ENSP00000298510	0.054	0	0	0	0.253	0	0	0.228	0.407
ENO2	PDHB	9606.ENSP00000437402	9606.ENSP00000307241	0.095	0	0	0	0.121	0	0	0.477	0.548
ENO2	PKM	9606.ENSP00000437402	9606.ENSP00000320171	0.069	0	0	0	0.510	0	0.927	0.713	0.989
ENO2	TALDO1	9606.ENSP00000437402	9606.ENSP00000321259	0	0	0	0	0.297	0	0.800	0.391	0.907
ENO2	PARK7	9606.ENSP00000437402	9606.ENSP00000340278	0.096	0	0	0	0.054	0	0	0.527	0.560
ENO2	PGM1	9606.ENSP00000437402	9606.ENSP00000360124	0	0	0	0	0.374	0.072	0	0.517	0.695
ENO2	PPA1	9606.ENSP00000437402	9606.ENSP00000362329	0.070	0	0	0	0.244	0.053	0	0.211	0.405
ENO2	PGK1	9606.ENSP00000437402	9606.ENSP00000362413	0.079	0	0	0	0.670	0.309	0.277	0.788	0.962
ENO2	PDHA1	9606.ENSP00000437402	9606.ENSP00000369134	0.057	0	0	0	0.199	0	0	0.340	0.459
ENO2	PFKP	9606.ENSP00000437402	9606.ENSP00000370517	0.079	0	0	0	0.598	0	0.181	0.568	0.851
ENO2	G6PD	9606.ENSP00000437402	9606.ENSP00000377192	0	0	0	0	0.067	0	0.800	0.326	0.863
ENO2	SUCLG1	9606.ENSP00000437402	9606.ENSP00000377446	0.045	0	0	0	0.303	0	0	0.367	0.542
ENO2	TKT	9606.ENSP00000437402	9606.ENSP00000391481	0	0	0	0	0.327	0.189	0.800	0.286	0.911
ENO2	GBE1	9606.ENSP00000437402	9606.ENSP00000410833	0	0	0	0	0.157	0	0	0.350	0.429
ENO2	SOD2	9606.ENSP00000437402	9606.ENSP00000446252	0	0	0	0	0.188	0.071	0	0.268	0.400
ENO2	TK1	9606.ENSP00000437402	9606.ENSP00000468425	0.041	0	0	0	0.067	0	0	0.396	0.412
ENO2	PC	9606.ENSP00000437402	9606.ENSP00000498994	0	0	0	0	0.100	0	0	0.388	0.426
ENO2	HK1	9606.ENSP00000437402	9606.ENSP00000494664	0	0	0	0	0.145	0.059	0	0.468	0.535
ENO2	LDHA	9606.ENSP00000437402	9606.ENSP00000445175	0.057	0	0	0	0.294	0.094	0	0.543	0.688
ENO2	H6PD	9606.ENSP00000437402	9606.ENSP00000473348	0	0	0	0	0.067	0	0.800	0.450	0.888
ESD	TPI1	9606.ENSP00000367992	9606.ENSP00000229270	0	0	0	0	0.067	0.225	0	0.489	0.598
ESD	UGP2	9606.ENSP00000367992	9606.ENSP00000338703	0	0	0	0	0.133	0	0	0.407	0.464
ESD	PGM1	9606.ENSP00000367992	9606.ENSP00000360124	0	0	0	0	0.093	0.097	0	0.776	0.801
ESD	SOD2	9606.ENSP00000367992	9606.ENSP00000446252	0	0	0	0	0.140	0	0	0.331	0.400
ESD	H6PD	9606.ENSP00000367992	9606.ENSP00000473348	0.042	0	0	0	0.080	0	0	0.384	0.410
ESD	TKT	9606.ENSP00000367992	9606.ENSP00000391481	0	0	0	0	0.049	0.187	0	0.326	0.433
ESD	TKFC	9606.ENSP00000367992	9606.ENSP00000378360	0	0	0	0	0.074	0	0	0.566	0.581
ETFB	OXCT1	9606.ENSP00000346173	9606.ENSP00000196371	0.120	0	0	0	0.117	0.100	0.163	0.287	0.507
ETFB	UQCRC1	9606.ENSP00000346173	9606.ENSP00000203407	0	0	0	0	0.233	0	0	0.321	0.457
ETFB	IDH3G	9606.ENSP00000346173	9606.ENSP00000217901	0	0	0	0	0.145	0.068	0	0.315	0.407
ETFB	PDHX	9606.ENSP00000346173	9606.ENSP00000227868	0	0	0	0	0.145	0	0	0.328	0.402
ETFB	TPI1	9606.ENSP00000346173	9606.ENSP00000229270	0	0	0	0	0.190	0	0	0.365	0.464
ETFB	FDX1	9606.ENSP00000346173	9606.ENSP00000260270	0.055	0	0	0	0.149	0	0	0.316	0.402
ETFB	SDHA	9606.ENSP00000346173	9606.ENSP00000264932	0.118	0	0	0	0.242	0	0	0.363	0.537
ETFB	OXSM	9606.ENSP00000346173	9606.ENSP00000280701	0.231	0	0	0	0.088	0	0	0.396	0.539
ETFB	PDHB	9606.ENSP00000346173	9606.ENSP00000307241	0.057	0	0	0	0.204	0	0	0.353	0.472
ETFB	TALDO1	9606.ENSP00000346173	9606.ENSP00000321259	0.121	0	0	0	0.256	0	0	0.423	0.590
ETFB	HADHB	9606.ENSP00000346173	9606.ENSP00000325136	0.102	0	0	0	0.281	0.099	0	0.539	0.696
ETFB	MCCC2	9606.ENSP00000346173	9606.ENSP00000343657	0.057	0	0	0	0.137	0	0.163	0.368	0.512
ETFB	PPA2	9606.ENSP00000346173	9606.ENSP00000343885	0.053	0	0	0	0.225	0	0	0.283	0.428
ETFB	LDHA	9606.ENSP00000346173	9606.ENSP00000445175	0	0	0	0	0.142	0.069	0	0.312	0.403
ETFB	PDHA1	9606.ENSP00000346173	9606.ENSP00000369134	0	0	0	0	0.095	0.118	0	0.331	0.419
ETFB	PPA1	9606.ENSP00000346173	9606.ENSP00000362329	0.053	0	0	0	0.204	0	0	0.298	0.425
ETFB	HSD17B4	9606.ENSP00000346173	9606.ENSP00000411960	0.102	0	0	0	0.110	0.091	0.152	0.215	0.428
ETFB	SCP2	9606.ENSP00000346173	9606.ENSP00000360569	0.102	0	0	0	0.136	0.091	0.152	0.247	0.468
ETFB	SUCLA2	9606.ENSP00000346173	9606.ENSP00000494360	0.115	0	0	0	0.124	0.092	0	0.367	0.495
ETFB	SUCLG2	9606.ENSP00000346173	9606.ENSP00000419325	0.115	0	0	0	0.196	0.099	0	0.320	0.506
ETFB	HMGCL	9606.ENSP00000346173	9606.ENSP00000363614	0.077	0	0	0	0.168	0	0	0.453	0.543
ETFB	HADHA	9606.ENSP00000346173	9606.ENSP00000370023	0.075	0	0	0	0.296	0.099	0.331	0.547	0.790
ETFB	SUCLG1	9606.ENSP00000346173	9606.ENSP00000377446	0.057	0	0	0	0.786	0	0	0.535	0.898
ETHE1	SQOR	9606.ENSP00000292147	9606.ENSP00000456019	0.057	0	0	0	0.134	0	0.900	0.928	0.993
FAHD2A	GSTZ1	9606.ENSP00000233379	9606.ENSP00000451976	0.058	0	0	0	0.149	0	0.271	0.145	0.434
FAHD2A	HMGCL	9606.ENSP00000233379	9606.ENSP00000363614	0.083	0	0	0	0.117	0	0.414	0.062	0.495
FDPS	MVK	9606.ENSP00000349078	9606.ENSP00000228510	0.099	0	0	0	0.302	0	0	0.870	0.911
FDPS	FNTB	9606.ENSP00000349078	9606.ENSP00000246166	0	0	0	0	0.093	0.070	0.900	0.512	0.953
FDPS	GGPS1	9606.ENSP00000349078	9606.ENSP00000282841	0	0	0	0	0.067	0.272	0.925	0.942	0.996
FDPS	PKM	9606.ENSP00000349078	9606.ENSP00000320171	0	0	0	0	0.136	0.230	0	0.208	0.427
FDPS	TALDO1	9606.ENSP00000349078	9606.ENSP00000321259	0.061	0	0	0	0.110	0.245	0	0.174	0.410
FDPS	PARK7	9606.ENSP00000349078	9606.ENSP00000340278	0.044	0	0	0	0.068	0	0.429	0	0.446
FDPS	PPA2	9606.ENSP00000349078	9606.ENSP00000343885	0.053	0	0	0	0.147	0	0	0.498	0.559
FDPS	G6PD	9606.ENSP00000349078	9606.ENSP00000377192	0	0	0	0	0.147	0.225	0	0.183	0.413
FDPS	LDHA	9606.ENSP00000349078	9606.ENSP00000445175	0.041	0	0	0	0.086	0	0	0.431	0.457
FDPS	PPA1	9606.ENSP00000349078	9606.ENSP00000362329	0.053	0	0	0	0.145	0	0	0.518	0.576
FDPS	LSS	9606.ENSP00000349078	9606.ENSP00000380837	0.099	0	0	0	0.379	0	0.414	0.715	0.894
FDPS	IDI1	9606.ENSP00000349078	9606.ENSP00000370748	0.071	0.026	0	0	0.482	0	0.938	0.824	0.994
FDX1	UQCRC1	9606.ENSP00000260270	9606.ENSP00000203407	0	0	0	0	0.078	0.313	0.154	0.046	0.420
FDX1	TECR	9606.ENSP00000260270	9606.ENSP00000215567	0	0	0	0	0.042	0	0	0.490	0.490
FDX1	TPI1	9606.ENSP00000260270	9606.ENSP00000229270	0	0	0	0	0.049	0.162	0	0.311	0.403
FDX1	G6PD	9606.ENSP00000260270	9606.ENSP00000377192	0	0	0	0	0.042	0	0	0.412	0.413
FDX1	NUBP1	9606.ENSP00000260270	9606.ENSP00000283027	0	0	0	0	0.070	0	0	0.397	0.416
FDX1	H6PD	9606.ENSP00000260270	9606.ENSP00000473348	0.042	0	0	0	0.047	0	0	0.451	0.455
FDX1	RPIA	9606.ENSP00000260270	9606.ENSP00000283646	0.117	0	0	0	0.049	0	0	0.411	0.463
FDX1	RDH11	9606.ENSP00000260270	9606.ENSP00000370750	0	0	0	0	0.093	0.256	0.215	0.116	0.469
FDX1	GLRX	9606.ENSP00000260270	9606.ENSP00000369314	0.047	0	0	0	0.054	0	0	0.470	0.481
FDX1	GSTO1	9606.ENSP00000260270	9606.ENSP00000358727	0	0	0	0	0.122	0.455	0	0.057	0.509
FDX1	PRDX3	9606.ENSP00000260270	9606.ENSP00000298510	0	0	0	0	0.498	0	0	0.140	0.550
FDX1	HSD17B11	9606.ENSP00000260270	9606.ENSP00000351035	0	0	0	0	0.094	0.256	0.215	0.339	0.603
FDX1	NDUFA5	9606.ENSP00000260270	9606.ENSP00000417142	0	0	0	0	0.129	0.580	0	0	0.618
FDX1	SQOR	9606.ENSP00000260270	9606.ENSP00000456019	0.079	0	0	0	0.111	0.336	0.273	0.259	0.654
FDX1	GLUD1	9606.ENSP00000260270	9606.ENSP00000277865	0.042	0	0	0	0.147	0	0.553	0.185	0.662
FDX1	PDXK	9606.ENSP00000260270	9606.ENSP00000291565	0	0	0	0	0.044	0	0.792	0.117	0.809
FDX1	SDHA	9606.ENSP00000260270	9606.ENSP00000264932	0.061	0	0	0	0.071	0	0.792	0.377	0.872
FDX1	MT-ND4	9606.ENSP00000260270	9606.ENSP00000354961	0.057	0	0	0	0.049	0.843	0	0.304	0.888
FDX1	SCP2	9606.ENSP00000260270	9606.ENSP00000360569	0.061	0	0	0	0.164	0	0	0.900	0.914
FNTB	GGPS1	9606.ENSP00000246166	9606.ENSP00000282841	0	0	0	0	0.080	0.066	0.900	0.570	0.958
G6PD	PYGM	9606.ENSP00000377192	9606.ENSP00000164139	0.069	0	0	0	0.060	0	0	0.664	0.680
G6PD	PCK2	9606.ENSP00000377192	9606.ENSP00000216780	0	0	0	0	0.114	0	0	0.538	0.573
G6PD	PYGB	9606.ENSP00000377192	9606.ENSP00000216962	0.069	0	0	0	0.090	0	0	0.668	0.694
G6PD	IDH3G	9606.ENSP00000377192	9606.ENSP00000217901	0	0	0	0	0.168	0	0	0.414	0.491
G6PD	TPI1	9606.ENSP00000377192	9606.ENSP00000229270	0	0	0	0	0.094	0	0.800	0.708	0.942
G6PD	PRDX1	9606.ENSP00000377192	9606.ENSP00000262746	0	0	0	0	0.093	0.071	0	0.375	0.428
G6PD	SDHA	9606.ENSP00000377192	9606.ENSP00000264932	0.053	0	0	0	0.072	0	0	0.507	0.530
G6PD	PFKL	9606.ENSP00000377192	9606.ENSP00000269848	0	0	0	0	0.072	0	0	0.561	0.575
G6PD	GLUD1	9606.ENSP00000377192	9606.ENSP00000277865	0	0	0	0	0.103	0.078	0	0.573	0.616
G6PD	OXSM	9606.ENSP00000377192	9606.ENSP00000280701	0.096	0	0	0	0.047	0	0	0.399	0.437
G6PD	RPIA	9606.ENSP00000377192	9606.ENSP00000283646	0.120	0	0	0	0.103	0	0	0.724	0.763
G6PD	HK2	9606.ENSP00000377192	9606.ENSP00000290573	0	0	0	0	0.110	0	0.830	0.666	0.945
G6PD	PDHB	9606.ENSP00000377192	9606.ENSP00000307241	0	0	0	0	0.042	0	0.800	0.417	0.878
G6PD	GPD2	9606.ENSP00000377192	9606.ENSP00000308610	0.042	0	0	0	0.070	0	0	0.439	0.457
G6PD	MPI	9606.ENSP00000377192	9606.ENSP00000318318	0	0	0	0	0.110	0	0	0.786	0.802
G6PD	PKM	9606.ENSP00000377192	9606.ENSP00000320171	0.094	0	0	0	0.170	0	0.800	0.655	0.941
G6PD	ME2	9606.ENSP00000377192	9606.ENSP00000321070	0.057	0	0	0	0.073	0	0	0.473	0.500
G6PD	TALDO1	9606.ENSP00000377192	9606.ENSP00000321259	0.120	0	0	0	0.456	0.256	0	0.808	0.922
G6PD	UGP2	9606.ENSP00000377192	9606.ENSP00000338703	0	0	0	0	0.062	0	0	0.456	0.469
G6PD	PPA2	9606.ENSP00000377192	9606.ENSP00000343885	0.042	0	0	0	0.145	0	0	0.365	0.434
G6PD	GPX7	9606.ENSP00000377192	9606.ENSP00000354677	0.057	0	0	0	0.053	0	0	0.802	0.808
G6PD	PGM1	9606.ENSP00000377192	9606.ENSP00000360124	0.111	0	0	0	0.119	0.190	0	0.493	0.635
G6PD	SLC25A5	9606.ENSP00000377192	9606.ENSP00000360671	0	0	0	0	0.049	0	0	0.481	0.485
G6PD	PPA1	9606.ENSP00000377192	9606.ENSP00000362329	0.042	0	0	0	0.133	0	0	0.394	0.453
G6PD	PGK1	9606.ENSP00000377192	9606.ENSP00000362413	0	0	0	0	0.080	0	0	0.749	0.759
G6PD	PDHA1	9606.ENSP00000377192	9606.ENSP00000369134	0	0	0	0	0.205	0.073	0	0.449	0.559
G6PD	GLRX	9606.ENSP00000377192	9606.ENSP00000369314	0.057	0	0	0	0.078	0	0	0.501	0.529
G6PD	PFKP	9606.ENSP00000377192	9606.ENSP00000370517	0	0	0	0	0.072	0	0	0.524	0.539
G6PD	SUCLG1	9606.ENSP00000377192	9606.ENSP00000377446	0	0	0	0	0.072	0	0	0.421	0.440
G6PD	OGDH	9606.ENSP00000377192	9606.ENSP00000388183	0	0	0	0	0.088	0	0	0.455	0.482
G6PD	SOD2	9606.ENSP00000377192	9606.ENSP00000446252	0	0	0	0	0.067	0	0	0.491	0.505
G6PD	GBE1	9606.ENSP00000377192	9606.ENSP00000410833	0.099	0	0	0	0.165	0	0	0.422	0.527
G6PD	PC	9606.ENSP00000377192	9606.ENSP00000498994	0	0	0	0	0.091	0	0	0.784	0.795
G6PD	TKT	9606.ENSP00000377192	9606.ENSP00000391481	0.102	0	0	0	0.403	0.189	0	0.818	0.910
G6PD	HK1	9606.ENSP00000377192	9606.ENSP00000494664	0	0	0	0	0.110	0	0.830	0.619	0.937
G6PD	LDHA	9606.ENSP00000377192	9606.ENSP00000445175	0	0	0	0	0.099	0	0.800	0.812	0.963
G6PD	H6PD	9606.ENSP00000377192	9606.ENSP00000473348	0.095	0	0.158	0.761	0.402	0	0.955	0.405	0.985
GALE	TPI1	9606.ENSP00000483375	9606.ENSP00000229270	0.186	0	0	0	0.056	0	0	0.472	0.559
GALE	GATB	9606.ENSP00000483375	9606.ENSP00000263985	0.119	0	0	0	0.067	0	0	0.489	0.543
GALE	RPIA	9606.ENSP00000483375	9606.ENSP00000283646	0	0	0	0	0.049	0	0	0.567	0.571
GALE	GUSB	9606.ENSP00000483375	9606.ENSP00000302728	0.119	0	0	0	0.110	0	0	0.349	0.445
GALE	GPD2	9606.ENSP00000483375	9606.ENSP00000308610	0.142	0	0	0	0.113	0	0	0.307	0.427
GALE	GMPPB	9606.ENSP00000483375	9606.ENSP00000309092	0.111	0	0	0	0.187	0	0.139	0.536	0.672
GALE	MPI	9606.ENSP00000483375	9606.ENSP00000318318	0.231	0	0	0	0.055	0	0	0.641	0.716
GALE	TALDO1	9606.ENSP00000483375	9606.ENSP00000321259	0.169	0	0	0	0.114	0.071	0	0.417	0.548
GALE	UGP2	9606.ENSP00000483375	9606.ENSP00000338703	0.112	0	0	0	0.043	0	0.979	0.718	0.994
GALE	PPA2	9606.ENSP00000483375	9606.ENSP00000343885	0.101	0	0	0	0.094	0	0	0.389	0.459
GALE	PPOX	9606.ENSP00000483375	9606.ENSP00000356978	0.224	0	0	0	0.063	0	0.809	0	0.848
GALE	PGM1	9606.ENSP00000483375	9606.ENSP00000360124	0	0	0	0	0.082	0	0	0.461	0.484
GALE	PPA1	9606.ENSP00000483375	9606.ENSP00000362329	0.101	0	0	0	0.094	0	0	0.381	0.452
GALE	HMGCL	9606.ENSP00000483375	9606.ENSP00000363614	0.110	0.305	0	0	0.074	0	0	0.129	0.435
GALE	TKT	9606.ENSP00000483375	9606.ENSP00000391481	0.099	0	0	0	0.064	0	0	0.394	0.445
GALE	H6PD	9606.ENSP00000483375	9606.ENSP00000473348	0.058	0	0	0	0.128	0	0	0.455	0.514
GALE	NAGK	9606.ENSP00000483375	9606.ENSP00000477639	0	0	0	0	0.110	0	0	0.495	0.532
GATB	PDHX	9606.ENSP00000263985	9606.ENSP00000227868	0	0	0	0	0.363	0	0	0.108	0.407
GATB	MECR	9606.ENSP00000263985	9606.ENSP00000263702	0	0	0	0	0.643	0	0	0	0.643
GATB	HMGCL	9606.ENSP00000263985	9606.ENSP00000363614	0.087	0	0	0	0.222	0	0	0.249	0.420
GATB	OXSM	9606.ENSP00000263985	9606.ENSP00000280701	0.110	0	0	0	0.150	0	0	0.310	0.432
GATB	SAMM50	9606.ENSP00000263985	9606.ENSP00000345445	0.227	0	0	0	0.358	0	0	0	0.482
GATB	GUSB	9606.ENSP00000263985	9606.ENSP00000302728	0	0	0	0	0.299	0	0.283	0.062	0.488
GATB	SUCLG1	9606.ENSP00000263985	9606.ENSP00000377446	0	0	0	0	0.414	0	0	0.265	0.551
GATB	MCCC1	9606.ENSP00000263985	9606.ENSP00000265594	0	0	0	0	0.178	0	0.673	0	0.720
GATB	MCCC2	9606.ENSP00000263985	9606.ENSP00000343657	0	0	0	0	0.047	0	0.792	0	0.793
GATB	GLUD1	9606.ENSP00000263985	9606.ENSP00000277865	0.119	0	0	0	0.048	0	0.792	0	0.810
GATB	PC	9606.ENSP00000263985	9606.ENSP00000498994	0.113	0	0	0	0.115	0	0.809	0	0.837
GATD1	PDHB	9606.ENSP00000321691	9606.ENSP00000307241	0	0	0	0	0.063	0	0	0.433	0.447
GATD1	PDHA1	9606.ENSP00000321691	9606.ENSP00000369134	0	0	0	0	0.071	0	0	0.442	0.460
GATD1	PARK7	9606.ENSP00000321691	9606.ENSP00000340278	0	0	0	0	0.070	0	0	0.547	0.561
GBE1	PYGM	9606.ENSP00000410833	9606.ENSP00000164139	0.115	0.001	0	0	0.806	0.229	0.952	0.758	0.998
GBE1	PYGB	9606.ENSP00000410833	9606.ENSP00000216962	0.115	0.001	0	0	0.807	0.193	0.952	0.721	0.997
GBE1	TPI1	9606.ENSP00000410833	9606.ENSP00000229270	0	0	0	0	0.179	0	0	0.473	0.549
GBE1	MECR	9606.ENSP00000410833	9606.ENSP00000263702	0	0.471	0	0	0.109	0	0	0.090	0.534
GBE1	PFKL	9606.ENSP00000410833	9606.ENSP00000269848	0.053	0	0	0	0.114	0	0	0.392	0.446
GBE1	RPIA	9606.ENSP00000410833	9606.ENSP00000283646	0	0	0	0	0.109	0	0	0.377	0.422
GBE1	HK2	9606.ENSP00000410833	9606.ENSP00000290573	0	0	0	0	0.250	0	0	0.265	0.425
GBE1	GPD2	9606.ENSP00000410833	9606.ENSP00000308610	0	0	0	0	0.199	0	0	0.317	0.430
GBE1	GMPPB	9606.ENSP00000410833	9606.ENSP00000309092	0.110	0	0	0	0.114	0	0	0.335	0.430
GBE1	PKM	9606.ENSP00000410833	9606.ENSP00000320171	0.042	0	0	0	0.234	0	0	0.330	0.465
GBE1	TALDO1	9606.ENSP00000410833	9606.ENSP00000321259	0	0	0	0	0.236	0	0	0.475	0.582
GBE1	HADHB	9606.ENSP00000410833	9606.ENSP00000325136	0	0	0	0	0.186	0	0	0.295	0.402
GBE1	UGP2	9606.ENSP00000410833	9606.ENSP00000338703	0	0	0	0	0.426	0	0.145	0.759	0.871
GBE1	GYG1	9606.ENSP00000410833	9606.ENSP00000340736	0	0	0	0	0.171	0.785	0.900	0.793	0.995
GBE1	PGM1	9606.ENSP00000410833	9606.ENSP00000360124	0.120	0	0	0	0.831	0	0	0.644	0.942
GBE1	SGPL1	9606.ENSP00000410833	9606.ENSP00000362298	0	0	0	0	0.303	0	0	0.196	0.416
GBE1	PGK1	9606.ENSP00000410833	9606.ENSP00000362413	0	0	0	0	0.265	0	0	0.415	0.551
GBE1	PDHA1	9606.ENSP00000410833	9606.ENSP00000369134	0.092	0	0	0	0.065	0	0	0.368	0.417
GBE1	PFKP	9606.ENSP00000410833	9606.ENSP00000370517	0.053	0	0	0	0.148	0	0	0.420	0.491
GBE1	OGDH	9606.ENSP00000410833	9606.ENSP00000388183	0.055	0	0	0	0.091	0	0	0.361	0.403
GBE1	TKT	9606.ENSP00000410833	9606.ENSP00000391481	0	0	0	0	0.211	0	0	0.425	0.527
GBE1	LDHA	9606.ENSP00000410833	9606.ENSP00000445175	0	0	0	0	0.292	0	0	0.412	0.567
GBE1	H6PD	9606.ENSP00000410833	9606.ENSP00000473348	0.269	0	0	0	0.333	0	0	0.456	0.712
GGPS1	MVK	9606.ENSP00000282841	9606.ENSP00000228510	0.099	0	0	0	0.116	0	0	0.853	0.872
GGPS1	PARK7	9606.ENSP00000282841	9606.ENSP00000340278	0.044	0	0	0	0.067	0	0.429	0	0.446
GGPS1	LSS	9606.ENSP00000282841	9606.ENSP00000380837	0.099	0	0	0	0.127	0	0.414	0.689	0.837
GGPS1	IDI1	9606.ENSP00000282841	9606.ENSP00000370748	0.071	0	0	0	0.105	0	0.929	0.805	0.987
GLRX	PYGB	9606.ENSP00000369314	9606.ENSP00000216962	0.049	0	0	0	0.055	0.068	0	0.428	0.457
GLRX	PRDX1	9606.ENSP00000369314	9606.ENSP00000262746	0.079	0	0	0	0.123	0.087	0	0.588	0.656
GLRX	PRDX5	9606.ENSP00000369314	9606.ENSP00000265462	0	0	0	0	0.110	0	0	0.641	0.667
GLRX	PRDX3	9606.ENSP00000369314	9606.ENSP00000298510	0.079	0	0	0	0.111	0.087	0	0.578	0.642
GLRX	GPD2	9606.ENSP00000369314	9606.ENSP00000308610	0	0	0	0	0.060	0	0	0.418	0.430
GLRX	PARK7	9606.ENSP00000369314	9606.ENSP00000340278	0.045	0	0	0	0.094	0	0	0.432	0.466
GLRX	GPX7	9606.ENSP00000369314	9606.ENSP00000354677	0.068	0	0	0	0.123	0.071	0	0.841	0.863
GLRX	GSTO1	9606.ENSP00000369314	9606.ENSP00000358727	0	0	0	0	0.258	0	0	0.814	0.856
GLRX	TKT	9606.ENSP00000369314	9606.ENSP00000391481	0	0	0	0	0.121	0.183	0	0.293	0.448
GLRX	TSPO	9606.ENSP00000369314	9606.ENSP00000379563	0	0	0	0	0.102	0	0	0.498	0.530
GLRX	H6PD	9606.ENSP00000369314	9606.ENSP00000473348	0.120	0	0	0	0.111	0	0	0.501	0.576
GLRX	GSTZ1	9606.ENSP00000369314	9606.ENSP00000451976	0	0	0	0	0.087	0.084	0	0.548	0.589
GLRX	SOD2	9606.ENSP00000369314	9606.ENSP00000446252	0.075	0	0	0	0.145	0	0	0.572	0.632
GLUD1	PYGM	9606.ENSP00000277865	9606.ENSP00000164139	0.052	0	0	0	0.190	0	0	0.490	0.574
GLUD1	PCK2	9606.ENSP00000277865	9606.ENSP00000216780	0	0	0	0	0.072	0	0.800	0.383	0.875
GLUD1	PYGB	9606.ENSP00000277865	9606.ENSP00000216962	0.052	0	0	0	0.196	0	0	0.516	0.599
GLUD1	IDH3G	9606.ENSP00000277865	9606.ENSP00000217901	0	0	0	0	0.117	0	0.830	0.373	0.897
GLUD1	PDHX	9606.ENSP00000277865	9606.ENSP00000227868	0.091	0	0	0	0.264	0	0	0.207	0.423
GLUD1	TPI1	9606.ENSP00000277865	9606.ENSP00000229270	0.096	0	0	0	0.115	0	0	0.604	0.655
GLUD1	SDHA	9606.ENSP00000277865	9606.ENSP00000264932	0.042	0	0	0	0.285	0	0	0.505	0.631
GLUD1	MPI	9606.ENSP00000277865	9606.ENSP00000318318	0	0	0	0	0.054	0	0	0.400	0.408
GLUD1	SUCLG1	9606.ENSP00000277865	9606.ENSP00000377446	0.056	0	0	0	0.191	0	0	0.298	0.417
GLUD1	SUCLG2	9606.ENSP00000277865	9606.ENSP00000419325	0.044	0	0	0	0.212	0	0	0.315	0.439
GLUD1	HADHB	9606.ENSP00000277865	9606.ENSP00000325136	0.052	0	0	0	0.229	0	0	0.298	0.442
GLUD1	ME2	9606.ENSP00000277865	9606.ENSP00000321070	0.102	0	0	0	0.074	0	0	0.388	0.447
GLUD1	PRDX3	9606.ENSP00000277865	9606.ENSP00000298510	0.061	0	0	0	0.291	0	0	0.262	0.466
GLUD1	PGM1	9606.ENSP00000277865	9606.ENSP00000360124	0.045	0	0	0	0.110	0	0	0.437	0.480
GLUD1	SGPL1	9606.ENSP00000277865	9606.ENSP00000362298	0	0	0	0	0.088	0	0.301	0.254	0.483
GLUD1	TALDO1	9606.ENSP00000277865	9606.ENSP00000321259	0.041	0	0	0	0.042	0	0	0.485	0.485
GLUD1	HK1	9606.ENSP00000277865	9606.ENSP00000494664	0	0	0	0	0.098	0.091	0	0.435	0.496
GLUD1	HK2	9606.ENSP00000277865	9606.ENSP00000290573	0	0	0	0	0.087	0.091	0	0.452	0.506
GLUD1	TKT	9606.ENSP00000277865	9606.ENSP00000391481	0.052	0	0	0	0.140	0.092	0	0.412	0.507
GLUD1	SUCLA2	9606.ENSP00000277865	9606.ENSP00000494360	0.044	0	0	0	0.157	0	0	0.437	0.507
GLUD1	GPD2	9606.ENSP00000277865	9606.ENSP00000308610	0.041	0	0	0	0.094	0.073	0	0.504	0.547
GLUD1	LDHA	9606.ENSP00000277865	9606.ENSP00000445175	0	0	0	0	0.139	0	0	0.537	0.585
GLUD1	PKM	9606.ENSP00000277865	9606.ENSP00000320171	0	0	0	0	0.159	0.064	0	0.527	0.595
GLUD1	SOD2	9606.ENSP00000277865	9606.ENSP00000446252	0.091	0	0	0	0.086	0	0.400	0.337	0.626
GLUD1	H6PD	9606.ENSP00000277865	9606.ENSP00000473348	0	0	0	0	0.159	0.078	0	0.595	0.658
GLUD1	PDHB	9606.ENSP00000277865	9606.ENSP00000307241	0.111	0	0	0	0.392	0	0.145	0.376	0.673
GLUD1	PGK1	9606.ENSP00000277865	9606.ENSP00000362413	0.091	0	0	0	0.087	0	0	0.656	0.690
GLUD1	MCCC2	9606.ENSP00000277865	9606.ENSP00000343657	0.061	0	0	0	0.110	0	0.585	0.282	0.718
GLUD1	PDHA1	9606.ENSP00000277865	9606.ENSP00000369134	0	0	0	0	0.153	0.096	0	0.706	0.755
GLUD1	OAT	9606.ENSP00000277865	9606.ENSP00000357838	0.120	0	0	0	0.212	0	0.792	0.587	0.932
GLUD1	OGDH	9606.ENSP00000277865	9606.ENSP00000388183	0	0	0	0	0.174	0.090	0.823	0.583	0.937
GLUD1	PC	9606.ENSP00000277865	9606.ENSP00000498994	0	0	0	0	0.044	0	0.956	0.780	0.990
GMPPB	PYGM	9606.ENSP00000309092	9606.ENSP00000164139	0.079	0	0	0	0.116	0.066	0.262	0.284	0.525
GMPPB	PYGB	9606.ENSP00000309092	9606.ENSP00000216962	0.079	0	0	0	0.127	0.066	0.262	0.169	0.456
GMPPB	PGK1	9606.ENSP00000309092	9606.ENSP00000362413	0.057	0	0	0	0.198	0.135	0	0.213	0.416
GMPPB	PPA1	9606.ENSP00000309092	9606.ENSP00000362329	0	0	0	0	0.297	0	0	0.279	0.471
GMPPB	PPA2	9606.ENSP00000309092	9606.ENSP00000343885	0	0	0	0	0.303	0	0	0.279	0.476
GMPPB	UGP2	9606.ENSP00000309092	9606.ENSP00000338703	0.045	0	0	0	0.065	0	0.172	0.507	0.587
GMPPB	PGM1	9606.ENSP00000309092	9606.ENSP00000360124	0	0	0	0	0.107	0.069	0.414	0.291	0.608
GMPPB	MPI	9606.ENSP00000309092	9606.ENSP00000318318	0.060	0	0	0	0.127	0.214	0.281	0.626	0.795
GPD1L	ISOC1	9606.ENSP00000282541	9606.ENSP00000173527	0.084	0	0	0	0.309	0.113	0	0.102	0.429
GPD1L	TPI1	9606.ENSP00000282541	9606.ENSP00000229270	0.064	0	0	0	0.114	0.178	0	0.421	0.553
GPD1L	OXSM	9606.ENSP00000282541	9606.ENSP00000280701	0.113	0	0	0	0.092	0	0	0.374	0.452
GPD1L	NDUFA4	9606.ENSP00000282541	9606.ENSP00000339720	0	0	0	0	0.056	0.164	0	0.305	0.403
GPD1L	SUCLA2	9606.ENSP00000282541	9606.ENSP00000494360	0.042	0	0	0	0.158	0	0	0.322	0.406
GPD1L	H6PD	9606.ENSP00000282541	9606.ENSP00000473348	0.042	0	0	0	0.145	0	0	0.342	0.415
GPD1L	SUCLG1	9606.ENSP00000282541	9606.ENSP00000377446	0.059	0	0	0	0.085	0	0	0.384	0.424
GPD1L	PGM1	9606.ENSP00000282541	9606.ENSP00000360124	0	0	0	0	0.302	0.225	0	0.166	0.509
GPD1L	TKFC	9606.ENSP00000282541	9606.ENSP00000378360	0	0	0	0	0.078	0	0.800	0.244	0.848
GPD1L	GPD2	9606.ENSP00000282541	9606.ENSP00000308610	0.115	0	0	0	0.072	0.093	0.835	0.394	0.912
GPD2	TPI1	9606.ENSP00000308610	9606.ENSP00000229270	0.117	0	0	0	0.042	0.113	0.163	0.478	0.612
GPD2	SDHA	9606.ENSP00000308610	9606.ENSP00000264932	0.053	0	0	0	0.184	0	0.809	0.478	0.912
GPD2	PFKL	9606.ENSP00000308610	9606.ENSP00000269848	0	0	0	0	0.076	0	0	0.406	0.428
GPD2	TKT	9606.ENSP00000308610	9606.ENSP00000391481	0.057	0	0	0	0.107	0	0	0.362	0.417
GPD2	PFKP	9606.ENSP00000308610	9606.ENSP00000370517	0	0	0	0	0.081	0	0	0.393	0.419
GPD2	PGK1	9606.ENSP00000308610	9606.ENSP00000362413	0	0	0	0	0.055	0	0	0.410	0.419
GPD2	SOD2	9606.ENSP00000308610	9606.ENSP00000446252	0	0	0	0	0.140	0	0	0.370	0.435
GPD2	PKM	9606.ENSP00000308610	9606.ENSP00000320171	0.055	0	0	0	0.092	0	0	0.411	0.450
GPD2	H6PD	9606.ENSP00000308610	9606.ENSP00000473348	0.042	0	0	0	0.105	0	0	0.438	0.476
GPD2	MICOS10	9606.ENSP00000308610	9606.ENSP00000325562	0	0	0	0	0.042	0	0	0.480	0.480
GPD2	TALDO1	9606.ENSP00000308610	9606.ENSP00000321259	0.087	0	0	0	0.107	0	0	0.446	0.509
GPD2	OGDH	9606.ENSP00000308610	9606.ENSP00000388183	0	0	0	0	0.303	0	0	0.442	0.594
GPD2	PC	9606.ENSP00000308610	9606.ENSP00000498994	0	0	0	0	0.091	0	0	0.775	0.787
GPD2	TKFC	9606.ENSP00000308610	9606.ENSP00000378360	0.200	0	0	0	0.042	0	0.960	0.421	0.979
GPX7	PPIF	9606.ENSP00000354677	9606.ENSP00000225174	0	0	0	0	0.074	0.087	0	0.545	0.581
GPX7	PRDX1	9606.ENSP00000354677	9606.ENSP00000262746	0	0	0	0	0.075	0.132	0	0.762	0.792
GPX7	SDHA	9606.ENSP00000354677	9606.ENSP00000264932	0.045	0	0	0	0.054	0	0	0.437	0.447
GPX7	PRDX5	9606.ENSP00000354677	9606.ENSP00000265462	0	0	0	0	0.154	0.102	0	0.589	0.660
GPX7	PRDX3	9606.ENSP00000354677	9606.ENSP00000298510	0	0	0	0	0.075	0.132	0	0.573	0.627
GPX7	PARK7	9606.ENSP00000354677	9606.ENSP00000340278	0.057	0	0	0	0.104	0.063	0	0.512	0.562
GPX7	HK1	9606.ENSP00000354677	9606.ENSP00000494664	0	0	0	0	0.067	0	0	0.412	0.428
GPX7	GSTK1	9606.ENSP00000354677	9606.ENSP00000431049	0	0	0	0	0.061	0.128	0	0.434	0.496
GPX7	GSTM4	9606.ENSP00000354677	9606.ENSP00000358851	0	0	0	0	0.064	0	0.650	0.241	0.729
GPX7	MGST3	9606.ENSP00000354677	9606.ENSP00000356864	0	0	0	0	0.087	0.058	0.650	0.316	0.766
GPX7	GSTO1	9606.ENSP00000354677	9606.ENSP00000358727	0	0	0	0	0.062	0	0.650	0.458	0.806
GPX7	H6PD	9606.ENSP00000354677	9606.ENSP00000473348	0.120	0	0	0	0.046	0	0	0.802	0.820
GPX7	SOD2	9606.ENSP00000354677	9606.ENSP00000446252	0	0	0	0	0.086	0.096	0.301	0.858	0.907
GSTK1	PRDX1	9606.ENSP00000431049	9606.ENSP00000262746	0	0	0	0	0.057	0.047	0	0.414	0.428
GSTK1	PRDX5	9606.ENSP00000431049	9606.ENSP00000265462	0	0	0	0	0.066	0	0	0.399	0.414
GSTK1	MGST3	9606.ENSP00000431049	9606.ENSP00000356864	0	0	0	0	0.074	0	0	0.454	0.473
GSTK1	GSTO1	9606.ENSP00000431049	9606.ENSP00000358727	0	0	0	0	0.081	0	0	0.699	0.711
GSTK1	GSTM4	9606.ENSP00000431049	9606.ENSP00000358851	0	0	0	0	0.081	0	0	0.538	0.557
GSTK1	SCP2	9606.ENSP00000431049	9606.ENSP00000360569	0	0	0	0	0.083	0	0.500	0.232	0.617
GSTK1	HSD17B4	9606.ENSP00000431049	9606.ENSP00000411960	0	0	0	0	0.049	0	0.500	0.183	0.577
GSTK1	SOD2	9606.ENSP00000431049	9606.ENSP00000446252	0	0	0	0	0.107	0	0	0.357	0.402
GSTK1	GSTZ1	9606.ENSP00000431049	9606.ENSP00000451976	0	0	0	0	0.084	0	0	0.644	0.661
GSTM4	MGST3	9606.ENSP00000358851	9606.ENSP00000356864	0	0	0	0	0.053	0	0.650	0.618	0.862
GSTM4	GSTO1	9606.ENSP00000358851	9606.ENSP00000358727	0	0	0	0	0.106	0	0.650	0.513	0.834
GSTM4	GSTZ1	9606.ENSP00000358851	9606.ENSP00000451976	0	0	0	0	0.060	0.074	0.500	0.840	0.921
GSTO1	PRDX1	9606.ENSP00000358727	9606.ENSP00000262746	0	0	0	0	0.194	0	0	0.490	0.572
GSTO1	PRDX3	9606.ENSP00000358727	9606.ENSP00000298510	0	0	0	0	0.126	0	0	0.362	0.419
GSTO1	MICOS10	9606.ENSP00000358727	9606.ENSP00000325562	0	0	0	0	0.063	0	0	0.388	0.402
GSTO1	MT-ND4	9606.ENSP00000358727	9606.ENSP00000354961	0	0	0	0	0.058	0.547	0	0.042	0.555
GSTO1	MGST3	9606.ENSP00000358727	9606.ENSP00000356864	0	0	0	0	0.111	0	0.650	0.528	0.840
GSTO1	LDHA	9606.ENSP00000358727	9606.ENSP00000445175	0	0	0	0	0.144	0.185	0	0.351	0.507
GSTO1	NDUFA5	9606.ENSP00000358727	9606.ENSP00000417142	0	0	0	0	0.055	0.523	0	0.156	0.586
GSTO1	GSTZ1	9606.ENSP00000358727	9606.ENSP00000451976	0	0	0	0.661	0.115	0.052	0.500	0.505	0.765
GSTZ1	TMED8	9606.ENSP00000451976	9606.ENSP00000216468	0	0	0	0	0.055	0.058	0	0.413	0.432
GSTZ1	MGST3	9606.ENSP00000451976	9606.ENSP00000356864	0	0	0	0	0.042	0.058	0	0.514	0.523
GUSB	SDHA	9606.ENSP00000302728	9606.ENSP00000264932	0	0	0	0	0.065	0	0	0.579	0.590
GUSB	TALDO1	9606.ENSP00000302728	9606.ENSP00000321259	0.046	0	0	0	0.300	0	0	0.272	0.472
GUSB	H6PD	9606.ENSP00000302728	9606.ENSP00000473348	0.045	0	0	0	0.049	0	0.124	0.527	0.573
GUSB	PGK1	9606.ENSP00000302728	9606.ENSP00000362413	0	0	0	0	0.045	0	0	0.655	0.656
GUSB	MPI	9606.ENSP00000302728	9606.ENSP00000318318	0.105	0	0	0	0.055	0	0	0.757	0.777
GYG1	PYGM	9606.ENSP00000340736	9606.ENSP00000164139	0	0	0	0	0.119	0	0.750	0.676	0.922
GYG1	PYGB	9606.ENSP00000340736	9606.ENSP00000216962	0	0	0	0	0.101	0.484	0.750	0.656	0.954
GYG1	UGP2	9606.ENSP00000340736	9606.ENSP00000338703	0	0	0	0	0.089	0	0.900	0.562	0.956
GYG1	PGM1	9606.ENSP00000340736	9606.ENSP00000360124	0	0	0	0	0.154	0.053	0	0.479	0.546
H6PD	PYGM	9606.ENSP00000473348	9606.ENSP00000164139	0.226	0	0	0	0.118	0	0	0.717	0.790
H6PD	PCK2	9606.ENSP00000473348	9606.ENSP00000216780	0	0	0	0	0.081	0	0	0.615	0.631
H6PD	PYGB	9606.ENSP00000473348	9606.ENSP00000216962	0.226	0	0	0	0.123	0	0	0.718	0.792
H6PD	IDH3G	9606.ENSP00000473348	9606.ENSP00000217901	0	0	0	0	0.080	0	0	0.491	0.512
H6PD	PDHX	9606.ENSP00000473348	9606.ENSP00000227868	0	0	0	0	0.080	0.053	0	0.424	0.455
H6PD	TPI1	9606.ENSP00000473348	9606.ENSP00000229270	0.106	0	0	0	0.152	0	0.800	0.718	0.951
H6PD	PRDX1	9606.ENSP00000473348	9606.ENSP00000262746	0	0	0	0	0.115	0.071	0	0.502	0.555
H6PD	MECR	9606.ENSP00000473348	9606.ENSP00000263702	0	0	0	0	0.459	0	0	0.163	0.528
H6PD	SDHA	9606.ENSP00000473348	9606.ENSP00000264932	0.071	0	0	0	0.150	0	0	0.542	0.607
H6PD	PRDX5	9606.ENSP00000473348	9606.ENSP00000265462	0.041	0	0	0	0.140	0	0	0.343	0.411
H6PD	PFKL	9606.ENSP00000473348	9606.ENSP00000269848	0.055	0	0	0	0.053	0	0.278	0.626	0.726
H6PD	OXSM	9606.ENSP00000473348	9606.ENSP00000280701	0.112	0	0	0	0.229	0	0	0.411	0.561
H6PD	RPIA	9606.ENSP00000473348	9606.ENSP00000283646	0.285	0	0	0	0.104	0	0	0.761	0.834
H6PD	HK2	9606.ENSP00000473348	9606.ENSP00000290573	0	0	0	0	0.121	0	0.830	0.708	0.952
H6PD	PRDX3	9606.ENSP00000473348	9606.ENSP00000298510	0	0	0	0	0.221	0.071	0	0.431	0.553
H6PD	PDHB	9606.ENSP00000473348	9606.ENSP00000307241	0	0	0	0	0.067	0	0.800	0.467	0.891
H6PD	TYMS	9606.ENSP00000473348	9606.ENSP00000315644	0	0	0	0	0	0	0	0.421	0.421
H6PD	MPI	9606.ENSP00000473348	9606.ENSP00000318318	0	0	0	0	0.127	0	0.154	0.788	0.830
H6PD	PKM	9606.ENSP00000473348	9606.ENSP00000320171	0.260	0	0	0	0.146	0	0.800	0.713	0.958
H6PD	ME2	9606.ENSP00000473348	9606.ENSP00000321070	0.110	0	0	0	0.082	0	0	0.525	0.578
H6PD	TALDO1	9606.ENSP00000473348	9606.ENSP00000321259	0.285	0	0	0	0.685	0.256	0	0.811	0.964
H6PD	HADHB	9606.ENSP00000473348	9606.ENSP00000325136	0	0	0	0	0.085	0	0	0.432	0.458
H6PD	MICOS10	9606.ENSP00000473348	9606.ENSP00000325562	0	0	0	0	0.429	0	0	0	0.429
H6PD	UGP2	9606.ENSP00000473348	9606.ENSP00000338703	0	0	0	0	0.112	0	0	0.590	0.621
H6PD	PPA2	9606.ENSP00000473348	9606.ENSP00000343885	0.118	0	0	0	0.148	0	0	0.412	0.520
H6PD	MT-ND4	9606.ENSP00000473348	9606.ENSP00000354961	0.090	0	0	0	0.250	0	0	0.239	0.435
H6PD	PPOX	9606.ENSP00000473348	9606.ENSP00000356978	0	0	0	0	0.403	0	0	0	0.403
H6PD	OAT	9606.ENSP00000473348	9606.ENSP00000357838	0.045	0	0	0	0.042	0	0	0.438	0.441
H6PD	PGM1	9606.ENSP00000473348	9606.ENSP00000360124	0.236	0	0	0	0.307	0.190	0	0.543	0.778
H6PD	SCP2	9606.ENSP00000473348	9606.ENSP00000360569	0	0	0	0	0.068	0	0	0.389	0.407
H6PD	PPA1	9606.ENSP00000473348	9606.ENSP00000362329	0.118	0	0	0	0.138	0	0	0.467	0.560
H6PD	PGK1	9606.ENSP00000473348	9606.ENSP00000362413	0.042	0	0	0	0.073	0	0	0.799	0.806
H6PD	HMGCL	9606.ENSP00000473348	9606.ENSP00000363614	0.041	0	0	0	0.073	0.095	0	0.412	0.464
H6PD	PDHA1	9606.ENSP00000473348	9606.ENSP00000369134	0	0	0	0	0.211	0.073	0	0.521	0.619
H6PD	PFKP	9606.ENSP00000473348	9606.ENSP00000370517	0.055	0	0	0	0.053	0	0.278	0.574	0.688
H6PD	SUCLG1	9606.ENSP00000473348	9606.ENSP00000377446	0	0	0	0	0.143	0	0	0.446	0.505
H6PD	OGDH	9606.ENSP00000473348	9606.ENSP00000388183	0	0	0	0	0.114	0	0	0.575	0.607
H6PD	TKT	9606.ENSP00000473348	9606.ENSP00000391481	0.266	0	0	0	0.337	0.294	0	0.846	0.940
H6PD	SUCLG2	9606.ENSP00000473348	9606.ENSP00000419325	0.042	0	0	0	0.098	0	0	0.405	0.441
H6PD	LDHA	9606.ENSP00000473348	9606.ENSP00000445175	0	0	0	0	0.106	0	0.800	0.828	0.966
H6PD	SOD2	9606.ENSP00000473348	9606.ENSP00000446252	0.057	0	0	0	0.087	0	0	0.562	0.590
H6PD	SUCLA2	9606.ENSP00000473348	9606.ENSP00000494360	0.042	0	0	0	0.076	0	0	0.424	0.446
H6PD	NAGK	9606.ENSP00000473348	9606.ENSP00000477639	0.263	0	0	0	0.120	0	0.414	0.164	0.640
H6PD	PC	9606.ENSP00000473348	9606.ENSP00000498994	0	0	0	0	0.058	0	0	0.667	0.673
H6PD	HK1	9606.ENSP00000473348	9606.ENSP00000494664	0	0	0	0	0.134	0	0.830	0.644	0.943
HADHA	OXCT1	9606.ENSP00000370023	9606.ENSP00000196371	0.059	0	0	0	0.129	0	0.276	0.495	0.661
HADHA	UQCRC1	9606.ENSP00000370023	9606.ENSP00000203407	0	0	0	0	0.182	0.162	0	0.291	0.472
HADHA	TPI1	9606.ENSP00000370023	9606.ENSP00000229270	0	0	0	0	0.093	0	0.114	0.326	0.411
HADHA	MRPS25	9606.ENSP00000370023	9606.ENSP00000253686	0	0	0	0	0.138	0.283	0	0.139	0.421
HADHA	MECR	9606.ENSP00000370023	9606.ENSP00000263702	0.048	0	0	0	0.122	0.071	0.909	0.332	0.944
HADHA	SDHA	9606.ENSP00000370023	9606.ENSP00000264932	0	0	0	0	0.326	0	0	0.470	0.627
HADHA	MCCC1	9606.ENSP00000370023	9606.ENSP00000265594	0.057	0	0	0	0.158	0.066	0.920	0.271	0.949
HADHA	OXSM	9606.ENSP00000370023	9606.ENSP00000280701	0.075	0	0	0	0.215	0	0	0.348	0.485
HADHA	PRDX3	9606.ENSP00000370023	9606.ENSP00000298510	0	0	0	0	0.179	0.166	0	0.226	0.425
HADHA	PDHB	9606.ENSP00000370023	9606.ENSP00000307241	0	0	0	0	0.193	0.162	0	0.369	0.536
HADHA	HADHB	9606.ENSP00000370023	9606.ENSP00000325136	0.054	0.126	0.206	0	0.912	0.991	0.967	0.999	0.999
HADHA	NDUFA4	9606.ENSP00000370023	9606.ENSP00000339720	0	0	0	0	0.098	0.330	0	0.196	0.472
HADHA	MCCC2	9606.ENSP00000370023	9606.ENSP00000343657	0.059	0	0	0	0.206	0	0.924	0.299	0.955
HADHA	SCP2	9606.ENSP00000370023	9606.ENSP00000360569	0.054	0	0	0	0.395	0.113	0.640	0.309	0.850
HADHA	HMGCL	9606.ENSP00000370023	9606.ENSP00000363614	0.059	0	0	0	0.258	0	0.278	0.541	0.738
HADHA	PDHA1	9606.ENSP00000370023	9606.ENSP00000369134	0	0	0	0	0.261	0.183	0	0.389	0.599
HADHA	SUCLG2	9606.ENSP00000370023	9606.ENSP00000419325	0	0	0	0	0.142	0.096	0	0.311	0.419
HADHA	PC	9606.ENSP00000370023	9606.ENSP00000498994	0.061	0	0	0	0.059	0	0.129	0.368	0.449
HADHA	SUCLA2	9606.ENSP00000370023	9606.ENSP00000494360	0	0	0	0	0.136	0.052	0	0.432	0.495
HADHA	SOD2	9606.ENSP00000370023	9606.ENSP00000446252	0	0	0	0	0.082	0.315	0	0.274	0.504
HADHA	SUCLG1	9606.ENSP00000370023	9606.ENSP00000377446	0	0	0	0	0.284	0	0	0.427	0.572
HADHA	HSD17B4	9606.ENSP00000370023	9606.ENSP00000411960	0.054	0	0	0	0.225	0.067	0.216	0.573	0.729
HADHA	OGDH	9606.ENSP00000370023	9606.ENSP00000388183	0	0	0	0	0.510	0.162	0	0.476	0.766
HADHB	OXCT1	9606.ENSP00000325136	9606.ENSP00000196371	0.079	0	0	0	0.205	0	0.864	0.502	0.944
HADHB	UQCRC1	9606.ENSP00000325136	9606.ENSP00000203407	0.043	0	0	0	0.296	0.143	0	0.340	0.568
HADHB	MVK	9606.ENSP00000325136	9606.ENSP00000228510	0.093	0	0	0	0.060	0	0.449	0.402	0.681
HADHB	TPI1	9606.ENSP00000325136	9606.ENSP00000229270	0	0	0	0	0.126	0	0	0.448	0.497
HADHB	MECR	9606.ENSP00000325136	9606.ENSP00000263702	0.055	0	0	0	0.134	0	0.900	0.269	0.932
HADHB	SDHA	9606.ENSP00000325136	9606.ENSP00000264932	0	0	0	0	0.348	0	0.449	0.449	0.785
HADHB	MCCC1	9606.ENSP00000325136	9606.ENSP00000265594	0.061	0	0	0	0.223	0.091	0.112	0.364	0.557
HADHB	OXSM	9606.ENSP00000325136	9606.ENSP00000280701	0	0	0	0	0.082	0	0.136	0.400	0.482
HADHB	PRDX3	9606.ENSP00000325136	9606.ENSP00000298510	0	0	0	0	0.289	0.138	0	0.254	0.503
HADHB	PDHB	9606.ENSP00000325136	9606.ENSP00000307241	0.072	0	0	0	0.237	0.152	0	0.435	0.615
HADHB	ME2	9606.ENSP00000325136	9606.ENSP00000321070	0.050	0	0	0	0.084	0	0.286	0.160	0.408
HADHB	PC	9606.ENSP00000325136	9606.ENSP00000498994	0	0	0	0	0.053	0	0	0.424	0.432
HADHB	SOAT1	9606.ENSP00000325136	9606.ENSP00000356591	0	0	0	0	0.074	0	0	0.473	0.492
HADHB	MCCC2	9606.ENSP00000325136	9606.ENSP00000343657	0.079	0	0	0	0.259	0	0.177	0.306	0.558
HADHB	PDHA1	9606.ENSP00000325136	9606.ENSP00000369134	0	0	0	0	0.234	0.162	0	0.398	0.580
HADHB	PGK1	9606.ENSP00000325136	9606.ENSP00000362413	0	0	0	0	0.152	0	0	0.583	0.632
HADHB	OGDH	9606.ENSP00000325136	9606.ENSP00000388183	0	0	0	0	0.514	0.142	0	0.401	0.728
HADHB	SCP2	9606.ENSP00000325136	9606.ENSP00000360569	0.057	0	0	0.560	0.470	0.091	0.248	0.489	0.793
HADHB	SUCLG2	9606.ENSP00000325136	9606.ENSP00000419325	0.057	0	0	0	0.209	0	0.819	0.324	0.897
HADHB	SUCLA2	9606.ENSP00000325136	9606.ENSP00000494360	0.057	0	0	0	0.256	0	0.819	0.408	0.915
HADHB	HSD17B4	9606.ENSP00000325136	9606.ENSP00000411960	0.057	0	0	0	0.367	0.050	0.248	0.861	0.930
HADHB	SUCLG1	9606.ENSP00000325136	9606.ENSP00000377446	0.098	0	0	0	0.405	0.066	0.800	0.500	0.940
HADHB	HMGCL	9606.ENSP00000325136	9606.ENSP00000363614	0.072	0	0	0	0.345	0	0.900	0.577	0.970
HK1	PYGM	9606.ENSP00000494664	9606.ENSP00000164139	0	0	0	0	0.142	0.071	0	0.433	0.509
HK1	PYGB	9606.ENSP00000494664	9606.ENSP00000216962	0	0	0	0	0.165	0.071	0	0.452	0.538
HK1	PPIF	9606.ENSP00000494664	9606.ENSP00000225174	0	0	0	0	0.053	0	0	0.456	0.463
HK1	TPI1	9606.ENSP00000494664	9606.ENSP00000229270	0	0	0	0	0.149	0	0	0.757	0.784
HK1	PFKL	9606.ENSP00000494664	9606.ENSP00000269848	0	0	0	0	0.163	0	0.900	0.753	0.977
HK1	RPIA	9606.ENSP00000494664	9606.ENSP00000283646	0	0	0	0	0.163	0	0	0.338	0.423
HK1	HK2	9606.ENSP00000494664	9606.ENSP00000290573	0	0	0.052	0.977	0.049	0.800	0.900	0.058	0.979
HK1	MPI	9606.ENSP00000494664	9606.ENSP00000318318	0.046	0	0	0	0.058	0	0.913	0.452	0.951
HK1	PKM	9606.ENSP00000494664	9606.ENSP00000320171	0	0	0	0	0.251	0.061	0	0.691	0.764
HK1	TALDO1	9606.ENSP00000494664	9606.ENSP00000321259	0	0	0	0	0.098	0	0.800	0.388	0.880
HK1	UGP2	9606.ENSP00000494664	9606.ENSP00000338703	0	0	0	0	0.118	0	0	0.491	0.532
HK1	PGM1	9606.ENSP00000494664	9606.ENSP00000360124	0	0	0	0	0.148	0	0.179	0.423	0.561
HK1	PGK1	9606.ENSP00000494664	9606.ENSP00000362413	0	0	0	0	0.206	0	0	0.615	0.682
HK1	PDHA1	9606.ENSP00000494664	9606.ENSP00000369134	0	0	0	0	0.114	0.065	0	0.353	0.418
HK1	PFKP	9606.ENSP00000494664	9606.ENSP00000370517	0	0	0	0	0.279	0	0.900	0.947	0.995
HK1	OGDH	9606.ENSP00000494664	9606.ENSP00000388183	0	0	0	0	0.072	0	0	0.443	0.462
HK1	TKT	9606.ENSP00000494664	9606.ENSP00000391481	0	0.001	0	0	0.109	0	0.800	0.390	0.881
HK1	LDHA	9606.ENSP00000494664	9606.ENSP00000445175	0	0	0	0	0.133	0.052	0	0.682	0.716
HK1	NAGK	9606.ENSP00000494664	9606.ENSP00000477639	0	0	0	0	0.127	0	0	0.479	0.526
HK1	PC	9606.ENSP00000494664	9606.ENSP00000498994	0	0	0	0	0.093	0	0	0.487	0.515
HK2	PYGM	9606.ENSP00000290573	9606.ENSP00000164139	0	0	0	0	0.142	0.045	0	0.404	0.469
HK2	PYGB	9606.ENSP00000290573	9606.ENSP00000216962	0	0	0	0	0.142	0.045	0	0.392	0.459
HK2	PPIF	9606.ENSP00000290573	9606.ENSP00000225174	0	0	0	0	0.090	0	0	0.712	0.727
HK2	TPI1	9606.ENSP00000290573	9606.ENSP00000229270	0	0	0	0	0.183	0	0	0.614	0.672
HK2	PFKL	9606.ENSP00000290573	9606.ENSP00000269848	0	0	0	0	0.140	0	0.900	0.629	0.965
HK2	RPIA	9606.ENSP00000290573	9606.ENSP00000283646	0	0	0	0	0.162	0	0	0.342	0.425
HK2	OGDH	9606.ENSP00000290573	9606.ENSP00000388183	0	0	0	0	0.047	0	0	0.421	0.425
HK2	UGP2	9606.ENSP00000290573	9606.ENSP00000338703	0	0	0	0	0.117	0	0	0.453	0.496
HK2	PDHA1	9606.ENSP00000290573	9606.ENSP00000369134	0	0	0	0	0.120	0.065	0	0.447	0.505
HK2	PC	9606.ENSP00000290573	9606.ENSP00000498994	0	0	0	0	0.093	0	0	0.507	0.534
HK2	PGM1	9606.ENSP00000290573	9606.ENSP00000360124	0	0	0	0	0.159	0	0.179	0.390	0.542
HK2	PGK1	9606.ENSP00000290573	9606.ENSP00000362413	0	0	0	0	0.271	0	0	0.662	0.743
HK2	LDHA	9606.ENSP00000290573	9606.ENSP00000445175	0	0	0	0	0.135	0.052	0	0.828	0.847
HK2	PKM	9606.ENSP00000290573	9606.ENSP00000320171	0	0	0	0	0.226	0.061	0	0.818	0.856
HK2	TALDO1	9606.ENSP00000290573	9606.ENSP00000321259	0	0	0	0	0.081	0	0.800	0.437	0.887
HK2	TKT	9606.ENSP00000290573	9606.ENSP00000391481	0	0.001	0	0	0.122	0	0.800	0.446	0.894
HK2	MPI	9606.ENSP00000290573	9606.ENSP00000318318	0.046	0	0	0	0.049	0	0.913	0.255	0.933
HK2	PFKP	9606.ENSP00000290573	9606.ENSP00000370517	0	0	0	0	0.151	0	0.900	0.631	0.965
HMGCL	OXCT1	9606.ENSP00000363614	9606.ENSP00000196371	0.111	0	0	0	0.244	0	0.900	0.732	0.979
HMGCL	PCK2	9606.ENSP00000363614	9606.ENSP00000216780	0	0	0	0	0.088	0	0	0.372	0.403
HMGCL	IDH3G	9606.ENSP00000363614	9606.ENSP00000217901	0.102	0	0	0	0.662	0.067	0.421	0.362	0.876
HMGCL	MVK	9606.ENSP00000363614	9606.ENSP00000228510	0.095	0	0	0	0.054	0	0.792	0.362	0.871
HMGCL	TPI1	9606.ENSP00000363614	9606.ENSP00000229270	0.053	0	0	0	0.063	0	0	0.434	0.454
HMGCL	SDHA	9606.ENSP00000363614	9606.ENSP00000264932	0	0	0	0	0.117	0	0.154	0.412	0.523
HMGCL	MCCC1	9606.ENSP00000363614	9606.ENSP00000265594	0.102	0.126	0	0	0.416	0	0	0.516	0.749
HMGCL	OXSM	9606.ENSP00000363614	9606.ENSP00000280701	0	0	0	0	0.158	0	0	0.420	0.491
HMGCL	PDHB	9606.ENSP00000363614	9606.ENSP00000307241	0	0	0	0	0.085	0.056	0	0.390	0.428
HMGCL	TALDO1	9606.ENSP00000363614	9606.ENSP00000321259	0.057	0	0	0	0.055	0	0	0.428	0.445
HMGCL	MCCC2	9606.ENSP00000363614	9606.ENSP00000343657	0.111	0.056	0	0	0.304	0.272	0.585	0.568	0.906
HMGCL	OAT	9606.ENSP00000363614	9606.ENSP00000357838	0.120	0.054	0	0	0.042	0	0	0.442	0.496
HMGCL	SCP2	9606.ENSP00000363614	9606.ENSP00000360569	0	0	0	0	0.147	0	0.500	0.284	0.668
HMGCL	PC	9606.ENSP00000363614	9606.ENSP00000498994	0.120	0.013	0	0	0.131	0	0	0.505	0.589
HMGCL	SOD2	9606.ENSP00000363614	9606.ENSP00000446252	0	0	0	0	0.115	0	0	0.606	0.637
HMGCL	HSD17B4	9606.ENSP00000363614	9606.ENSP00000411960	0	0	0	0	0.116	0	0.500	0.286	0.657
HMGCL	SUCLA2	9606.ENSP00000363614	9606.ENSP00000494360	0.079	0	0	0	0.067	0.069	0.800	0.284	0.864
HMGCL	SUCLG2	9606.ENSP00000363614	9606.ENSP00000419325	0.079	0	0	0	0.108	0.069	0.800	0.277	0.869
HMGCL	SUCLG1	9606.ENSP00000363614	9606.ENSP00000377446	0.109	0	0	0	0.181	0	0.800	0.393	0.899
HSD17B11	OXSM	9606.ENSP00000351035	9606.ENSP00000280701	0.057	0	0	0	0.193	0.168	0.154	0.127	0.447
HSD17B11	HSD17B4	9606.ENSP00000351035	9606.ENSP00000411960	0.044	0	0	0	0.122	0	0.182	0.459	0.579
HSD17B4	PDHX	9606.ENSP00000411960	9606.ENSP00000227868	0.050	0	0	0	0.102	0.162	0.281	0.101	0.453
HSD17B4	MECR	9606.ENSP00000411960	9606.ENSP00000263702	0.045	0	0	0	0.143	0.085	0.169	0.202	0.413
HSD17B4	PDHB	9606.ENSP00000411960	9606.ENSP00000307241	0.045	0	0	0	0.107	0	0.352	0.124	0.451
HSD17B4	MCCC2	9606.ENSP00000411960	9606.ENSP00000343657	0.079	0	0	0	0.244	0	0	0.286	0.460
HSD17B4	SCP2	9606.ENSP00000411960	9606.ENSP00000360569	0	0	0	0.581	0.616	0.258	0.900	0.572	0.986
IDH3G	UQCRC1	9606.ENSP00000217901	9606.ENSP00000203407	0	0	0	0	0.491	0.110	0	0.286	0.648
IDH3G	PCK2	9606.ENSP00000217901	9606.ENSP00000216780	0	0	0	0	0.067	0	0	0.434	0.449
IDH3G	SCP2	9606.ENSP00000217901	9606.ENSP00000360569	0	0	0	0	0.049	0.305	0	0.185	0.414
IDH3G	TKT	9606.ENSP00000217901	9606.ENSP00000391481	0.059	0	0	0	0.158	0	0	0.322	0.416
IDH3G	LDHA	9606.ENSP00000217901	9606.ENSP00000445175	0.058	0	0	0	0.122	0.095	0	0.335	0.436
IDH3G	PC	9606.ENSP00000217901	9606.ENSP00000498994	0.060	0	0	0	0.069	0	0	0.414	0.443
IDH3G	PGK1	9606.ENSP00000217901	9606.ENSP00000362413	0.045	0	0	0	0.144	0	0	0.374	0.443
IDH3G	OAT	9606.ENSP00000217901	9606.ENSP00000357838	0.115	0	0	0	0.116	0.059	0	0.352	0.459
IDH3G	PFKP	9606.ENSP00000217901	9606.ENSP00000370517	0.050	0	0	0	0.099	0.091	0	0.406	0.476
IDH3G	TPI1	9606.ENSP00000217901	9606.ENSP00000229270	0.041	0	0	0	0.101	0	0	0.466	0.500
IDH3G	PFKL	9606.ENSP00000217901	9606.ENSP00000269848	0.050	0	0	0	0.114	0.091	0	0.443	0.517
IDH3G	TIMM10	9606.ENSP00000217901	9606.ENSP00000257245	0	0	0	0	0.109	0	0.500	0	0.535
IDH3G	PDHX	9606.ENSP00000217901	9606.ENSP00000227868	0	0	0	0	0.150	0.091	0.352	0.307	0.607
IDH3G	SLC25A6	9606.ENSP00000217901	9606.ENSP00000370808	0	0	0	0	0.172	0.072	0.500	0.111	0.613
IDH3G	PDHA1	9606.ENSP00000217901	9606.ENSP00000369134	0.056	0	0	0	0.191	0.085	0	0.519	0.619
IDH3G	PKM	9606.ENSP00000217901	9606.ENSP00000320171	0.061	0	0	0	0.115	0	0	0.596	0.635
IDH3G	MRPS36	9606.ENSP00000217901	9606.ENSP00000256441	0	0	0	0	0.083	0	0.540	0.223	0.643
IDH3G	SDHA	9606.ENSP00000217901	9606.ENSP00000264932	0.114	0	0	0	0.168	0.111	0.152	0.583	0.726
IDH3G	SUCLG2	9606.ENSP00000217901	9606.ENSP00000419325	0.056	0.004	0	0	0.149	0.101	0.540	0.498	0.803
IDH3G	PDHB	9606.ENSP00000217901	9606.ENSP00000307241	0	0	0	0	0.201	0.099	0.136	0.740	0.817
IDH3G	SUCLA2	9606.ENSP00000217901	9606.ENSP00000494360	0.056	0.004	0	0	0.297	0.101	0.540	0.659	0.889
IDH3G	SUCLG1	9606.ENSP00000217901	9606.ENSP00000377446	0.069	0.009	0	0	0.268	0.138	0.540	0.688	0.900
IDH3G	OGDH	9606.ENSP00000217901	9606.ENSP00000388183	0.042	0	0	0	0.187	0.068	0.937	0.700	0.983
IDI1	MVK	9606.ENSP00000370748	9606.ENSP00000228510	0.120	0	0	0	0.251	0	0.154	0.809	0.879
IDI1	PARK7	9606.ENSP00000370748	9606.ENSP00000340278	0	0	0	0	0.042	0	0.792	0	0.792
IDI1	LSS	9606.ENSP00000370748	9606.ENSP00000380837	0.071	0	0	0	0.454	0	0.792	0.716	0.966
KCTD14	NDUFC2-KCTD14	9606.ENSP00000316482	9606.ENSP00000478766	0	0	0	0	0	0	0	0.437	0.437
L3HYPDH	TMED8	9606.ENSP00000247194	9606.ENSP00000216468	0.056	0	0	0	0.042	0	0.449	0.204	0.550
L3HYPDH	TSPO	9606.ENSP00000247194	9606.ENSP00000379563	0	0	0	0	0.536	0	0	0	0.536
LDHA	PYGM	9606.ENSP00000445175	9606.ENSP00000164139	0	0	0	0	0.113	0	0	0.620	0.648
LDHA	UQCRC1	9606.ENSP00000445175	9606.ENSP00000203407	0	0	0	0	0.175	0.094	0	0.340	0.464
LDHA	PCK2	9606.ENSP00000445175	9606.ENSP00000216780	0	0	0	0	0.054	0	0.278	0.503	0.631
LDHA	PYGB	9606.ENSP00000445175	9606.ENSP00000216962	0	0	0	0	0.118	0	0	0.440	0.485
LDHA	PDHX	9606.ENSP00000445175	9606.ENSP00000227868	0.057	0	0	0	0.218	0.074	0	0.411	0.544
LDHA	TPI1	9606.ENSP00000445175	9606.ENSP00000229270	0.057	0	0	0	0.489	0.210	0	0.798	0.913
LDHA	PRDX1	9606.ENSP00000445175	9606.ENSP00000262746	0.044	0	0	0	0.192	0.085	0	0.398	0.518
LDHA	SDHA	9606.ENSP00000445175	9606.ENSP00000264932	0.091	0	0	0	0.388	0.076	0	0.531	0.726
LDHA	PRDX5	9606.ENSP00000445175	9606.ENSP00000265462	0	0	0	0	0.128	0.186	0	0.248	0.420
LDHA	PFKL	9606.ENSP00000445175	9606.ENSP00000269848	0.054	0	0	0	0.111	0	0	0.707	0.732
LDHA	RPIA	9606.ENSP00000445175	9606.ENSP00000283646	0	0	0	0	0.110	0	0	0.446	0.486
LDHA	PRDX3	9606.ENSP00000445175	9606.ENSP00000298510	0.044	0	0	0	0.180	0.085	0	0.300	0.431
LDHA	PDHB	9606.ENSP00000445175	9606.ENSP00000307241	0	0	0	0	0.099	0.095	0.908	0.541	0.961
LDHA	TYMS	9606.ENSP00000445175	9606.ENSP00000315644	0.045	0	0	0	0.149	0	0	0.346	0.422
LDHA	PKM	9606.ENSP00000445175	9606.ENSP00000320171	0.057	0	0	0	0.436	0.473	0.921	0.890	0.997
LDHA	ME2	9606.ENSP00000445175	9606.ENSP00000321070	0.058	0	0	0	0.169	0.065	0.918	0.755	0.982
LDHA	TALDO1	9606.ENSP00000445175	9606.ENSP00000321259	0.042	0	0	0	0.118	0.187	0.800	0.530	0.923
LDHA	PARK7	9606.ENSP00000445175	9606.ENSP00000340278	0.050	0	0	0	0.134	0.197	0	0.223	0.419
LDHA	MCCC2	9606.ENSP00000445175	9606.ENSP00000343657	0.053	0	0	0	0.306	0	0.287	0.155	0.551
LDHA	OAT	9606.ENSP00000445175	9606.ENSP00000357838	0.061	0	0	0	0.156	0	0	0.338	0.430
LDHA	PGM1	9606.ENSP00000445175	9606.ENSP00000360124	0	0	0	0	0.309	0.223	0	0.517	0.719
LDHA	PGK1	9606.ENSP00000445175	9606.ENSP00000362413	0.054	0	0	0	0.560	0.188	0	0.801	0.923
LDHA	PDHA1	9606.ENSP00000445175	9606.ENSP00000369134	0.045	0	0	0	0.088	0.228	0	0.622	0.712
LDHA	PFKP	9606.ENSP00000445175	9606.ENSP00000370517	0.054	0	0	0	0.263	0	0	0.790	0.841
LDHA	SUCLG1	9606.ENSP00000445175	9606.ENSP00000377446	0.091	0	0	0	0.391	0.093	0.402	0.410	0.790
LDHA	OGDH	9606.ENSP00000445175	9606.ENSP00000388183	0.058	0	0	0	0.199	0.061	0	0.500	0.598
LDHA	TKT	9606.ENSP00000445175	9606.ENSP00000391481	0.042	0	0	0	0.141	0.125	0.800	0.564	0.925
LDHA	SUCLG2	9606.ENSP00000445175	9606.ENSP00000419325	0.058	0	0	0	0.301	0.208	0.275	0.284	0.680
LDHA	SOD2	9606.ENSP00000445175	9606.ENSP00000446252	0.060	0	0	0	0.110	0.052	0	0.439	0.496
LDHA	SUCLA2	9606.ENSP00000445175	9606.ENSP00000494360	0.058	0	0	0	0.309	0.071	0.275	0.358	0.668
LDHA	PC	9606.ENSP00000445175	9606.ENSP00000498994	0.043	0	0	0	0.116	0.069	0.937	0.622	0.978
LSS	TECR	9606.ENSP00000380837	9606.ENSP00000215567	0	0	0	0	0.050	0	0	0.456	0.461
LSS	MVK	9606.ENSP00000380837	9606.ENSP00000228510	0	0	0	0	0.379	0	0	0.717	0.817
MCCC1	OXCT1	9606.ENSP00000265594	9606.ENSP00000196371	0.102	0	0	0	0.237	0	0	0.393	0.548
MCCC1	PDHX	9606.ENSP00000265594	9606.ENSP00000227868	0.054	0	0	0	0.168	0.071	0.217	0.240	0.486
MCCC1	SDHA	9606.ENSP00000265594	9606.ENSP00000264932	0	0	0	0	0.170	0	0	0.380	0.464
MCCC1	MMUT	9606.ENSP00000265594	9606.ENSP00000274813	0	0	0	0	0.196	0.094	0	0.307	0.452
MCCC1	SUCLA2	9606.ENSP00000265594	9606.ENSP00000494360	0	0	0	0	0.114	0.241	0	0.348	0.524
MCCC1	PDHB	9606.ENSP00000265594	9606.ENSP00000307241	0.097	0	0	0	0.126	0.297	0.130	0.224	0.557
MCCC1	OXSM	9606.ENSP00000265594	9606.ENSP00000280701	0.115	0	0.245	0	0.426	0	0	0.313	0.701
MCCC1	PC	9606.ENSP00000265594	9606.ENSP00000498994	0.115	0	0.101	0.812	0.048	0.329	0.829	0.278	0.922
MCCC1	MCCC2	9606.ENSP00000265594	9606.ENSP00000343657	0.102	0.831	0	0	0.584	0.923	0.967	0.985	0.999
MCCC2	OXCT1	9606.ENSP00000343657	9606.ENSP00000196371	0.111	0	0	0	0.140	0	0	0.338	0.450
MCCC2	PDHX	9606.ENSP00000343657	9606.ENSP00000227868	0.057	0	0	0	0.157	0	0.414	0.268	0.614
MCCC2	OXSM	9606.ENSP00000343657	9606.ENSP00000280701	0.120	0	0	0	0.124	0	0	0.348	0.454
MCCC2	PDHB	9606.ENSP00000343657	9606.ENSP00000307241	0.099	0	0	0	0.122	0	0.585	0.218	0.708
MCCC2	ME2	9606.ENSP00000343657	9606.ENSP00000321070	0.057	0	0	0	0.106	0	0.449	0.288	0.625
MCCC2	SUCLG2	9606.ENSP00000343657	9606.ENSP00000419325	0.091	0	0	0	0.126	0	0	0.304	0.400
MCCC2	PDHA1	9606.ENSP00000343657	9606.ENSP00000369134	0	0	0	0	0.073	0.163	0	0.294	0.404
MCCC2	MT-ND4	9606.ENSP00000343657	9606.ENSP00000354961	0	0	0	0	0.123	0	0	0.349	0.405
MCCC2	SUCLG1	9606.ENSP00000343657	9606.ENSP00000377446	0.115	0	0	0	0.144	0	0	0.473	0.566
MCCC2	PC	9606.ENSP00000343657	9606.ENSP00000498994	0.120	0.416	0	0	0.141	0.329	0.891	0.469	0.979
ME2	PCK2	9606.ENSP00000321070	9606.ENSP00000216780	0.046	0	0	0	0.054	0	0.152	0.549	0.609
ME2	PDHX	9606.ENSP00000321070	9606.ENSP00000227868	0.051	0	0	0	0.165	0	0.215	0.252	0.473
ME2	TPI1	9606.ENSP00000321070	9606.ENSP00000229270	0	0	0	0	0.124	0	0	0.474	0.520
ME2	SDHA	9606.ENSP00000321070	9606.ENSP00000264932	0.115	0	0	0	0.312	0	0	0.315	0.546
ME2	PFKL	9606.ENSP00000321070	9606.ENSP00000269848	0.091	0	0	0	0.080	0	0	0.379	0.435
ME2	RPIA	9606.ENSP00000321070	9606.ENSP00000283646	0	0	0	0	0.048	0	0	0.491	0.495
ME2	PDHB	9606.ENSP00000321070	9606.ENSP00000307241	0.042	0	0	0	0.159	0	0.925	0.238	0.948
ME2	PKM	9606.ENSP00000321070	9606.ENSP00000320171	0.079	0	0	0	0.141	0.097	0.932	0.333	0.962
ME2	TKT	9606.ENSP00000321070	9606.ENSP00000391481	0.042	0	0	0	0.125	0	0	0.343	0.402
ME2	PFKP	9606.ENSP00000321070	9606.ENSP00000370517	0.091	0	0	0	0.062	0	0	0.377	0.423
ME2	PDHA1	9606.ENSP00000321070	9606.ENSP00000369134	0	0	0	0	0.145	0.153	0	0.295	0.446
ME2	OAT	9606.ENSP00000321070	9606.ENSP00000357838	0.046	0	0	0	0.081	0.162	0	0.350	0.459
ME2	SUCLG2	9606.ENSP00000321070	9606.ENSP00000419325	0.091	0	0	0	0.155	0	0.218	0.253	0.492
ME2	PGK1	9606.ENSP00000321070	9606.ENSP00000362413	0.074	0	0	0	0.163	0.073	0.151	0.306	0.500
ME2	SUCLA2	9606.ENSP00000321070	9606.ENSP00000494360	0.091	0	0	0	0.192	0	0.218	0.254	0.514
ME2	OGDH	9606.ENSP00000321070	9606.ENSP00000388183	0.057	0	0	0	0.191	0	0	0.458	0.551
ME2	TALDO1	9606.ENSP00000321070	9606.ENSP00000321259	0.042	0	0	0	0.554	0	0	0.393	0.718
ME2	SUCLG1	9606.ENSP00000321070	9606.ENSP00000377446	0.115	0	0	0	0.106	0	0.572	0.337	0.745
ME2	PC	9606.ENSP00000321070	9606.ENSP00000498994	0	0	0	0	0.067	0.083	0.965	0.510	0.983
MECR	NDUFC2	9606.ENSP00000263702	9606.ENSP00000281031	0	0	0	0	0.422	0	0	0	0.422
MECR	MT-ND4	9606.ENSP00000263702	9606.ENSP00000354961	0	0	0	0	0.356	0	0	0.158	0.434
MECR	VAT1	9606.ENSP00000263702	9606.ENSP00000347872	0	0	0.155	0.625	0.383	0	0	0	0.456
MECR	PPA2	9606.ENSP00000263702	9606.ENSP00000343885	0	0	0	0	0.120	0.413	0	0.114	0.502
MECR	TMEM14C	9606.ENSP00000263702	9606.ENSP00000444561	0	0	0	0	0.544	0	0	0	0.544
MECR	PPOX	9606.ENSP00000263702	9606.ENSP00000356978	0	0	0	0	0.534	0	0	0.066	0.547
MECR	MICOS10	9606.ENSP00000263702	9606.ENSP00000325562	0	0	0	0	0.663	0	0	0	0.663
MECR	OXSM	9606.ENSP00000263702	9606.ENSP00000280701	0	0	0	0	0.296	0	0.900	0.778	0.983
MEMO1	MVK	9606.ENSP00000295065	9606.ENSP00000228510	0.231	0	0	0	0.054	0	0	0.245	0.402
MICOS10	NDUFC2	9606.ENSP00000325562	9606.ENSP00000281031	0	0	0	0	0.480	0	0	0	0.480
MICOS10	NDUFA5	9606.ENSP00000325562	9606.ENSP00000417142	0	0	0	0	0.286	0	0	0.217	0.417
MICOS10	MT-ND4	9606.ENSP00000325562	9606.ENSP00000354961	0	0	0	0	0.393	0	0	0.082	0.419
MICOS10	OPA1	9606.ENSP00000325562	9606.ENSP00000354681	0	0	0	0	0.056	0.218	0	0.381	0.503
MICOS10	PPOX	9606.ENSP00000325562	9606.ENSP00000356978	0	0	0	0	0.525	0	0	0	0.525
MICOS10	TMEM14C	9606.ENSP00000325562	9606.ENSP00000444561	0	0	0	0	0.545	0	0	0.068	0.558
MICOS10	MTX1	9606.ENSP00000325562	9606.ENSP00000357360	0	0	0	0	0.075	0.363	0.720	0.696	0.943
MICOS10	SAMM50	9606.ENSP00000325562	9606.ENSP00000345445	0	0	0	0	0.119	0.493	0.720	0.765	0.966
MMUT	PCK2	9606.ENSP00000274813	9606.ENSP00000216780	0	0	0	0	0.055	0	0.800	0.158	0.827
MMUT	PGK1	9606.ENSP00000274813	9606.ENSP00000362413	0	0	0	0	0.047	0	0.271	0.211	0.404
MMUT	PC	9606.ENSP00000274813	9606.ENSP00000498994	0	0	0	0	0.047	0	0.800	0.193	0.832
MMUT	SUCLG1	9606.ENSP00000274813	9606.ENSP00000377446	0	0	0	0	0.140	0	0.900	0.364	0.940
MMUT	SUCLA2	9606.ENSP00000274813	9606.ENSP00000494360	0	0	0	0	0.166	0.075	0.900	0.374	0.945
MMUT	SUCLG2	9606.ENSP00000274813	9606.ENSP00000419325	0	0	0	0	0.425	0.095	0.900	0.273	0.957
MPI	TPI1	9606.ENSP00000318318	9606.ENSP00000229270	0.044	0	0	0	0.149	0.283	0	0.559	0.708
MPI	PFKL	9606.ENSP00000318318	9606.ENSP00000269848	0.053	0	0	0	0.062	0	0.900	0.306	0.930
MPI	RPIA	9606.ENSP00000318318	9606.ENSP00000283646	0	0	0	0	0.049	0	0	0.472	0.476
MPI	UGP2	9606.ENSP00000318318	9606.ENSP00000338703	0	0	0	0	0.058	0	0	0.423	0.433
MPI	TKT	9606.ENSP00000318318	9606.ENSP00000391481	0.056	0	0	0	0.125	0	0	0.374	0.438
MPI	TK1	9606.ENSP00000318318	9606.ENSP00000468425	0.226	0	0	0	0.056	0	0	0.349	0.482
MPI	PGM1	9606.ENSP00000318318	9606.ENSP00000360124	0	0	0	0	0.056	0	0	0.612	0.618
MPI	TALDO1	9606.ENSP00000318318	9606.ENSP00000321259	0.060	0	0	0	0.112	0	0.798	0.363	0.878
MPI	PFKP	9606.ENSP00000318318	9606.ENSP00000370517	0.053	0	0	0	0.062	0	0.900	0.318	0.931
MRPL57	MRPS25	9606.ENSP00000310726	9606.ENSP00000253686	0	0	0	0	0.111	0.829	0	0	0.842
MRPS25	TIMM10	9606.ENSP00000253686	9606.ENSP00000257245	0	0	0	0	0.412	0	0	0.170	0.491
MRPS25	SOD2	9606.ENSP00000253686	9606.ENSP00000446252	0	0	0	0	0.126	0.429	0	0.091	0.507
MRPS25	PDHA1	9606.ENSP00000253686	9606.ENSP00000369134	0	0	0	0	0.448	0.163	0	0	0.518
MRPS25	MRPS36	9606.ENSP00000253686	9606.ENSP00000256441	0	0	0	0	0.191	0	0.800	0.228	0.864
MRPS36	PDHX	9606.ENSP00000256441	9606.ENSP00000227868	0	0	0	0	0.057	0	0	0.395	0.405
MRPS36	SUCLG1	9606.ENSP00000256441	9606.ENSP00000377446	0	0	0	0	0.062	0	0.540	0	0.550
MRPS36	SUCLG2	9606.ENSP00000256441	9606.ENSP00000419325	0	0	0	0	0.072	0	0.540	0.041	0.555
MRPS36	SUCLA2	9606.ENSP00000256441	9606.ENSP00000494360	0	0	0	0	0.105	0	0.540	0.163	0.625
MRPS36	OGDH	9606.ENSP00000256441	9606.ENSP00000388183	0	0	0	0	0.049	0.610	0.720	0.246	0.911
MT-ND4	UQCRC1	9606.ENSP00000354961	9606.ENSP00000203407	0	0	0	0	0.067	0.947	0.215	0.343	0.971
MT-ND4	PPIF	9606.ENSP00000354961	9606.ENSP00000225174	0	0	0	0	0.082	0.296	0	0.151	0.404
MT-ND4	NDUFAF1	9606.ENSP00000354961	9606.ENSP00000260361	0	0	0	0	0.062	0	0.967	0.413	0.980
MT-ND4	SDHA	9606.ENSP00000354961	9606.ENSP00000264932	0.045	0	0	0	0.204	0	0.802	0.543	0.922
MT-ND4	NDUFC2	9606.ENSP00000354961	9606.ENSP00000281031	0	0	0	0	0.242	0.969	0.944	0.536	0.999
MT-ND4	TK2	9606.ENSP00000354961	9606.ENSP00000299697	0	0	0	0	0	0.482	0.270	0.190	0.667
MT-ND4	NDUFA4	9606.ENSP00000354961	9606.ENSP00000339720	0	0	0	0	0.093	0	0.944	0.293	0.961
MT-ND4	PPA2	9606.ENSP00000354961	9606.ENSP00000343885	0.120	0	0	0	0.120	0	0	0.295	0.407
MT-ND4	SGPL1	9606.ENSP00000354961	9606.ENSP00000362298	0	0	0	0	0.042	0	0.414	0.066	0.429
MT-ND4	SUCLG1	9606.ENSP00000354961	9606.ENSP00000377446	0.049	0	0	0	0.140	0	0	0.391	0.458
MT-ND4	SOD2	9606.ENSP00000354961	9606.ENSP00000446252	0	0	0	0	0.067	0	0	0.533	0.546
MT-ND4	NDUFC2-KCTD14	9606.ENSP00000354961	9606.ENSP00000478766	0	0	0	0	0	0.482	0.744	0.065	0.865
MT-ND4	NDUFA5	9606.ENSP00000354961	9606.ENSP00000417142	0	0	0	0	0.169	0.991	0.967	0.400	0.999
MT-ND4	NDUFB1	9606.ENSP00000354961	9606.ENSP00000483888	0	0	0	0	0.127	0.959	0.900	0.820	0.999
MTCH2	NDUFA5	9606.ENSP00000303222	9606.ENSP00000417142	0	0	0	0	0.295	0.166	0	0.066	0.403
MTCH2	SGPL1	9606.ENSP00000303222	9606.ENSP00000362298	0	0	0	0	0.057	0.422	0	0	0.432
MTCH2	SLC25A6	9606.ENSP00000303222	9606.ENSP00000370808	0	0	0	0	0.118	0	0	0.535	0.572
MTCH2	SLC25A5	9606.ENSP00000303222	9606.ENSP00000360671	0	0	0	0	0.147	0	0	0.622	0.664
MTX1	TIMM10	9606.ENSP00000357360	9606.ENSP00000257245	0	0	0	0	0.129	0	0	0.494	0.541
MTX1	SAMM50	9606.ENSP00000357360	9606.ENSP00000345445	0	0	0	0	0.115	0.935	0.800	0.917	0.998
MTX1	PGK1	9606.ENSP00000357360	9606.ENSP00000362413	0	0	0	0	0.049	0	0	0.436	0.441
MVK	TPI1	9606.ENSP00000228510	9606.ENSP00000229270	0	0	0	0	0.054	0	0	0.423	0.430
NAGK	RENBP	9606.ENSP00000477639	9606.ENSP00000377303	0	0	0	0	0.067	0	0.900	0.512	0.950
NDUFA4	UQCRC1	9606.ENSP00000339720	9606.ENSP00000203407	0	0	0	0	0.157	0.244	0.540	0.669	0.890
NDUFA4	NDUFAF1	9606.ENSP00000339720	9606.ENSP00000260361	0	0	0	0	0.049	0	0.944	0.366	0.963
NDUFA4	SDHA	9606.ENSP00000339720	9606.ENSP00000264932	0	0	0	0	0.110	0	0	0.435	0.476
NDUFA4	NDUFC2	9606.ENSP00000339720	9606.ENSP00000281031	0	0	0	0	0.534	0.234	0.933	0.567	0.988
NDUFA4	PDHB	9606.ENSP00000339720	9606.ENSP00000307241	0	0	0	0	0.279	0.161	0	0.259	0.513
NDUFA4	SLC25A5	9606.ENSP00000339720	9606.ENSP00000360671	0	0	0	0	0.167	0.199	0	0.187	0.410
NDUFA4	PDHA1	9606.ENSP00000339720	9606.ENSP00000369134	0	0	0	0	0.100	0.194	0	0.268	0.422
NDUFA4	PARK7	9606.ENSP00000339720	9606.ENSP00000340278	0	0	0	0	0.285	0.306	0	0.587	0.777
NDUFA4	NDUFC2-KCTD14	9606.ENSP00000339720	9606.ENSP00000478766	0	0	0	0	0.402	0.053	0.693	0.353	0.872
NDUFA4	NDUFB1	9606.ENSP00000339720	9606.ENSP00000483888	0	0	0	0	0.309	0.228	0.900	0.750	0.984
NDUFA4	NDUFA5	9606.ENSP00000339720	9606.ENSP00000417142	0	0	0	0	0.524	0.249	0.944	0.821	0.995
NDUFA5	UQCRC1	9606.ENSP00000417142	9606.ENSP00000203407	0	0	0	0	0.277	0.968	0.216	0.616	0.992
NDUFA5	TIMM10	9606.ENSP00000417142	9606.ENSP00000257245	0	0	0	0	0.378	0.097	0	0	0.414
NDUFA5	NDUFAF1	9606.ENSP00000417142	9606.ENSP00000260361	0	0	0	0	0.105	0	0.967	0.356	0.979
NDUFA5	SDHA	9606.ENSP00000417142	9606.ENSP00000264932	0	0	0	0	0.465	0.125	0	0.594	0.793
NDUFA5	NDUFC2	9606.ENSP00000417142	9606.ENSP00000281031	0	0	0	0	0.693	0.903	0.944	0.692	0.999
NDUFA5	PRDX3	9606.ENSP00000417142	9606.ENSP00000298510	0	0	0	0	0.318	0	0	0.231	0.453
NDUFA5	TK2	9606.ENSP00000417142	9606.ENSP00000299697	0	0	0	0	0.057	0.509	0.270	0.102	0.655
NDUFA5	PDHB	9606.ENSP00000417142	9606.ENSP00000307241	0	0	0	0	0.341	0.162	0	0.491	0.695
NDUFA5	PDHA1	9606.ENSP00000417142	9606.ENSP00000369134	0	0	0	0	0.134	0	0	0.339	0.404
NDUFA5	SUCLG1	9606.ENSP00000417142	9606.ENSP00000377446	0	0	0	0	0.369	0	0	0.356	0.576
NDUFA5	SQOR	9606.ENSP00000417142	9606.ENSP00000456019	0	0	0	0	0.055	0	0	0.544	0.551
NDUFA5	NDUFC2-KCTD14	9606.ENSP00000417142	9606.ENSP00000478766	0	0	0	0	0.606	0.535	0.744	0.091	0.951
NDUFA5	NDUFB1	9606.ENSP00000417142	9606.ENSP00000483888	0	0	0	0	0.473	0.907	0.900	0.688	0.998
NDUFAF1	UQCRC1	9606.ENSP00000260361	9606.ENSP00000203407	0	0	0	0	0.167	0	0	0.464	0.534
NDUFAF1	NDUFC2-KCTD14	9606.ENSP00000260361	9606.ENSP00000478766	0	0	0	0	0	0	0.744	0.138	0.770
NDUFAF1	NDUFB1	9606.ENSP00000260361	9606.ENSP00000483888	0	0	0	0	0.065	0	0.900	0.505	0.949
NDUFAF1	NDUFC2	9606.ENSP00000260361	9606.ENSP00000281031	0	0	0	0	0.058	0.225	0.944	0.460	0.975
NDUFB1	UQCRC1	9606.ENSP00000483888	9606.ENSP00000203407	0	0	0	0	0.110	0.856	0	0.231	0.893
NDUFB1	SDHA	9606.ENSP00000483888	9606.ENSP00000264932	0	0	0	0	0.101	0	0	0.367	0.406
NDUFB1	NDUFC2	9606.ENSP00000483888	9606.ENSP00000281031	0	0	0	0	0.397	0.976	0.900	0.568	0.999
NDUFB1	TK2	9606.ENSP00000483888	9606.ENSP00000299697	0	0	0	0	0	0.403	0	0.050	0.408
NDUFB1	NDUFC2-KCTD14	9606.ENSP00000483888	9606.ENSP00000478766	0	0	0	0	0.141	0.482	0.540	0.137	0.799
NDUFC2	UQCRC1	9606.ENSP00000281031	9606.ENSP00000203407	0	0	0	0	0.247	0.852	0.151	0.480	0.944
NDUFC2	SDHA	9606.ENSP00000281031	9606.ENSP00000264932	0	0	0	0	0.239	0.095	0	0.289	0.468
NDUFC2	NDUFC2-KCTD14	9606.ENSP00000281031	9606.ENSP00000478766	0	0	0.051	0.979	0	0	0.540	0.050	0.549
NDUFC2	TK2	9606.ENSP00000281031	9606.ENSP00000299697	0	0	0	0	0.134	0.418	0.218	0.057	0.578
NDUFC2-KCTD14	UQCRC1	9606.ENSP00000478766	9606.ENSP00000203407	0	0	0	0	0.190	0.294	0.151	0.121	0.516
NDUFC2-KCTD14	TK2	9606.ENSP00000478766	9606.ENSP00000299697	0	0	0	0	0.134	0.418	0.218	0.057	0.578
NT5C	TK1	9606.ENSP00000245552	9606.ENSP00000468425	0	0	0	0	0.074	0	0	0.769	0.776
NT5C	TYMS	9606.ENSP00000245552	9606.ENSP00000315644	0	0	0	0	0.044	0	0.900	0.301	0.927
NT5C	TK2	9606.ENSP00000245552	9606.ENSP00000299697	0	0	0	0	0	0	0.900	0.349	0.932
NT5C	UPP1	9606.ENSP00000245552	9606.ENSP00000330032	0	0	0	0	0.042	0	0.918	0.269	0.937
NT5DC2	NT5DC3	9606.ENSP00000406933	9606.ENSP00000376615	0	0	0.058	0.964	0.042	0.626	0	0.057	0.639
NT5DC2	TK1	9606.ENSP00000406933	9606.ENSP00000468425	0	0	0	0	0.133	0	0	0.350	0.412
NUBP1	OXSM	9606.ENSP00000283027	9606.ENSP00000280701	0	0.491	0	0	0.127	0	0	0	0.537
NUDT1	PRDX1	9606.ENSP00000380241	9606.ENSP00000262746	0	0	0	0	0.062	0	0	0.565	0.574
NUDT1	PRDX5	9606.ENSP00000380241	9606.ENSP00000265462	0	0	0	0	0.075	0	0	0.406	0.427
OAT	TMED8	9606.ENSP00000357838	9606.ENSP00000216468	0.102	0	0	0	0.301	0	0	0.240	0.481
OAT	TPI1	9606.ENSP00000357838	9606.ENSP00000229270	0.050	0	0	0	0.069	0	0	0.677	0.689
OAT	SDHA	9606.ENSP00000357838	9606.ENSP00000264932	0.057	0	0	0	0.078	0	0.172	0.427	0.533
OAT	PDXK	9606.ENSP00000357838	9606.ENSP00000291565	0.044	0	0	0	0.042	0.217	0	0.266	0.403
OAT	TALDO1	9606.ENSP00000357838	9606.ENSP00000321259	0.151	0	0	0	0.072	0	0	0.455	0.533
OAT	PPOX	9606.ENSP00000357838	9606.ENSP00000356978	0.059	0	0	0	0.056	0	0	0.397	0.418
OAT	SUCLG1	9606.ENSP00000357838	9606.ENSP00000377446	0.055	0	0	0	0.131	0	0	0.358	0.427
OAT	SOD2	9606.ENSP00000357838	9606.ENSP00000446252	0.120	0	0	0	0.087	0.329	0	0.119	0.462
OGDH	OXCT1	9606.ENSP00000388183	9606.ENSP00000196371	0	0	0	0	0.149	0	0	0.325	0.401
OGDH	UQCRC1	9606.ENSP00000388183	9606.ENSP00000203407	0	0	0	0	0.311	0.203	0	0.431	0.661
OGDH	PCK2	9606.ENSP00000388183	9606.ENSP00000216780	0	0	0	0	0.081	0	0	0.441	0.465
OGDH	PDHX	9606.ENSP00000388183	9606.ENSP00000227868	0.079	0	0	0	0.573	0.771	0.594	0.616	0.983
OGDH	TPI1	9606.ENSP00000388183	9606.ENSP00000229270	0	0	0	0	0.049	0	0	0.627	0.630
OGDH	SDHA	9606.ENSP00000388183	9606.ENSP00000264932	0.115	0.006	0	0	0.820	0.097	0	0.725	0.955
OGDH	PFKL	9606.ENSP00000388183	9606.ENSP00000269848	0	0	0	0	0.106	0	0	0.518	0.551
OGDH	RPIA	9606.ENSP00000388183	9606.ENSP00000283646	0	0	0	0	0	0	0	0.550	0.550
OGDH	PRDX3	9606.ENSP00000388183	9606.ENSP00000298510	0	0	0	0	0.163	0.161	0	0.252	0.429
OGDH	PDHB	9606.ENSP00000388183	9606.ENSP00000307241	0	0	0	0	0.166	0.605	0.580	0.665	0.947
OGDH	PKM	9606.ENSP00000388183	9606.ENSP00000320171	0	0	0	0	0.100	0	0	0.533	0.561
OGDH	TALDO1	9606.ENSP00000388183	9606.ENSP00000321259	0	0	0	0	0.049	0	0	0.557	0.560
OGDH	PPA2	9606.ENSP00000388183	9606.ENSP00000343885	0	0	0	0	0.109	0	0	0.489	0.525
OGDH	PGK1	9606.ENSP00000388183	9606.ENSP00000362413	0	0	0	0	0.049	0	0	0.539	0.543
OGDH	PDHA1	9606.ENSP00000388183	9606.ENSP00000369134	0	0	0	0	0.128	0.732	0.400	0.685	0.950
OGDH	PFKP	9606.ENSP00000388183	9606.ENSP00000370517	0	0	0	0	0.076	0	0	0.497	0.516
OGDH	SUCLG1	9606.ENSP00000388183	9606.ENSP00000377446	0.115	0.015	0	0	0.793	0.486	0.874	0.804	0.997
OGDH	PDP1	9606.ENSP00000388183	9606.ENSP00000379503	0	0	0	0	0.097	0.046	0	0.405	0.443
OGDH	SOD2	9606.ENSP00000388183	9606.ENSP00000446252	0	0	0	0	0.125	0	0	0.367	0.423
OGDH	TKT	9606.ENSP00000388183	9606.ENSP00000391481	0	0	0	0	0.100	0	0	0.562	0.589
OGDH	PC	9606.ENSP00000388183	9606.ENSP00000498994	0	0	0	0	0.126	0	0	0.647	0.678
OGDH	SUCLG2	9606.ENSP00000388183	9606.ENSP00000419325	0.091	0.001	0	0	0.618	0.226	0.713	0.528	0.957
OGDH	SUCLA2	9606.ENSP00000388183	9606.ENSP00000494360	0.091	0.002	0	0	0.622	0.095	0.772	0.742	0.978
OPA1	PRDX3	9606.ENSP00000354681	9606.ENSP00000298510	0	0	0	0	0.058	0.462	0	0.167	0.541
OXCT1	SOAT1	9606.ENSP00000196371	9606.ENSP00000356591	0	0	0	0	0.067	0	0	0.419	0.435
OXCT1	PDHB	9606.ENSP00000196371	9606.ENSP00000307241	0.054	0	0	0	0.207	0	0	0.360	0.478
OXCT1	SUCLG2	9606.ENSP00000196371	9606.ENSP00000419325	0	0	0	0	0.082	0.161	0.152	0.330	0.504
OXCT1	PC	9606.ENSP00000196371	9606.ENSP00000498994	0.108	0	0	0	0.087	0	0	0.471	0.531
OXCT1	SUCLA2	9606.ENSP00000196371	9606.ENSP00000494360	0	0	0	0	0.120	0.329	0.163	0.305	0.610
OXCT1	SUCLG1	9606.ENSP00000196371	9606.ENSP00000377446	0	0	0	0	0.056	0.591	0.163	0.282	0.737
OXCT1	SDHA	9606.ENSP00000196371	9606.ENSP00000264932	0	0	0	0	0.129	0.205	0.792	0.231	0.874
OXSM	TPI1	9606.ENSP00000280701	9606.ENSP00000229270	0	0	0	0	0.070	0	0	0.481	0.497
OXSM	SDHA	9606.ENSP00000280701	9606.ENSP00000264932	0	0	0	0	0.170	0	0	0.345	0.433
OXSM	PDHA1	9606.ENSP00000280701	9606.ENSP00000369134	0	0	0	0	0.132	0.140	0	0.286	0.420
OXSM	PKM	9606.ENSP00000280701	9606.ENSP00000320171	0.111	0	0	0	0.195	0.103	0	0.207	0.423
OXSM	PGK1	9606.ENSP00000280701	9606.ENSP00000362413	0	0	0	0	0.204	0.106	0	0.278	0.442
OXSM	TKT	9606.ENSP00000280701	9606.ENSP00000391481	0.115	0	0	0	0.093	0.062	0	0.368	0.460
OXSM	RPIA	9606.ENSP00000280701	9606.ENSP00000283646	0	0	0	0	0.060	0	0	0.454	0.465
OXSM	PDHB	9606.ENSP00000280701	9606.ENSP00000307241	0.049	0	0	0	0.080	0.070	0	0.441	0.485
OXSM	RDH11	9606.ENSP00000280701	9606.ENSP00000370750	0.057	0	0	0	0.204	0.168	0.154	0.181	0.489
OXSM	PPOX	9606.ENSP00000280701	9606.ENSP00000356978	0	0	0	0	0.297	0	0	0.350	0.523
PANK2	PARK7	9606.ENSP00000313377	9606.ENSP00000340278	0	0	0	0	0	0	0	0.433	0.433
PARK7	UQCRC1	9606.ENSP00000340278	9606.ENSP00000203407	0.091	0	0	0	0.199	0	0	0.253	0.408
PARK7	PDHX	9606.ENSP00000340278	9606.ENSP00000227868	0	0	0	0	0.055	0.094	0	0.434	0.473
PARK7	TPI1	9606.ENSP00000340278	9606.ENSP00000229270	0.112	0	0	0	0.226	0.264	0	0.465	0.694
PARK7	PRDX1	9606.ENSP00000340278	9606.ENSP00000262746	0	0	0	0	0.362	0.131	0	0.531	0.717
PARK7	SDHA	9606.ENSP00000340278	9606.ENSP00000264932	0.053	0	0	0	0.117	0	0	0.357	0.416
PARK7	PRDX5	9606.ENSP00000340278	9606.ENSP00000265462	0	0	0	0	0.079	0.590	0	0.444	0.772
PARK7	PRDX3	9606.ENSP00000340278	9606.ENSP00000298510	0	0	0	0	0.199	0.171	0	0.648	0.746
PARK7	PDHB	9606.ENSP00000340278	9606.ENSP00000307241	0.056	0	0	0	0.184	0.137	0	0.541	0.654
PARK7	TALDO1	9606.ENSP00000340278	9606.ENSP00000321259	0	0	0	0	0.155	0.226	0	0.241	0.460
PARK7	PGK1	9606.ENSP00000340278	9606.ENSP00000362413	0	0	0	0	0.130	0.203	0	0.294	0.468
PARK7	PDHA1	9606.ENSP00000340278	9606.ENSP00000369134	0.070	0	0	0	0.090	0.107	0	0.406	0.491
PARK7	TKT	9606.ENSP00000340278	9606.ENSP00000391481	0.042	0	0	0	0.139	0.322	0	0.218	0.504
PARK7	SOD2	9606.ENSP00000340278	9606.ENSP00000446252	0	0	0	0	0.140	0	0.792	0.605	0.923
PC	PYGM	9606.ENSP00000498994	9606.ENSP00000164139	0	0	0	0	0.102	0	0	0.591	0.617
PC	PCK2	9606.ENSP00000498994	9606.ENSP00000216780	0	0	0	0	0.116	0	0.900	0.864	0.986
PC	PYGB	9606.ENSP00000498994	9606.ENSP00000216962	0	0	0	0	0.138	0	0	0.591	0.632
PC	PDHX	9606.ENSP00000498994	9606.ENSP00000227868	0.070	0	0	0	0.121	0	0	0.436	0.499
PC	TPI1	9606.ENSP00000498994	9606.ENSP00000229270	0	0	0	0	0.087	0	0	0.607	0.626
PC	SDHA	9606.ENSP00000498994	9606.ENSP00000264932	0.043	0	0	0	0.058	0	0	0.560	0.569
PC	PFKL	9606.ENSP00000498994	9606.ENSP00000269848	0	0	0	0	0.133	0	0	0.549	0.592
PC	PDHB	9606.ENSP00000498994	9606.ENSP00000307241	0.057	0	0	0	0.140	0	0.900	0.560	0.959
PC	PKM	9606.ENSP00000498994	9606.ENSP00000320171	0	0	0	0	0.111	0.132	0.900	0.625	0.967
PC	TALDO1	9606.ENSP00000498994	9606.ENSP00000321259	0	0	0	0	0.044	0	0	0.642	0.643
PC	PGM1	9606.ENSP00000498994	9606.ENSP00000360124	0	0	0	0	0.093	0.060	0	0.434	0.476
PC	SLC25A5	9606.ENSP00000498994	9606.ENSP00000360671	0	0	0	0	0.074	0	0	0.497	0.515
PC	PGK1	9606.ENSP00000498994	9606.ENSP00000362413	0	0	0	0	0.042	0	0	0.550	0.551
PC	PDHA1	9606.ENSP00000498994	9606.ENSP00000369134	0	0	0	0	0.140	0	0	0.590	0.633
PC	PFKP	9606.ENSP00000498994	9606.ENSP00000370517	0	0	0	0	0.109	0	0	0.461	0.500
PC	SUCLG1	9606.ENSP00000498994	9606.ENSP00000377446	0	0	0	0	0.042	0	0	0.473	0.474
PC	PDP1	9606.ENSP00000498994	9606.ENSP00000379503	0	0	0	0	0.067	0	0	0.437	0.453
PC	TKT	9606.ENSP00000498994	9606.ENSP00000391481	0	0	0	0	0.048	0	0	0.722	0.724
PC	SUCLG2	9606.ENSP00000498994	9606.ENSP00000419325	0	0	0	0	0.065	0	0	0.402	0.418
PC	SUCLA2	9606.ENSP00000498994	9606.ENSP00000494360	0	0	0	0	0.065	0	0	0.477	0.491
PCK2	PYGM	9606.ENSP00000216780	9606.ENSP00000164139	0.102	0	0	0	0	0	0	0.520	0.550
PCK2	RPIA	9606.ENSP00000216780	9606.ENSP00000283646	0	0	0	0	0.042	0.065	0	0.405	0.421
PCK2	SUCLG1	9606.ENSP00000216780	9606.ENSP00000377446	0	0	0	0	0.055	0	0	0.427	0.436
PCK2	SUCLG2	9606.ENSP00000216780	9606.ENSP00000419325	0	0	0	0	0.110	0	0	0.426	0.468
PCK2	PFKP	9606.ENSP00000216780	9606.ENSP00000370517	0	0	0	0	0.096	0	0	0.453	0.485
PCK2	PGK1	9606.ENSP00000216780	9606.ENSP00000362413	0	0	0	0	0.049	0	0	0.482	0.486
PCK2	PDHA1	9606.ENSP00000216780	9606.ENSP00000369134	0	0	0	0	0.049	0.140	0	0.429	0.493
PCK2	TALDO1	9606.ENSP00000216780	9606.ENSP00000321259	0	0	0	0	0.049	0	0	0.509	0.513
PCK2	SDHA	9606.ENSP00000216780	9606.ENSP00000264932	0	0	0	0	0.146	0	0	0.473	0.531
PCK2	PYGB	9606.ENSP00000216780	9606.ENSP00000216962	0.102	0	0	0	0.047	0	0	0.506	0.540
PCK2	TPI1	9606.ENSP00000216780	9606.ENSP00000229270	0.045	0	0	0	0.060	0	0	0.565	0.575
PCK2	PFKL	9606.ENSP00000216780	9606.ENSP00000269848	0	0	0	0	0.109	0	0	0.549	0.582
PCK2	PDHB	9606.ENSP00000216780	9606.ENSP00000307241	0	0	0	0	0.049	0	0.800	0.470	0.890
PCK2	PKM	9606.ENSP00000216780	9606.ENSP00000320171	0	0	0	0	0.064	0	0.900	0.542	0.953
PCMT1	RPIA	9606.ENSP00000497225	9606.ENSP00000283646	0	0	0	0	0.056	0.615	0	0	0.621
PDHA1	UQCRC1	9606.ENSP00000369134	9606.ENSP00000203407	0	0	0	0	0.366	0.191	0	0.601	0.778
PDHA1	PDHX	9606.ENSP00000369134	9606.ENSP00000227868	0	0.028	0.499	0	0.702	0.730	0.956	0.987	0.999
PDHA1	TPI1	9606.ENSP00000369134	9606.ENSP00000229270	0.095	0	0	0	0.130	0	0	0.550	0.615
PDHA1	SDHA	9606.ENSP00000369134	9606.ENSP00000264932	0	0	0	0	0.216	0.333	0	0.783	0.876
PDHA1	PFKL	9606.ENSP00000369134	9606.ENSP00000269848	0.051	0	0	0	0.118	0.099	0	0.497	0.570
PDHA1	RPIA	9606.ENSP00000369134	9606.ENSP00000283646	0.057	0	0	0	0.091	0	0	0.383	0.425
PDHA1	PRDX3	9606.ENSP00000369134	9606.ENSP00000298510	0	0	0	0	0.218	0.188	0	0.272	0.498
PDHA1	PDHB	9606.ENSP00000369134	9606.ENSP00000307241	0	0.900	0.533	0	0.891	0.995	0.973	0.998	0.999
PDHA1	PKM	9606.ENSP00000369134	9606.ENSP00000320171	0	0	0	0	0.134	0.067	0.217	0.576	0.696
PDHA1	TALDO1	9606.ENSP00000369134	9606.ENSP00000321259	0	0	0	0	0.205	0	0	0.385	0.491
PDHA1	UGP2	9606.ENSP00000369134	9606.ENSP00000338703	0	0	0	0	0.129	0	0	0.346	0.406
PDHA1	PPA2	9606.ENSP00000369134	9606.ENSP00000343885	0.057	0	0	0	0.336	0.133	0	0.219	0.519
PDHA1	SLC25A5	9606.ENSP00000369134	9606.ENSP00000360671	0	0	0	0	0.333	0.177	0	0.209	0.528
PDHA1	PPA1	9606.ENSP00000369134	9606.ENSP00000362329	0.057	0	0	0	0.282	0	0	0.193	0.407
PDHA1	PGK1	9606.ENSP00000369134	9606.ENSP00000362413	0.059	0	0	0	0.278	0	0	0.661	0.750
PDHA1	TKT	9606.ENSP00000369134	9606.ENSP00000391481	0	0	0	0	0.255	0	0	0.364	0.507
PDHA1	SUCLG2	9606.ENSP00000369134	9606.ENSP00000419325	0	0	0	0	0.126	0.159	0.133	0.340	0.524
PDHA1	PFKP	9606.ENSP00000369134	9606.ENSP00000370517	0.051	0	0	0	0.133	0.099	0	0.499	0.579
PDHA1	SUCLA2	9606.ENSP00000369134	9606.ENSP00000494360	0	0	0	0	0.153	0.180	0.133	0.611	0.735
PDHA1	SUCLG1	9606.ENSP00000369134	9606.ENSP00000377446	0	0	0	0	0.551	0.091	0	0.618	0.830
PDHA1	PDP1	9606.ENSP00000369134	9606.ENSP00000379503	0	0	0	0	0.055	0.613	0.400	0.731	0.933
PDHB	UQCRC1	9606.ENSP00000307241	9606.ENSP00000203407	0	0	0	0	0.674	0.185	0	0.398	0.826
PDHB	PDHX	9606.ENSP00000307241	9606.ENSP00000227868	0.095	0.028	0.492	0	0.684	0.968	0.978	0.996	0.999
PDHB	TPI1	9606.ENSP00000307241	9606.ENSP00000229270	0.072	0	0	0	0.160	0	0	0.623	0.681
PDHB	SDHA	9606.ENSP00000307241	9606.ENSP00000264932	0.056	0	0	0	0.256	0.096	0	0.626	0.731
PDHB	PFKL	9606.ENSP00000307241	9606.ENSP00000269848	0.064	0.176	0	0	0.065	0	0.220	0.493	0.663
PDHB	RPIA	9606.ENSP00000307241	9606.ENSP00000283646	0	0	0	0	0.048	0	0.792	0.421	0.875
PDHB	PRDX3	9606.ENSP00000307241	9606.ENSP00000298510	0	0	0	0	0.378	0.075	0	0.298	0.561
PDHB	SCP2	9606.ENSP00000307241	9606.ENSP00000360569	0.045	0	0	0	0.097	0	0.352	0.056	0.401
PDHB	SOD2	9606.ENSP00000307241	9606.ENSP00000446252	0	0	0	0	0.131	0	0	0.357	0.418
PDHB	PGK1	9606.ENSP00000307241	9606.ENSP00000362413	0.046	0	0	0	0.190	0	0	0.537	0.611
PDHB	SUCLG2	9606.ENSP00000307241	9606.ENSP00000419325	0	0	0	0	0.193	0.070	0.176	0.505	0.653
PDHB	PFKP	9606.ENSP00000307241	9606.ENSP00000370517	0.064	0.174	0	0	0.065	0	0.220	0.499	0.666
PDHB	SUCLG1	9606.ENSP00000307241	9606.ENSP00000377446	0	0	0	0	0.426	0.099	0.185	0.625	0.821
PDHB	TKT	9606.ENSP00000307241	9606.ENSP00000391481	0.075	0	0	0	0.120	0	0.818	0.483	0.913
PDHB	PDP1	9606.ENSP00000307241	9606.ENSP00000379503	0	0	0	0	0.055	0.105	0.400	0.852	0.915
PDHB	SUCLA2	9606.ENSP00000307241	9606.ENSP00000494360	0	0	0	0	0.723	0.091	0.176	0.665	0.921
PDHB	TALDO1	9606.ENSP00000307241	9606.ENSP00000321259	0	0	0	0	0.135	0	0.956	0.491	0.979
PDHB	PKM	9606.ENSP00000307241	9606.ENSP00000320171	0.057	0	0	0	0.117	0	0.938	0.709	0.983
PDHX	UQCRC1	9606.ENSP00000227868	9606.ENSP00000203407	0	0	0	0	0.413	0.089	0	0.139	0.500
PDHX	SCP2	9606.ENSP00000227868	9606.ENSP00000360569	0.050	0	0	0	0.134	0	0.281	0.121	0.411
PDHX	TPI1	9606.ENSP00000227868	9606.ENSP00000229270	0	0	0	0	0.118	0	0	0.375	0.426
PDHX	RPIA	9606.ENSP00000227868	9606.ENSP00000283646	0.048	0	0	0	0.042	0	0.151	0.373	0.450
PDHX	PFKL	9606.ENSP00000227868	9606.ENSP00000269848	0.060	0	0	0	0.102	0	0.119	0.354	0.456
PDHX	TKT	9606.ENSP00000227868	9606.ENSP00000391481	0.042	0	0	0	0.142	0	0.304	0.277	0.531
PDHX	PKM	9606.ENSP00000227868	9606.ENSP00000320171	0.052	0	0	0	0.124	0	0.301	0.382	0.594
PDHX	TYMS	9606.ENSP00000227868	9606.ENSP00000315644	0.059	0	0	0	0.064	0	0.585	0.218	0.676
PDHX	SDHA	9606.ENSP00000227868	9606.ENSP00000264932	0.111	0	0	0	0.550	0.092	0	0.532	0.807
PDHX	SUCLG2	9606.ENSP00000227868	9606.ENSP00000419325	0.079	0.006	0	0	0.581	0.099	0.352	0.311	0.817
PDHX	SUCLA2	9606.ENSP00000227868	9606.ENSP00000494360	0.079	0.006	0	0	0.686	0.146	0.352	0.431	0.892
PDHX	SUCLG1	9606.ENSP00000227868	9606.ENSP00000377446	0.111	0.011	0	0	0.685	0.091	0.585	0.490	0.936
PDHX	PDP1	9606.ENSP00000227868	9606.ENSP00000379503	0	0	0	0	0.117	0.095	0.400	0.937	0.965
PDP1	PYGB	9606.ENSP00000379503	9606.ENSP00000216962	0.043	0	0	0	0.060	0	0	0.387	0.400
PDP1	SDHA	9606.ENSP00000379503	9606.ENSP00000264932	0	0	0	0	0.075	0.228	0	0.241	0.412
PDP1	SAMD4B	9606.ENSP00000379503	9606.ENSP00000317224	0	0	0	0	0.042	0.475	0	0.045	0.478
PDXK	TPI1	9606.ENSP00000291565	9606.ENSP00000229270	0	0	0	0	0.082	0.176	0	0.276	0.405
PDXK	PNPO	9606.ENSP00000291565	9606.ENSP00000493302	0.061	0	0	0	0.057	0	0.980	0.844	0.996
PFKL	PYGM	9606.ENSP00000269848	9606.ENSP00000164139	0.071	0	0	0	0.393	0	0	0.499	0.693
PFKL	PYGB	9606.ENSP00000269848	9606.ENSP00000216962	0.071	0	0	0	0.420	0.192	0	0.499	0.753
PFKL	TPI1	9606.ENSP00000269848	9606.ENSP00000229270	0.115	0	0	0	0.606	0	0.287	0.728	0.923
PFKL	SDHA	9606.ENSP00000269848	9606.ENSP00000264932	0	0	0	0	0.126	0.053	0	0.479	0.531
PFKL	UGP2	9606.ENSP00000269848	9606.ENSP00000338703	0.057	0	0	0	0.063	0	0	0.413	0.437
PFKL	SUCLG1	9606.ENSP00000269848	9606.ENSP00000377446	0	0	0	0	0.054	0	0	0.462	0.470
PFKL	RPIA	9606.ENSP00000269848	9606.ENSP00000283646	0	0	0	0	0.042	0	0	0.536	0.536
PFKL	PGM1	9606.ENSP00000269848	9606.ENSP00000360124	0.066	0	0	0	0.250	0.069	0	0.483	0.618
PFKL	PGK1	9606.ENSP00000269848	9606.ENSP00000362413	0.090	0	0	0	0.380	0	0.184	0.724	0.856
PFKL	PKM	9606.ENSP00000269848	9606.ENSP00000320171	0.079	0	0	0	0.568	0.225	0.183	0.741	0.922
PFKL	TKT	9606.ENSP00000269848	9606.ENSP00000391481	0.086	0	0	0	0.084	0	0.937	0.464	0.968
PFKL	TALDO1	9606.ENSP00000269848	9606.ENSP00000321259	0.070	0	0	0	0.069	0	0.965	0.550	0.984
PFKL	PFKP	9606.ENSP00000269848	9606.ENSP00000370517	0	0	0.054	0.973	0.067	0.765	0.900	0.654	0.991
PFKP	PYGM	9606.ENSP00000370517	9606.ENSP00000164139	0.071	0	0	0	0.393	0	0	0.423	0.646
PFKP	PYGB	9606.ENSP00000370517	9606.ENSP00000216962	0.071	0	0	0	0.421	0	0	0.424	0.663
PFKP	TPI1	9606.ENSP00000370517	9606.ENSP00000229270	0.115	0	0	0	0.657	0	0.287	0.694	0.925
PFKP	SDHA	9606.ENSP00000370517	9606.ENSP00000264932	0	0	0	0	0.148	0.053	0	0.434	0.504
PFKP	RPIA	9606.ENSP00000370517	9606.ENSP00000283646	0	0	0	0	0.042	0	0	0.518	0.519
PFKP	PKM	9606.ENSP00000370517	9606.ENSP00000320171	0.079	0	0	0	0.612	0.184	0.183	0.742	0.927
PFKP	TALDO1	9606.ENSP00000370517	9606.ENSP00000321259	0.070	0	0	0	0.069	0	0.965	0.539	0.984
PFKP	PGM1	9606.ENSP00000370517	9606.ENSP00000360124	0.066	0	0	0	0.264	0.069	0	0.420	0.579
PFKP	PGK1	9606.ENSP00000370517	9606.ENSP00000362413	0.090	0	0	0	0.416	0	0.184	0.676	0.841
PFKP	SUCLG1	9606.ENSP00000370517	9606.ENSP00000377446	0	0	0	0	0.049	0	0	0.442	0.447
PFKP	TKT	9606.ENSP00000370517	9606.ENSP00000391481	0.086	0	0	0	0.088	0	0.937	0.384	0.963
PGK1	PYGM	9606.ENSP00000362413	9606.ENSP00000164139	0	0	0	0	0.192	0.067	0	0.522	0.608
PGK1	UQCRC1	9606.ENSP00000362413	9606.ENSP00000203407	0	0	0	0	0.249	0	0	0.285	0.440
PGK1	PYGB	9606.ENSP00000362413	9606.ENSP00000216962	0	0	0	0	0.194	0.067	0	0.480	0.575
PGK1	TPI1	9606.ENSP00000362413	9606.ENSP00000229270	0.115	0.899	0	0	0.881	0.603	0.340	0.916	0.999
PGK1	PRDX1	9606.ENSP00000362413	9606.ENSP00000262746	0	0	0	0	0.236	0	0	0.433	0.548
PGK1	SDHA	9606.ENSP00000362413	9606.ENSP00000264932	0.061	0	0	0	0.149	0	0	0.692	0.733
PGK1	PRDX5	9606.ENSP00000362413	9606.ENSP00000265462	0	0	0	0	0.146	0	0	0.363	0.432
PGK1	RPIA	9606.ENSP00000362413	9606.ENSP00000283646	0.106	0	0	0	0.107	0	0	0.595	0.649
PGK1	PRDX3	9606.ENSP00000362413	9606.ENSP00000298510	0	0	0	0	0.261	0	0	0.306	0.465
PGK1	TYMS	9606.ENSP00000362413	9606.ENSP00000315644	0	0	0	0	0.109	0	0	0.381	0.425
PGK1	PKM	9606.ENSP00000362413	9606.ENSP00000320171	0.079	0	0	0	0.614	0.207	0.181	0.768	0.936
PGK1	TALDO1	9606.ENSP00000362413	9606.ENSP00000321259	0.098	0	0	0	0.206	0	0	0.780	0.829
PGK1	PPA2	9606.ENSP00000362413	9606.ENSP00000343885	0.055	0	0	0	0.286	0	0	0.358	0.529
PGK1	PGM1	9606.ENSP00000362413	9606.ENSP00000360124	0	0	0	0	0.243	0	0	0.550	0.644
PGK1	SLC25A5	9606.ENSP00000362413	9606.ENSP00000360671	0	0	0	0	0.384	0	0	0.159	0.460
PGK1	PPA1	9606.ENSP00000362413	9606.ENSP00000362329	0.055	0	0	0	0.277	0	0	0.397	0.553
PGK1	TK1	9606.ENSP00000362413	9606.ENSP00000468425	0	0	0	0	0.080	0	0	0.374	0.400
PGK1	SUCLA2	9606.ENSP00000362413	9606.ENSP00000494360	0.043	0	0	0	0.118	0	0	0.377	0.428
PGK1	SUCLG1	9606.ENSP00000362413	9606.ENSP00000377446	0	0	0	0	0.126	0	0	0.479	0.525
PGK1	SOD2	9606.ENSP00000362413	9606.ENSP00000446252	0.102	0	0	0	0.155	0	0	0.556	0.634
PGK1	TKT	9606.ENSP00000362413	9606.ENSP00000391481	0.091	0	0	0	0.377	0.242	0	0.652	0.831
PGM1	PYGM	9606.ENSP00000360124	9606.ENSP00000164139	0.102	0	0	0	0.619	0	0.449	0.607	0.916
PGM1	PYGB	9606.ENSP00000360124	9606.ENSP00000216962	0.102	0	0	0	0.621	0	0.449	0.517	0.897
PGM1	TPI1	9606.ENSP00000360124	9606.ENSP00000229270	0	0	0	0	0.329	0.288	0	0.645	0.816
PGM1	SDHA	9606.ENSP00000360124	9606.ENSP00000264932	0.043	0	0	0	0.144	0	0	0.372	0.441
PGM1	RPIA	9606.ENSP00000360124	9606.ENSP00000283646	0.106	0	0	0	0.105	0	0	0.469	0.538
PGM1	PKM	9606.ENSP00000360124	9606.ENSP00000320171	0.056	0	0	0	0.161	0	0	0.446	0.524
PGM1	TALDO1	9606.ENSP00000360124	9606.ENSP00000321259	0.120	0	0	0	0.212	0.396	0.309	0.459	0.815
PGM1	UGP2	9606.ENSP00000360124	9606.ENSP00000338703	0	0.682	0	0	0.452	0.069	0.781	0.690	0.987
PGM1	SUCLA2	9606.ENSP00000360124	9606.ENSP00000494360	0	0	0	0	0.191	0.092	0	0.264	0.412
PGM1	TKT	9606.ENSP00000360124	9606.ENSP00000391481	0.100	0	0	0	0.211	0	0	0.359	0.505
PHPT1	UQCRC1	9606.ENSP00000247665	9606.ENSP00000203407	0	0	0	0	0.441	0	0	0.163	0.512
PKM	PYGM	9606.ENSP00000320171	9606.ENSP00000164139	0.070	0	0	0	0.185	0	0	0.486	0.576
PKM	UQCRC1	9606.ENSP00000320171	9606.ENSP00000203407	0.057	0	0	0	0.200	0.100	0	0.274	0.442
PKM	PYGB	9606.ENSP00000320171	9606.ENSP00000216962	0.070	0	0	0	0.213	0	0	0.444	0.557
PKM	TPI1	9606.ENSP00000320171	9606.ENSP00000229270	0.103	0	0	0	0.770	0	0	0.835	0.963
PKM	PRDX1	9606.ENSP00000320171	9606.ENSP00000262746	0	0	0	0	0.154	0.093	0	0.327	0.439
PKM	SDHA	9606.ENSP00000320171	9606.ENSP00000264932	0	0	0	0	0.128	0	0	0.547	0.589
PKM	RPIA	9606.ENSP00000320171	9606.ENSP00000283646	0.043	0	0	0	0.042	0	0	0.492	0.494
PKM	TYMS	9606.ENSP00000320171	9606.ENSP00000315644	0	0	0	0	0.132	0	0	0.411	0.468
PKM	SUCLA2	9606.ENSP00000320171	9606.ENSP00000494360	0	0	0	0	0.123	0	0	0.356	0.411
PKM	TK1	9606.ENSP00000320171	9606.ENSP00000468425	0	0	0	0	0.098	0.080	0	0.355	0.418
PKM	TKFC	9606.ENSP00000320171	9606.ENSP00000378360	0.055	0.188	0	0	0.079	0	0.154	0.182	0.423
PKM	SUCLG1	9606.ENSP00000320171	9606.ENSP00000377446	0	0	0	0	0.196	0	0	0.417	0.512
PKM	SOD2	9606.ENSP00000320171	9606.ENSP00000446252	0	0	0	0	0.116	0.162	0	0.442	0.550
PKM	TALDO1	9606.ENSP00000320171	9606.ENSP00000321259	0.107	0	0	0	0.153	0	0.800	0.563	0.925
PKM	TKT	9606.ENSP00000320171	9606.ENSP00000391481	0.079	0	0	0	0.322	0.216	0.800	0.577	0.951
PNPO	TPI1	9606.ENSP00000493302	9606.ENSP00000229270	0.045	0	0	0	0.132	0	0	0.389	0.450
PNPO	SDHA	9606.ENSP00000493302	9606.ENSP00000264932	0.077	0	0	0	0.123	0	0	0.352	0.430
PPA1	TPI1	9606.ENSP00000362329	9606.ENSP00000229270	0.045	0	0	0	0.169	0.162	0	0.578	0.682
PPA1	SDHA	9606.ENSP00000362329	9606.ENSP00000264932	0.041	0	0	0	0.143	0	0	0.425	0.486
PPA1	TCIRG1	9606.ENSP00000362329	9606.ENSP00000265686	0	0	0	0	0.070	0	0.650	0.296	0.751
PPA1	RPIA	9606.ENSP00000362329	9606.ENSP00000283646	0	0	0	0	0.161	0	0	0.382	0.460
PPA1	TALDO1	9606.ENSP00000362329	9606.ENSP00000321259	0.054	0	0	0	0.203	0	0	0.475	0.570
PPA1	UGP2	9606.ENSP00000362329	9606.ENSP00000338703	0	0	0	0	0.065	0	0.154	0.531	0.597
PPA1	PPA2	9606.ENSP00000362329	9606.ENSP00000343885	0	0	0.058	0.965	0.105	0	0.900	0.074	0.911
PPA1	SOD2	9606.ENSP00000362329	9606.ENSP00000446252	0	0	0	0	0.204	0	0	0.282	0.405
PPA1	SUCLG2	9606.ENSP00000362329	9606.ENSP00000419325	0.099	0	0	0	0.084	0.162	0	0.270	0.428
PPA1	TKT	9606.ENSP00000362329	9606.ENSP00000391481	0.058	0	0	0	0.260	0	0	0.308	0.476
PPA2	TPI1	9606.ENSP00000343885	9606.ENSP00000229270	0.045	0	0	0	0.155	0	0	0.540	0.596
PPA2	SDHA	9606.ENSP00000343885	9606.ENSP00000264932	0.041	0	0	0	0.161	0	0	0.454	0.522
PPA2	TCIRG1	9606.ENSP00000343885	9606.ENSP00000265686	0	0	0	0	0.070	0	0.650	0.212	0.721
PPA2	RPIA	9606.ENSP00000343885	9606.ENSP00000283646	0	0	0	0	0.161	0	0	0.363	0.443
PPA2	TALDO1	9606.ENSP00000343885	9606.ENSP00000321259	0.054	0	0	0	0.208	0	0	0.428	0.534
PPA2	UGP2	9606.ENSP00000343885	9606.ENSP00000338703	0	0	0	0	0.072	0	0.154	0.379	0.470
PPA2	TKT	9606.ENSP00000343885	9606.ENSP00000391481	0.058	0	0	0	0.250	0	0	0.266	0.436
PPA2	SOD2	9606.ENSP00000343885	9606.ENSP00000446252	0	0	0	0	0.192	0.143	0	0.254	0.438
PPA2	SUCLG1	9606.ENSP00000343885	9606.ENSP00000377446	0.118	0	0	0	0.267	0	0	0.366	0.554
PPIF	SOAT1	9606.ENSP00000225174	9606.ENSP00000356591	0	0	0	0	0.054	0	0	0.410	0.418
PPIF	SOD2	9606.ENSP00000225174	9606.ENSP00000446252	0	0	0	0	0.124	0.302	0	0.685	0.791
PPIF	TSPO	9606.ENSP00000225174	9606.ENSP00000379563	0	0	0	0	0.054	0	0	0.804	0.807
PPIF	SLC25A5	9606.ENSP00000225174	9606.ENSP00000360671	0	0	0	0	0.139	0.253	0.900	0.473	0.961
PPIF	SLC25A6	9606.ENSP00000225174	9606.ENSP00000370808	0	0	0	0	0.128	0.253	0.900	0.532	0.965
PPOX	SUCLA2	9606.ENSP00000356978	9606.ENSP00000494360	0	0	0	0	0.067	0	0	0.551	0.564
PPOX	TMEM14C	9606.ENSP00000356978	9606.ENSP00000444561	0	0	0	0	0.466	0	0	0.540	0.744
PRDX1	TPI1	9606.ENSP00000262746	9606.ENSP00000229270	0	0	0	0	0.264	0.071	0	0.559	0.672
PRDX1	SLC25A5	9606.ENSP00000262746	9606.ENSP00000360671	0	0	0	0	0.327	0	0	0.161	0.411
PRDX1	TSPO	9606.ENSP00000262746	9606.ENSP00000379563	0	0	0	0	0.201	0	0	0.368	0.474
PRDX1	TKT	9606.ENSP00000262746	9606.ENSP00000391481	0	0	0	0	0.168	0.247	0	0.357	0.563
PRDX1	PRDX3	9606.ENSP00000262746	9606.ENSP00000298510	0	0	0.058	0.965	0.188	0.614	0	0.071	0.689
PRDX1	SOD2	9606.ENSP00000262746	9606.ENSP00000446252	0.079	0	0	0	0.294	0	0.178	0.579	0.745
PRDX1	TALDO1	9606.ENSP00000262746	9606.ENSP00000321259	0.057	0	0	0	0.282	0.105	0	0.683	0.783
PRDX1	PRDX5	9606.ENSP00000262746	9606.ENSP00000265462	0	0	0	0	0.138	0.656	0.400	0.908	0.981
PRDX3	UQCRC1	9606.ENSP00000298510	9606.ENSP00000203407	0	0	0	0	0.256	0.053	0	0.315	0.475
PRDX3	TPI1	9606.ENSP00000298510	9606.ENSP00000229270	0	0	0	0	0.215	0.071	0	0.438	0.554
PRDX3	SDHA	9606.ENSP00000298510	9606.ENSP00000264932	0	0	0	0	0.292	0.135	0	0.303	0.536
PRDX3	PRDX5	9606.ENSP00000298510	9606.ENSP00000265462	0	0	0	0	0.153	0.170	0.800	0.825	0.972
PRDX3	SUCLA2	9606.ENSP00000298510	9606.ENSP00000494360	0.055	0	0	0	0.261	0	0	0.245	0.427
PRDX3	SUCLG1	9606.ENSP00000298510	9606.ENSP00000377446	0.046	0	0	0	0.285	0	0	0.248	0.443
PRDX3	TALDO1	9606.ENSP00000298510	9606.ENSP00000321259	0.057	0	0	0	0.258	0.105	0	0.268	0.480
PRDX3	SOD2	9606.ENSP00000298510	9606.ENSP00000446252	0.079	0	0	0	0.293	0	0.178	0.677	0.804
PRDX5	TPI1	9606.ENSP00000265462	9606.ENSP00000229270	0	0	0	0	0.176	0	0	0.369	0.459
PRDX5	SOD2	9606.ENSP00000265462	9606.ENSP00000446252	0	0	0	0	0.295	0.330	0	0.645	0.818
PRXL2B	SUCLA2	9606.ENSP00000413218	9606.ENSP00000494360	0	0	0	0	0.049	0	0	0.535	0.538
PYGB	PYGM	9606.ENSP00000216962	9606.ENSP00000164139	0	0	0.049	0.983	0.042	0.609	0.900	0.048	0.959
PYGB	TKT	9606.ENSP00000216962	9606.ENSP00000391481	0.053	0	0	0	0.126	0.065	0	0.371	0.448
PYGB	TALDO1	9606.ENSP00000216962	9606.ENSP00000321259	0.070	0	0	0	0.148	0	0	0.500	0.569
PYGB	TPI1	9606.ENSP00000216962	9606.ENSP00000229270	0	0	0	0	0.207	0	0	0.604	0.673
PYGB	UGP2	9606.ENSP00000216962	9606.ENSP00000338703	0	0	0	0	0.248	0	0.927	0.782	0.987
PYGM	TKT	9606.ENSP00000164139	9606.ENSP00000391481	0.053	0	0	0	0.109	0.065	0	0.394	0.458
PYGM	TALDO1	9606.ENSP00000164139	9606.ENSP00000321259	0.070	0	0	0	0.141	0	0	0.464	0.535
PYGM	TPI1	9606.ENSP00000164139	9606.ENSP00000229270	0	0	0	0	0.200	0	0	0.627	0.689
PYGM	UGP2	9606.ENSP00000164139	9606.ENSP00000338703	0	0	0	0	0.237	0	0.927	0.783	0.987
RPIA	TPI1	9606.ENSP00000283646	9606.ENSP00000229270	0.114	0	0	0	0.042	0	0	0.743	0.763
RPIA	SDHA	9606.ENSP00000283646	9606.ENSP00000264932	0	0	0	0	0	0	0	0.476	0.476
RPIA	SUCLA2	9606.ENSP00000283646	9606.ENSP00000494360	0	0	0	0	0	0	0	0.401	0.401
RPIA	TYMS	9606.ENSP00000283646	9606.ENSP00000315644	0.045	0	0	0	0.217	0	0	0.449	0.552
RPIA	SUCLG1	9606.ENSP00000283646	9606.ENSP00000377446	0.052	0.276	0	0	0.067	0	0	0.499	0.637
RPIA	TKT	9606.ENSP00000283646	9606.ENSP00000391481	0.115	0	0	0	0.042	0.267	0.965	0.840	0.995
RPIA	TALDO1	9606.ENSP00000283646	9606.ENSP00000321259	0.231	0	0	0	0.249	0.091	0.797	0.991	0.998
SAMM50	UQCRC1	9606.ENSP00000345445	9606.ENSP00000203407	0.111	0	0	0	0.251	0.091	0	0.249	0.485
SAMM50	TIMM10	9606.ENSP00000345445	9606.ENSP00000257245	0	0	0	0	0.104	0	0	0.659	0.681
SAMM50	SDHA	9606.ENSP00000345445	9606.ENSP00000264932	0.045	0	0	0	0.167	0.205	0	0.329	0.519
SAMM50	TSPO	9606.ENSP00000345445	9606.ENSP00000379563	0.061	0	0	0	0.054	0	0	0.394	0.414
SCP2	TECR	9606.ENSP00000360569	9606.ENSP00000215567	0	0	0	0	0.042	0	0	0.765	0.765
SCP2	VAT1	9606.ENSP00000360569	9606.ENSP00000347872	0.045	0	0	0	0.114	0.085	0.169	0.320	0.483
SCP2	SUCLG1	9606.ENSP00000360569	9606.ENSP00000377446	0.042	0	0	0	0.175	0	0.145	0.224	0.406
SDHA	UQCRC1	9606.ENSP00000264932	9606.ENSP00000203407	0	0	0	0	0.842	0.176	0.237	0.719	0.968
SDHA	TPI1	9606.ENSP00000264932	9606.ENSP00000229270	0.211	0	0	0	0.085	0.067	0	0.543	0.651
SDHA	TALDO1	9606.ENSP00000264932	9606.ENSP00000321259	0	0	0	0	0.064	0	0	0.474	0.487
SDHA	SGPL1	9606.ENSP00000264932	9606.ENSP00000362298	0	0	0	0	0.057	0.091	0.414	0.108	0.492
SDHA	SLC25A5	9606.ENSP00000264932	9606.ENSP00000360671	0	0	0	0	0.142	0.312	0	0.247	0.517
SDHA	TKT	9606.ENSP00000264932	9606.ENSP00000391481	0	0	0	0	0.128	0.070	0	0.458	0.523
SDHA	SOD2	9606.ENSP00000264932	9606.ENSP00000446252	0	0	0	0	0.074	0	0	0.587	0.602
SDHA	SQOR	9606.ENSP00000264932	9606.ENSP00000456019	0	0	0	0	0.072	0	0	0.601	0.614
SDHA	SUCLG2	9606.ENSP00000264932	9606.ENSP00000419325	0.115	0.004	0	0	0.702	0.440	0.965	0.533	0.997
SDHA	SUCLA2	9606.ENSP00000264932	9606.ENSP00000494360	0.115	0.006	0	0	0.681	0.250	0.977	0.664	0.998
SDHA	SUCLG1	9606.ENSP00000264932	9606.ENSP00000377446	0.231	0.044	0	0	0.858	0.250	0.980	0.667	0.999
SLC25A5	UQCRC1	9606.ENSP00000360671	9606.ENSP00000203407	0	0	0	0	0.467	0.190	0	0.392	0.714
SLC25A5	TSPO	9606.ENSP00000360671	9606.ENSP00000379563	0	0	0	0	0.135	0	0.900	0.394	0.943
SLC25A5	SLC25A6	9606.ENSP00000360671	9606.ENSP00000370808	0	0	0.048	0.985	0.246	0.626	0.900	0.053	0.969
SLC25A6	UQCRC1	9606.ENSP00000370808	9606.ENSP00000203407	0	0	0	0	0.370	0.342	0	0.296	0.683
SLC25A6	TIMM10	9606.ENSP00000370808	9606.ENSP00000257245	0	0	0	0	0.067	0.278	0.900	0.309	0.947
SLC25A6	TSPO	9606.ENSP00000370808	9606.ENSP00000379563	0	0	0	0	0.152	0	0.900	0.418	0.946
SOD2	UQCRC1	9606.ENSP00000446252	9606.ENSP00000203407	0.041	0	0	0	0.190	0	0	0.497	0.575
SOD2	TPI1	9606.ENSP00000446252	9606.ENSP00000229270	0.120	0	0	0	0.158	0.207	0	0.470	0.647
SOD2	SUCLG1	9606.ENSP00000446252	9606.ENSP00000377446	0	0	0	0	0.710	0.182	0	0.396	0.844
SOD2	TKT	9606.ENSP00000446252	9606.ENSP00000391481	0.057	0	0	0	0.198	0.187	0	0.254	0.480
SOD2	SQOR	9606.ENSP00000446252	9606.ENSP00000456019	0.070	0	0	0	0.152	0.166	0	0.223	0.421
SOD2	SUCLA2	9606.ENSP00000446252	9606.ENSP00000494360	0	0	0	0	0.142	0.187	0	0.249	0.431
SUCLA2	UQCRC1	9606.ENSP00000494360	9606.ENSP00000203407	0	0	0	0	0.234	0.092	0	0.288	0.462
SUCLA2	TPI1	9606.ENSP00000494360	9606.ENSP00000229270	0.089	0	0	0	0.073	0.117	0	0.477	0.558
SUCLA2	TK2	9606.ENSP00000494360	9606.ENSP00000299697	0	0	0	0	0.067	0.073	0	0.668	0.687
SUCLA2	TYMS	9606.ENSP00000494360	9606.ENSP00000315644	0	0	0	0	0.044	0	0	0.435	0.436
SUCLA2	TALDO1	9606.ENSP00000494360	9606.ENSP00000321259	0.087	0	0	0	0.119	0	0	0.374	0.453
SUCLA2	UPP1	9606.ENSP00000494360	9606.ENSP00000330032	0	0	0	0	0	0	0	0.423	0.422
SUCLA2	SUCLG1	9606.ENSP00000494360	9606.ENSP00000377446	0.115	0.900	0.534	0	0.814	0.995	0.979	0.990	0.999
SUCLA2	SUCLG2	9606.ENSP00000494360	9606.ENSP00000419325	0	0	0.077	0.927	0.129	0.162	0.900	0.104	0.928
SUCLG1	UQCRC1	9606.ENSP00000377446	9606.ENSP00000203407	0	0	0	0	0.304	0.091	0	0.210	0.457
SUCLG1	TPI1	9606.ENSP00000377446	9606.ENSP00000229270	0.059	0	0	0	0.156	0.071	0	0.505	0.586
SUCLG1	TK2	9606.ENSP00000377446	9606.ENSP00000299697	0	0	0	0	0.140	0.091	0	0.381	0.474
SUCLG1	TALDO1	9606.ENSP00000377446	9606.ENSP00000321259	0.108	0	0	0	0.148	0	0	0.407	0.510
SUCLG1	TKT	9606.ENSP00000377446	9606.ENSP00000391481	0	0	0	0	0.127	0	0	0.390	0.445
SUCLG1	SUCLG2	9606.ENSP00000377446	9606.ENSP00000419325	0.115	0.900	0.535	0	0.850	0.964	0.967	0.996	0.999
SUCLG2	TPI1	9606.ENSP00000419325	9606.ENSP00000229270	0.089	0	0	0	0.069	0.208	0	0.416	0.556
SUCLG2	TALDO1	9606.ENSP00000419325	9606.ENSP00000321259	0.087	0	0	0	0.122	0	0	0.410	0.486
TALDO1	UQCRC1	9606.ENSP00000321259	9606.ENSP00000203407	0.108	0	0	0	0.164	0	0	0.269	0.407
TALDO1	TPI1	9606.ENSP00000321259	9606.ENSP00000229270	0.119	0	0	0	0.392	0.135	0.960	0.760	0.994
TALDO1	UGP2	9606.ENSP00000321259	9606.ENSP00000338703	0	0	0	0	0.123	0	0	0.440	0.488
TALDO1	TKT	9606.ENSP00000321259	9606.ENSP00000391481	0.115	0	0	0	0.829	0.416	0.965	0.943	0.999
TCIRG1	TMEM199	9606.ENSP00000265686	9606.ENSP00000292114	0	0	0	0	0	0.453	0.540	0.579	0.885
TIMM10	UQCRC1	9606.ENSP00000257245	9606.ENSP00000203407	0	0	0	0	0.130	0	0	0.385	0.442
TK1	TPI1	9606.ENSP00000468425	9606.ENSP00000229270	0.150	0	0	0	0.140	0	0	0.417	0.537
TK1	TK2	9606.ENSP00000468425	9606.ENSP00000299697	0.042	0	0	0	0.296	0	0.194	0.938	0.961
TK1	TYMS	9606.ENSP00000468425	9606.ENSP00000315644	0.075	0	0	0	0.710	0	0.809	0.854	0.991
TK1	UPP1	9606.ENSP00000468425	9606.ENSP00000330032	0	0	0	0	0.044	0	0	0.507	0.509
TK2	UQCRC1	9606.ENSP00000299697	9606.ENSP00000203407	0	0	0	0	0.140	0.281	0.134	0.081	0.442
TK2	UPP1	9606.ENSP00000299697	9606.ENSP00000330032	0	0	0	0	0	0	0.900	0.503	0.948
TK2	TYMS	9606.ENSP00000299697	9606.ENSP00000315644	0.070	0	0	0	0.154	0	0.948	0.875	0.994
TKFC	TPI1	9606.ENSP00000378360	9606.ENSP00000229270	0.231	0	0	0	0.074	0	0.980	0.545	0.992
TKFC	TKT	9606.ENSP00000378360	9606.ENSP00000391481	0.061	0	0	0	0.081	0	0.283	0.273	0.490
TKT	TPI1	9606.ENSP00000391481	9606.ENSP00000229270	0.114	0	0	0	0.341	0.339	0.800	0.781	0.980
TKT	UGP2	9606.ENSP00000391481	9606.ENSP00000338703	0	0	0	0	0.125	0	0	0.452	0.500
TM9SF2	UGP2	9606.ENSP00000493515	9606.ENSP00000338703	0	0	0	0	0.099	0	0	0.425	0.460
TPI1	UQCRC1	9606.ENSP00000229270	9606.ENSP00000203407	0.098	0	0	0	0.251	0	0	0.395	0.556
TPI1	UPP1	9606.ENSP00000229270	9606.ENSP00000330032	0	0	0	0	0.044	0	0	0.438	0.440
TPI1	UGP2	9606.ENSP00000229270	9606.ENSP00000338703	0	0	0	0	0.106	0.071	0	0.574	0.616
TPI1	TYMS	9606.ENSP00000229270	9606.ENSP00000315644	0	0	0	0	0.446	0	0	0.571	0.752
TYMS	UPP1	9606.ENSP00000315644	9606.ENSP00000330032	0	0	0	0	0	0	0	0.747	0.747
